Id,target
0,0.0028246282890354705
1,0.12518027486498678
2,0.027880430686677504
3,0.0135005326158422
4,0.06861933122093296
5,0.03215604701593614
6,0.005619354817530942
7,0.029558457548495627
8,0.0
9,0.1137645246453764
10,0.10037321961446
11,0.014462428149002454
12,0.02128488967395479
13,0.0738683547990338
14,0.019302631460626236
15,0.07426372365792049
16,0.013394030299155549
17,0.01199909118224313
18,0.08854903357430942
19,0.0187299952248948
20,0.10247590806317523
21,0.03955390282858876
22,0.09319875708066472
23,0.020312751034214767
24,0.0030095431119744258
25,0.019684035011140376
26,0.005249253984242027
27,0.016407994049003175
28,0.05829284155863647
29,0.044356394495625034
30,0.014492067940085474
31,0.029960681450779757
32,0.014455784928482337
33,0.08449450411749483
34,0.03826698028819669
35,0.11566500452451256
36,0.011792231060092603
37,0.004933155452638927
38,0.004479229317335194
39,0.0601572252171684
40,0.017221979985879477
41,0.016428270136974742
42,0.016335601856184642
43,0.0039610816697189175
44,0.013351866017619611
45,0.018187081453936157
46,0.04600775389642584
47,0.01083284597644017
48,0.016179257217530774
49,0.008060000830429117
50,0.04069076436256765
51,0.010315534820793788
52,0.020966163075058417
53,0.01795139898063593
54,0.006920545826451354
55,0.10552796346807063
56,0.11385334879377085
57,0.09295336682129061
58,0.024163762957612515
59,0.007981847770171274
60,0.0031463488583149232
61,0.016346774500107693
62,0.039431979438904315
63,0.006532348100446391
64,0.0022513139883596793
65,0.019848851014843072
66,0.01435542099217008
67,0.004238683176812926
68,0.13050157682465888
69,0.009048362498345185
70,0.36380492994251834
71,0.009628318273839476
72,0.03349511862011289
73,0.0721930568239106
74,0.0337638638456415
75,0.025056012827278387
76,0.002737574948251795
77,0.01846338796369917
78,0.052615413394402524
79,0.051445318099692106
80,0.07221764195288563
81,0.006162575049046685
82,0.02422827033708221
83,0.013798678912740132
84,0.011753037252960952
85,0.01851253864985652
86,0.039444178828788964
87,0.011882862325344795
88,0.030524309889142908
89,0.006916685214136704
90,0.021055311599069683
91,0.00970202863406889
92,0.13079199930714108
93,0.8000598420928365
94,0.0419500328764634
95,0.06845426456192824
96,0.010478961913342091
97,0.003454866775074338
98,0.060311480438014195
99,0.009762099346546467
100,0.02548489327161143
101,0.15783512225597426
102,0.06488923777126292
103,0.015186886538116347
104,0.16511020164587803
105,0.010093114177088377
106,0.0048563626258601
107,0.006763359921055809
108,0.011550988138916477
109,0.31936455605632436
110,0.24292841466781964
111,0.004002094944308183
112,0.015334120846669073
113,0.10121892731458981
114,0.004961481608129992
115,0.02556062449040818
116,0.024585063562474283
117,0.028733536156082654
118,0.006032686502944807
119,0.012076199610927842
120,0.10526547226688532
121,0.010190655682674743
122,0.00801379222609563
123,0.030485799685166234
124,0.12382960255578994
125,0.01468759744759557
126,0.011727037929230476
127,0.004682824354298094
128,0.004873387087212222
129,0.015127530592912521
130,0.0054282324451065895
131,0.05156802959737381
132,0.05321256843674578
133,0.01179210365337541
134,0.021042656177503845
135,0.05852995945119286
136,0.0031406464078482374
137,0.0077961042334448475
138,0.008875603387656307
139,0.003986958279961372
140,0.004509329659364396
141,0.02865511835256858
142,0.03170282279652895
143,0.049591827155803216
144,0.06050829539551194
145,0.04910610897270775
146,0.0739143485566223
147,0.023771033459755835
148,0.009590516411067321
149,0.1938544196773232
150,0.03815137508918397
151,0.07964761321092702
152,0.02692623910551651
153,0.010750820182203752
154,0.009491522701104258
155,0.0047248979864427595
156,0.05678103404875028
157,0.06939059322490974
158,0.009357013518346767
159,0.02747495803757988
160,0.00674497518182146
161,0.012210200782379887
162,0.127052229456675
163,0.009660966247760422
164,0.22819953372696736
165,0.012335108425077158
166,0.18672201906288688
167,0.07163315909797693
168,0.056945471925525376
169,0.01269981384886872
170,0.07142321153372774
171,0.06173584424457925
172,0.022186605351442297
173,0.02638932220047138
174,0.00885990063640637
175,0.05391493989785269
176,0.01913932347424269
177,0.03190245888928925
178,0.007144862487033872
179,0.011340901023542379
180,0.004298535173350221
181,0.007575674046377447
182,0.008483063377214634
183,0.054418873085404024
184,0.003666801562736144
185,0.009296367212370675
186,0.020301968491258208
187,0.09292154587588701
188,0.09853535310428935
189,0.023763172038625904
190,0.015809498985865485
191,0.026176402426179274
192,0.03479403529034959
193,0.0248615620514513
194,0.010171973896786745
195,0.03370674792433567
196,0.01704893903047827
197,0.0167314344109373
198,0.08613983009165095
199,0.011709957420586965
200,0.08135975434974006
201,0.38148232441584756
202,0.05996285836703481
203,0.005826925791311646
204,0.33153286913138025
205,0.03527200763724474
206,0.48297318422966934
207,0.0036564991744978065
208,0.07731284358886266
209,0.00733140817864335
210,0.023023500771080216
211,0.013106904054253434
212,0.01022492861849265
213,0.007725562484269381
214,0.16459062934856167
215,0.47711052346991795
216,0.024163257760433716
217,0.018469633995525352
218,0.07330736986274981
219,0.019333851189853018
220,0.008218111274012764
221,0.03262006943170315
222,0.10112011351804458
223,0.024605018991687006
224,0.014691794204098623
225,0.0022546555242112577
226,0.012638740310578142
227,0.003943168547014717
228,0.06834196078799287
229,0.020741888817850673
230,0.01575054239121414
231,0.06292392998467658
232,0.03596038305648072
233,0.06957825328228509
234,0.004251386356574272
235,0.005956288182015325
236,0.020520782550585957
237,0.017730471453931508
238,0.030756106867869774
239,0.07722759330455015
240,0.01420558211253306
241,0.02084671729686986
242,0.0582154243938953
243,0.09297448886405117
244,0.008590436126224925
245,0.01156844659784334
246,0.009190754013738561
247,0.009746838432509359
248,0.015131694185201125
249,0.031224222349363527
250,0.03126518601353405
251,0.0067442421617443
252,0.01931287716452917
253,0.012814848429182563
254,0.010674051861397096
255,0.021183721920596955
256,0.03675902637200695
257,0.004476952222268426
258,0.01582053635018298
259,0.17511966483989413
260,0.014472117139983311
261,0.03318000126143176
262,0.038020312250659424
263,0.04053132193614612
264,0.04988352063502735
265,0.08263429605880954
266,0.06119914285723419
267,0.062438111667410756
268,0.014025805230775281
269,0.01860579352308763
270,0.27067656929736267
271,0.011190762781828456
272,0.020946332980123713
273,0.01005705056750813
274,0.005970578180141956
275,0.02317399414022951
276,0.010955962813716646
277,0.006080065659672786
278,0.0046271435337651105
279,0.1475958171561056
280,0.009833539258463843
281,0.006022870434541264
282,0.031973896895639016
283,0.047257003471054104
284,0.020199434993714894
285,0.07079336040770658
286,0.013676449480430898
287,0.05697133522658725
288,0.013804401931406182
289,0.008032827821279051
290,0.02701728396060181
291,0.14265957266729204
292,0.01169647986228536
293,0.018859710886370652
294,0.01007161329848371
295,0.052711685501470894
296,0.1167157437073529
297,0.06930068228824185
298,0.08681367689540413
299,0.008072231381724037
300,0.07640471455737034
301,0.013286447188192831
302,0.061007393006103555
303,0.005978267516752032
304,0.019672468830576037
305,0.02034517491764244
306,0.09080585054666375
307,0.0883568630257554
308,0.00794739786668897
309,0.006980313151231061
310,0.13196960688739215
311,0.031639937047831676
312,0.003621339741441947
313,0.0966624164355998
314,0.025024969435919777
315,0.004924439474201881
316,0.06573059495787557
317,0.01631557015839143
318,0.013617664043401222
319,0.004541831712389505
320,0.00966702487890345
321,0.2591961751887851
322,0.03015389936115732
323,0.002736044153739344
324,0.028736035821644367
325,0.0830456824593725
326,0.3395360301787958
327,0.008158831652805357
328,0.003970263720553796
329,0.031540612843037476
330,0.004762354081759832
331,0.060512197828896795
332,0.01603420548150927
333,0.06246359198441352
334,0.031212693573814405
335,0.00738474428789441
336,0.01837586265291027
337,0.019368085020608695
338,0.003753240828117484
339,0.02697560666416077
340,0.04774413525769313
341,0.018331806327463243
342,0.009766338957010344
343,0.02103374413431806
344,0.07901501048856738
345,0.045977269608806964
346,0.01753540820224869
347,0.00692577708286943
348,0.006962373042651101
349,0.005765689376197868
350,0.0072551472086436145
351,0.00677522829958254
352,0.00956638093695685
353,0.07949012478077512
354,0.013785290038061983
355,0.09731123940449031
356,0.11486862179670644
357,0.09267320070783135
358,0.01877472308990621
359,0.01720024876123296
360,0.053081047815304296
361,0.022694976820547365
362,0.017324506810248917
363,0.008265324461412357
364,0.012721493091243785
365,0.009756297317922786
366,0.05025871502472495
367,0.0658645929055149
368,0.009728815145887908
369,0.0016977548069503697
370,0.1256523485740509
371,0.03324127038975604
372,0.00932684197000701
373,0.01945605378857064
374,0.08637889425897324
375,0.022221615065039776
376,0.15589500448744248
377,0.020521755205024757
378,0.016958568061924684
379,0.002937930103605346
380,0.007499987991938776
381,0.00397284320910396
382,0.03507163434603042
383,0.013654691961923253
384,0.0036007280250537023
385,0.07680174059785652
386,0.025171319027779634
387,0.023582451779369778
388,0.02796864155240404
389,0.031439441809411
390,0.06747814221395139
391,0.054425422544892875
392,0.09527604601798728
393,0.008612567731324593
394,0.013711678262080411
395,0.013370179446426014
396,0.07695818831398213
397,0.014627966780450148
398,0.025290876467185003
399,0.02758677555323264
400,0.004383521202691288
401,0.05996035752531166
402,0.04422140132925243
403,0.01556065108549559
404,0.004354775076220984
405,0.23691944198712303
406,0.015465596060409786
407,0.02337551449823417
408,0.008738766796314247
409,0.014761285680771874
410,0.00902248380606176
411,0.04159391152941338
412,0.032173108655169466
413,0.034991581025472306
414,0.07421138162387753
415,0.02521375490230449
416,0.009313401225165652
417,0.021684171517026552
418,0.008995148205518855
419,0.026949487557473114
420,0.020565566519910424
421,0.17127284940761553
422,0.005155782689062776
423,0.012582683907612685
424,0.01419899095553789
425,0.1067091866798417
426,0.026424582910352188
427,0.017172662713550148
428,0.024622205888463904
429,0.0024995026310238155
430,0.008231175803059801
431,0.015624601207320477
432,0.13618749769478442
433,0.009917271725306655
434,0.0018476862152001137
435,0.043855276712092786
436,0.02490592698318989
437,0.010232606194069698
438,0.004116260572077346
439,0.06523456381259501
440,0.010194518581845328
441,0.005703695036005967
442,0.011907410280819989
443,0.02151336365112703
444,0.03818126218155281
445,0.043125284439577374
446,0.03034863410809741
447,0.02323850256963185
448,0.018854971451960013
449,0.03285229526549894
450,0.014572986244119299
451,0.017953400106662215
452,0.02526430658115807
453,0.050809687981055826
454,0.010806890109725346
455,0.015297695170913546
456,0.03842858606159968
457,0.08240672271368767
458,0.06720646813193284
459,0.0638327936248364
460,0.012079602770918536
461,0.016749396815630025
462,0.06441706482840338
463,0.00783778536166937
464,0.025831425510366067
465,0.03268668313612569
466,0.00810738877109113
467,0.24610522173281352
468,0.010788751244072765
469,0.01530208882062912
470,0.026624704451558016
471,0.06035774356129238
472,0.010635144743226086
473,0.11073090570451462
474,0.011310048839509488
475,0.04318418052734197
476,0.03692557741753778
477,0.007286665354793764
478,0.013486676144960253
479,0.26203437843772587
480,0.07582651625050586
481,0.03279986319063713
482,0.018604640684209202
483,0.11458326042264591
484,0.004724646139026524
485,0.04528951989479693
486,0.010994571954296498
487,0.01600293963057938
488,0.023486942151188617
489,0.07458689598717615
490,0.009550774837997326
491,0.03713725630703809
492,0.0045444227106760824
493,0.010894678693442638
494,0.021424569676894326
495,0.032481427206054334
496,0.0048814654731810835
497,0.17707195806854656
498,0.012990884517151283
499,0.07835257000754706
500,0.0653496211589633
501,0.012364211028784844
502,0.021698936978202306
503,0.05818357259058823
504,0.23495002798288647
505,0.12847745515822873
506,0.008448023767375652
507,0.014241175382890759
508,0.008564656852351471
509,0.023577280241884428
510,0.04610866833304545
511,0.03485987057233622
512,0.036818170405841025
513,0.024697457797271623
514,0.013262179866984088
515,0.03064055066296567
516,0.06785333135205983
517,0.08244404445716078
518,0.06219108228499837
519,0.06409065804165384
520,0.029399755108540968
521,0.006809381475464771
522,0.006597425885839675
523,0.1055553167706241
524,0.0034074927694806357
525,0.009429449662382076
526,0.22702256386741979
527,0.16986178152859696
528,0.02267000842196633
529,0.00242403278916314
530,0.031006176981590236
531,0.01677347631416713
532,0.1033384962730886
533,0.03112574735126441
534,0.05308814476282993
535,0.10521980378211442
536,0.5017474500656097
537,0.021888654580072504
538,0.010394965986266682
539,0.020029582562533465
540,0.015881935041829554
541,0.01267912720440339
542,0.006251404027132057
543,0.0035911310085428197
544,0.08211945714937437
545,0.06064346291287472
546,0.017856376132453645
547,0.08055509139825616
548,0.03354167107936725
549,0.018933207400060856
550,0.006427435321495568
551,0.020434807485918898
552,0.08251466539187165
553,0.014409445972164732
554,0.010959731511465818
555,0.00747112925691985
556,0.0107373047535503
557,0.25516946691971937
558,0.029098990559339448
559,0.004984813360837381
560,0.07473776179051925
561,0.014980935402040905
562,0.01951610583525901
563,0.00518429652035933
564,0.01059456569060709
565,0.013895776363576863
566,0.022330133678349597
567,0.014140431075460671
568,0.07759109067335006
569,0.07288595616815319
570,0.13701184092489369
571,0.01830969979118287
572,0.13394353459006073
573,0.007784073344929594
574,0.002442414026408432
575,0.008310263540941795
576,0.04352955833008387
577,0.00882717656656152
578,0.007370419218607437
579,0.016664187410952647
580,0.010363745496668405
581,0.009296394077661219
582,0.05211091095728465
583,0.04168828409009159
584,0.051496235529304296
585,0.20772734005575771
586,0.05934958796311355
587,0.009816295784983864
588,0.026285752747892355
589,0.010923460220984886
590,0.014424827590347113
591,0.0043090577613030465
592,0.01878899910893706
593,0.11678550696895194
594,0.0030591725526349324
595,0.06801581907348293
596,0.047917568872356806
597,0.0710510046906828
598,0.013395610643494689
599,0.04814391897035286
600,0.03340213104382945
601,0.014171542370128106
602,0.044276315272687904
603,0.005749401735980171
604,0.016708041764873165
605,0.03652055041110287
606,0.012701526985952618
607,0.18375433895324692
608,0.008574491650497644
609,0.004429347717769377
610,0.014061687479185446
611,0.01258467283455135
612,0.010439482385326021
613,0.007884642348882247
614,0.009301529756878552
615,0.013353714278637574
616,0.06662587047318955
617,0.024160828660007946
618,0.01917662644229413
619,0.020800629808134175
620,0.02018553081070191
621,0.06039531408492589
622,0.035299873709099455
623,0.013829513387833208
624,0.02765761939777874
625,0.005099927837698368
626,0.09059528422797114
627,0.020162845895749616
628,0.02108414864979902
629,0.03371065305594216
630,0.004762380626752043
631,0.02622673955227469
632,0.021771013620078935
633,0.05025449611301219
634,0.09836230885518932
635,0.051878765826882285
636,0.07082662675279901
637,0.09664159025305444
638,0.14919438878629132
639,0.2549936424840321
640,0.07976567460611009
641,0.021183117134733868
642,0.024863939046639878
643,0.017907354899601005
644,0.004484102465593462
645,0.04782749386462336
646,0.013865361426053997
647,0.03075304122253167
648,0.011308178599950083
649,0.017342657034387164
650,0.028550387804992593
651,0.0072175017501006945
652,0.009072873476771354
653,0.007534230879809975
654,0.012196581778097574
655,0.003669246179680564
656,0.17114539569441978
657,0.013668588634988177
658,0.1453029855024824
659,0.01320805510861069
660,0.008406137429994832
661,0.003944867912505174
662,0.23545709622768693
663,0.009064086124096133
664,0.04019492120254608
665,0.012022170491705954
666,0.03127385958268109
667,0.006912696326676854
668,0.014186618137600533
669,0.011095598495386078
670,0.02274130440104788
671,0.005916943053265532
672,0.030648692181882018
673,0.021900291591240347
674,0.016675655045311166
675,0.07468265874575558
676,0.06572130890446108
677,0.011045854682355073
678,0.0902237625755712
679,0.01734022718586594
680,0.35477792032549116
681,0.1958385156862261
682,0.02189997357091324
683,0.005287711290011332
684,0.14249553619510053
685,0.011206571392380587
686,0.01169385281322631
687,0.0056025365977210966
688,0.014485296818517242
689,0.007764566485202059
690,0.08676020046557176
691,0.014407053411495304
692,0.0016556948061369463
693,0.017816915712835137
694,0.12921744428911927
695,0.0009188498236739358
696,0.008267567710546458
697,0.011474046975163505
698,0.0061697430018811256
699,0.009657403395330959
700,0.006659087422179614
701,0.07267176167896133
702,0.03509182777286435
703,0.013625947943513387
704,0.005829183225699942
705,0.01235277971485362
706,0.005642643681420838
707,0.04283748542947151
708,0.010991752591497915
709,0.0553129888938692
710,0.014679753837716551
711,0.005433995028183132
712,0.04783430356581266
713,0.041142814137685446
714,0.19711321513058092
715,0.012731507626889993
716,0.05710501059109938
717,0.013004578106845613
718,0.03078038318104288
719,0.023323376430915407
720,0.06195167290034046
721,0.02219167537226545
722,0.0107587300952932
723,0.005148492189009616
724,0.1095748579691341
725,0.11833486209752035
726,0.1327793473377757
727,0.029836105223745094
728,0.021426880581229088
729,0.005009248425597482
730,0.01643212753172361
731,0.032054631396873486
732,0.012474814308694534
733,0.01778938483171628
734,0.005945583074141881
735,0.040865176114663095
736,0.026855713483316477
737,0.04249618476533373
738,0.027039843532127687
739,0.012988738432517206
740,0.008023739831243763
741,0.025969117779504173
742,0.0005602535988476343
743,0.006471106835100199
744,0.013351918005699485
745,0.029524748110136532
746,0.06938544709872853
747,0.005910589163677192
748,0.0109559351745997
749,0.010540487652535548
750,0.039271356275123605
751,0.01459265060354817
752,0.0732521423015145
753,0.00783248485289286
754,0.01462162890782935
755,0.024387828395046104
756,0.0092666750347179
757,0.012777253112839313
758,0.055611457800472865
759,0.005100879847647036
760,0.009289843340666465
761,0.00800160894778871
762,0.043861904325975254
763,0.04096297092601297
764,0.025369438341850174
765,0.0069716465534738654
766,0.19289322159496708
767,0.010432895864757109
768,0.02119063200261193
769,0.008673695154610087
770,0.15101041375919858
771,0.02461581263841624
772,0.061110957605817084
773,0.006949913219123965
774,0.16676625400433667
775,0.016271473723054913
776,0.03576884010523606
777,0.01637651185054836
778,0.006070676373257599
779,0.11825043232256247
780,0.14800315291578933
781,0.032482228211540315
782,0.005580167721465982
783,0.06412348821445223
784,0.16120743108841637
785,0.021995394793814283
786,0.01075258808558094
787,0.017722945374134443
788,0.015324769807404243
789,0.012287798884173699
790,0.005689198946015146
791,0.01422632459182173
792,0.004917133801970661
793,0.04631482076591148
794,0.0356619868295465
795,0.010655084042525896
796,0.021063926561932796
797,0.01158528991733521
798,0.04947215934498507
799,0.10364689048573165
800,0.005326042197378883
801,0.05285588618161079
802,0.12751601457878425
803,0.00942546233346526
804,0.004350752863405936
805,0.008329433874088386
806,0.09875804161893469
807,0.07934458408063325
808,0.0076612580119559725
809,0.0018121792728146016
810,0.06107872973988999
811,0.004475254005171731
812,0.036315480976309544
813,0.0075828923904838605
814,0.11876505109004808
815,0.030042188804663607
816,0.014591970686675535
817,0.02559037563741533
818,0.013639735697121113
819,0.023971029684732612
820,0.010326578341833493
821,0.05008598465334796
822,0.0345169027710368
823,0.01142458749567855
824,0.040671033096802575
825,0.01974468210388806
826,0.01313195635349294
827,0.07001296223747146
828,0.013884047790885368
829,0.1302946563874944
830,0.006714249678865808
831,0.006659224028180506
832,0.11264982169751714
833,0.00776641988533885
834,0.029696653927675676
835,0.07271208375222234
836,0.048240232055101175
837,0.011718277774102937
838,0.005614145695467681
839,0.0037426590312181307
840,0.011808463186448973
841,0.038474531191390486
842,0.061880521055420606
843,0.025181381902685204
844,0.035656092666080115
845,0.00621781791962438
846,0.046653540329561094
847,0.03163094927994284
848,0.032269065623654974
849,0.021986708438227292
850,0.008912739266536998
851,0.008157750383411273
852,0.009835898096324677
853,0.016900948647797218
854,0.031114823657661057
855,0.042194660363720035
856,0.37490505979231203
857,0.012760032148352266
858,0.004756044391004674
859,0.0036540978601577075
860,0.01539579512928509
861,0.04744997066286761
862,0.02502741972596467
863,0.0717668191128071
864,0.12014318990165536
865,0.025713363463537885
866,0.03881175045749813
867,0.004507912051629989
868,0.02851651672458436
869,0.06473681446279203
870,0.003809754315545494
871,0.028989706190833405
872,0.025045656878818146
873,0.013903452263480514
874,0.01076544688527608
875,0.08285349994516734
876,0.06260390308222365
877,0.014431853864144705
878,0.015398127646243653
879,0.4396914666035563
880,0.014331117136385466
881,0.1111404291335902
882,0.06444148706920029
883,0.01283853538366467
884,0.025824818887618537
885,0.0050731405215486605
886,0.015546037621305377
887,0.014830992549520703
888,0.02023546382382371
889,0.01674313827673376
890,0.0398724563475306
891,0.0572940034417169
892,0.010843285967841267
893,0.010211828197346742
894,0.12926559709844435
895,0.011299013155597979
896,0.008639825733391346
897,0.004931821133373563
898,0.02228649238484336
899,0.015502599716247479
900,0.13260645141173288
901,0.04504698637314843
902,0.023823360829823042
903,0.008029074656506147
904,0.0062120226864110055
905,0.0033657237089220427
906,0.0448372102267334
907,0.0231939611556229
908,0.01807649251213716
909,0.011660018196829908
910,0.030962574188452923
911,0.020290163776411508
912,0.0072509255960441195
913,0.030242772485334503
914,0.002906592639794617
915,0.024453951112682032
916,0.0376913275900961
917,0.019314537195134415
918,0.01926795143007072
919,0.012007783156074647
920,0.009443368522337655
921,0.004665008771172406
922,0.004483068989759443
923,0.0023591027115212513
924,0.008932761732561627
925,0.019101213731704623
926,0.27451046237393256
927,0.0032612710042522566
928,0.0299215637972768
929,0.06960966497406872
930,0.012404159712062065
931,0.020877124552659138
932,0.02249173443236153
933,0.06581535350604133
934,0.014747204743154592
935,0.012506529799691848
936,0.005818286064969726
937,0.01596810710434208
938,0.029056781071412845
939,0.037687865714801316
940,0.004929349195878959
941,0.008861162225089333
942,0.033076577491463255
943,0.01344202908126475
944,0.01042571664741428
945,0.16609779893415114
946,0.007897482657359397
947,0.06023711835927478
948,0.027709987119402618
949,0.011671692863185422
950,0.006948409870694733
951,0.06438171938828746
952,0.03733600604952191
953,0.02835450279848436
954,0.1335478676113907
955,0.02002128074548617
956,0.010188232268656278
957,0.0990960667097794
958,0.13005272518908845
959,0.019931225827584803
960,0.057734270132719145
961,0.0022528916777620855
962,0.07124236114274096
963,0.017548881650115835
964,0.0423834986604462
965,0.007564498907739475
966,0.02911963051061902
967,0.022302984021332805
968,0.017323038877878845
969,0.07266738513419921
970,0.04457516303337584
971,0.0011300065435211263
972,0.033529771513607684
973,0.12701952696507898
974,0.10567979614700121
975,0.08687308346033357
976,0.032233467800593836
977,0.033023024710087286
978,0.021320802715470752
979,0.0023686101846274316
980,0.012302214721234866
981,0.013448019520972455
982,0.01962150085769027
983,0.01098520826435101
984,0.011290660032900255
985,0.035660925633445785
986,0.09868800606321156
987,0.008786469125829716
988,0.04048296539463247
989,0.03991190640333571
990,0.005051554228939712
991,0.006234338898425598
992,0.45377024891634604
993,0.018203651751507448
994,0.007164816766496741
995,0.017399623327882995
996,0.04697066930145128
997,0.004700308554300527
998,0.03438545634283088
999,0.2878741269409415
1000,0.04907501070197171
1001,0.14712687311288805
1002,0.012356640690930513
1003,0.03479231637150439
1004,0.023782908606665824
1005,0.04097382955277219
1006,0.04265665094470364
1007,0.15471099914474462
1008,0.018598898090921894
1009,0.0063718016426161225
1010,0.08479796055765702
1011,0.034338728151793854
1012,0.02362819646270548
1013,0.06761327469130882
1014,0.010540450705014229
1015,0.011278734552644437
1016,0.035209003621354165
1017,0.013789019520043497
1018,0.010508493302641512
1019,0.016077616272997915
1020,0.014318928604863152
1021,0.22704291274312155
1022,0.01037284417011085
1023,0.009122542322333416
1024,0.007531927725369176
1025,0.01435905031858793
1026,0.018833867540405985
1027,0.011611824219186145
1028,0.00961634311934636
1029,0.01820362228949462
1030,0.032770696670942054
1031,0.04547250991552322
1032,0.018020776378525425
1033,0.018054346858815223
1034,0.012105739434522693
1035,0.021538621117353985
1036,0.03973895666159122
1037,0.00604576858905711
1038,0.02308961769825466
1039,0.13192850229304307
1040,0.022224093893459876
1041,0.10346788080113518
1042,0.03140087745546757
1043,0.016603116948092193
1044,0.0942978345507388
1045,0.028531262283787124
1046,0.007043365528946515
1047,0.07556188449269623
1048,0.01684323974524394
1049,0.010720872299549909
1050,0.00569823754931818
1051,0.060352668081718526
1052,0.013381971544302686
1053,0.03908194200026224
1054,0.009941643066111124
1055,0.04404363221787936
1056,0.03692140552366453
1057,0.003828835765048423
1058,0.11783608496584705
1059,0.01893971858312864
1060,0.03875442858752274
1061,0.07445965928468207
1062,0.025579913108325986
1063,0.1623885902583386
1064,0.10501594032458575
1065,0.030578916479320775
1066,0.025586637373545818
1067,0.02824756085953265
1068,0.008501547240765375
1069,0.09792913321028265
1070,0.012775405419371735
1071,0.2930092960239765
1072,0.015978582471595747
1073,0.028209960363912552
1074,0.03336602294087388
1075,0.1008617903726929
1076,0.02780864440088768
1077,0.01104562267862752
1078,0.032710064188667724
1079,0.08887878988932267
1080,0.009422936874544579
1081,0.014261977611192002
1082,0.02188598356030723
1083,0.007558504676150269
1084,0.03487256489332493
1085,0.004626168353307073
1086,0.0728918043589534
1087,0.028202876683379962
1088,0.030285178220401884
1089,0.04418111012873763
1090,0.003536109370826257
1091,0.21459458413588284
1092,0.005875504858940036
1093,0.14626959383121324
1094,0.0033942450558528585
1095,0.028281988652204486
1096,0.05044416139880843
1097,0.02092138874125118
1098,0.015030637322474094
1099,0.021816364942965894
1100,0.11024945723879645
1101,0.009077133888545209
1102,0.0051751423372739065
1103,0.09267004095631821
1104,0.02973195974857321
1105,0.02203665604682424
1106,0.007273750298358647
1107,0.008805896708951365
1108,0.062205203537449995
1109,0.011405443465129901
1110,0.04077516535695482
1111,0.02969322479276045
1112,0.015978613448244243
1113,0.0044422404584948645
1114,0.008599626064798745
1115,0.0287982496826179
1116,0.01912149522808791
1117,0.005903399651695909
1118,0.037060434496072964
1119,0.03990480319830059
1120,0.011434907672617291
1121,0.010932896023073386
1122,0.029657585013623297
1123,0.14176990374482998
1124,0.12382590925839446
1125,0.03992383663336045
1126,0.020494008040858405
1127,0.015704296791168748
1128,0.03558789281624034
1129,0.020064173028076917
1130,0.08880114645395708
1131,0.017419830626220642
1132,0.01528386979306299
1133,0.49778752204463345
1134,0.016465249660924736
1135,0.11370178108515805
1136,0.010670867362280312
1137,0.06286261460211189
1138,0.03023681976309272
1139,0.009906255975642715
1140,0.022599251117266496
1141,0.2528786263505186
1142,0.009075111065963799
1143,0.04793811174709283
1144,0.10216247009735872
1145,0.026059603348534483
1146,0.03773457244167831
1147,0.025437690128066306
1148,0.0754255801368441
1149,0.2561720006327515
1150,0.01637033242546233
1151,0.016606314671891838
1152,0.015455575019329024
1153,0.07800340803759014
1154,0.004012090379710958
1155,0.1192835954748165
1156,0.007420076782152445
1157,0.07891788805306714
1158,0.013717233943380348
1159,0.06890807126677097
1160,0.008244268192707876
1161,0.027231446562722948
1162,0.01958283700849044
1163,0.046124089333709185
1164,0.01357809410687322
1165,0.1099463752742775
1166,0.005226977574662561
1167,0.05213582279834769
1168,0.07441745297562631
1169,0.009750096598562952
1170,0.019796339279390087
1171,0.060727051380800874
1172,0.026599212332057635
1173,0.009321558000084409
1174,0.10958478466911988
1175,0.028430540492771862
1176,0.00449828315387722
1177,0.016437064924925398
1178,0.01792387672940824
1179,0.055106764375911686
1180,0.027065884110502873
1181,0.010875436126375914
1182,0.015773368808236946
1183,0.00743678352532848
1184,0.012494824141609158
1185,0.06355052078692075
1186,0.03907682583899933
1187,0.029224546545572497
1188,0.0031543378755188793
1189,0.009147635893325692
1190,0.01966124339769263
1191,0.007327757121827327
1192,0.01434123247230217
1193,0.3023609063722249
1194,0.027466300168577675
1195,0.01122203148190719
1196,0.004059835728253524
1197,0.007009499384247599
1198,0.024491515744867777
1199,0.0011822416434299884
1200,0.04365622584896015
1201,0.017436706450153328
1202,0.01704097779609297
1203,0.0336668377329121
1204,0.020554273997380648
1205,0.013413522960808704
1206,0.006003116215266137
1207,0.023257166836559272
1208,0.005552741340193459
1209,0.023424498667503974
1210,0.10453481033871391
1211,0.03206681423903937
1212,0.10755602716493826
1213,0.013696647964185573
1214,0.012728325703882232
1215,0.02337627304702028
1216,0.014576627469846165
1217,0.07039969563604319
1218,0.010618925672459359
1219,0.021531158984262576
1220,0.005507676896455551
1221,0.0046759063744843034
1222,0.00872043581920439
1223,0.031107696609016366
1224,0.015761246487997812
1225,0.18539912366392133
1226,0.026696496876601826
1227,0.013073679870149
1228,0.02453217581376328
1229,0.006771391049513737
1230,0.11914878849633179
1231,0.034280261106396814
1232,0.0709551796932641
1233,0.07480042729511094
1234,0.0066405359566029665
1235,0.007947661686242129
1236,0.29340406019270426
1237,0.1868682257874611
1238,0.01457939417274485
1239,0.01514836127443509
1240,0.013144857991018844
1241,0.0140684608067823
1242,0.0065460736360981875
1243,0.21924508602645437
1244,0.00522367455935508
1245,0.12547915601092072
1246,0.07191054919363896
1247,0.056350314926077213
1248,0.012323310197152656
1249,0.0022820853676151064
1250,0.14584161357166842
1251,0.01004863177889418
1252,0.01796532519924244
1253,0.014167730415168394
1254,0.3277752914080431
1255,0.033475691278112465
1256,0.02170710491508841
1257,0.0022951181022653902
1258,0.011294645398778582
1259,0.007974599128863603
1260,0.01149740277786062
1261,0.18290258052897138
1262,0.007111935856466659
1263,0.004703525089110484
1264,0.016950994104400957
1265,0.006319838206853926
1266,0.02051983187100946
1267,0.00767632486197312
1268,0.013365537512488422
1269,0.013038686952529835
1270,0.02819595879297987
1271,0.031737363738692216
1272,0.012960263210355745
1273,0.03464365563931991
1274,0.004673487373315431
1275,0.09601757464857469
1276,0.007780863661767307
1277,0.00957063089184665
1278,0.0052242098010436624
1279,0.023696881015888915
1280,0.09840620451643384
1281,0.008849232069370628
1282,0.07651125499793211
1283,0.02595096148905158
1284,0.21070630441642013
1285,0.00901104911958548
1286,0.017490926297398558
1287,0.002968541280470193
1288,0.028646205884876326
1289,0.010743958527380873
1290,0.012369038503727245
1291,0.015396421007874535
1292,0.011524214663918043
1293,0.013787021595922643
1294,0.02043976438709425
1295,0.016283661959975142
1296,0.008466910453475925
1297,0.01689349963967995
1298,0.02318556416345814
1299,0.045010403421458525
1300,0.011605868085435844
1301,0.004242994573363166
1302,0.00757668681400318
1303,0.025760025669281168
1304,0.021296282381941208
1305,0.05765869818517479
1306,0.009760055936696165
1307,0.016414846167822534
1308,0.002566151064201938
1309,0.02731455264089399
1310,0.04218255727908213
1311,0.026308847415783668
1312,0.015638604337746522
1313,0.08127869542052525
1314,0.005531763602504316
1315,0.041743922956798386
1316,0.08427791767882546
1317,0.008520272758677921
1318,0.021449865829124833
1319,0.0017351950050986768
1320,0.017148511146271757
1321,0.015874899366853143
1322,0.0127694611348895
1323,0.008314956222403684
1324,0.02653794623242481
1325,0.029162841147385255
1326,0.007358769014468257
1327,0.02312556006205485
1328,0.03872809163269687
1329,0.018851990137682812
1330,0.0036777329824169316
1331,0.011198518465593455
1332,0.00916305776326086
1333,0.09367371101476432
1334,0.145464004156813
1335,0.006596777439274467
1336,0.01278075558402117
1337,0.0022408556530464437
1338,0.029771937175758396
1339,0.12668414933803165
1340,0.020779759318685236
1341,0.005933860605150297
1342,0.017144155254007625
1343,0.006536043952359022
1344,0.01041890718584994
1345,0.23949464461031875
1346,0.12227795572480384
1347,0.020149760494693348
1348,0.002216281249874217
1349,0.014845981459937216
1350,0.01516283272717424
1351,0.05700472009000041
1352,0.023545033255303275
1353,0.030390821795208477
1354,0.0039890915789011
1355,0.009576258059835792
1356,0.009083119255883293
1357,0.13820984522708107
1358,0.009813077490997467
1359,0.014152477718721959
1360,0.17928066252855676
1361,0.027129399927216025
1362,0.006769497601056153
1363,0.04607577790241078
1364,0.017944342058763645
1365,0.009682607337105267
1366,0.006641543928998817
1367,0.020248314343963868
1368,0.02382930640407054
1369,0.004790452185953875
1370,0.01510607889723155
1371,0.005073840980643911
1372,0.009408839985814349
1373,0.010625549256925913
1374,0.16210416518295506
1375,0.08348932115209103
1376,0.03562039376930439
1377,0.03547247757337226
1378,0.004549136519876157
1379,0.01841465498021991
1380,0.05351315300166264
1381,0.0031491760582637385
1382,0.05048592375286684
1383,0.002410617884573621
1384,0.0278227696041053
1385,0.029226457363584955
1386,0.031736181604779215
1387,0.023107970700309007
1388,0.007216783262217478
1389,0.04955779742431097
1390,0.010501942213399876
1391,0.02462379689031827
1392,0.015083272187080683
1393,0.03119328704695918
1394,0.04437567297098941
1395,0.02836480471476554
1396,0.007335790298384314
1397,0.059880308926739755
1398,0.06876409186047307
1399,0.0165969870822786
1400,0.00983284523489328
1401,0.043640376933620884
1402,0.055467777967725465
1403,0.007737695905258823
1404,0.015572785178081524
1405,0.04337417417858259
1406,0.018324339733085084
1407,0.06386736637871253
1408,0.0946813061387616
1409,0.018981676134490387
1410,0.03866439519392909
1411,0.007961183917755724
1412,0.01668370526987425
1413,0.1397455882647631
1414,0.008721197782126381
1415,0.2921715270994975
1416,0.02621481603552042
1417,0.015117131919244655
1418,0.03297721656894807
1419,0.05393620947105964
1420,0.14126612849674197
1421,0.006259524144545175
1422,0.1068252018937559
1423,0.09296733532550304
1424,0.01912603352084798
1425,0.04432316595762086
1426,0.010314616812390548
1427,0.07255403710021469
1428,0.014445913753036737
1429,0.008289030021753173
1430,0.08689275976711551
1431,0.03331190391725054
1432,0.16863411971350664
1433,0.04249243102439824
1434,0.010793080503674914
1435,0.016954320079498406
1436,0.005833355980536245
1437,0.14705853296071275
1438,0.02605595074149537
1439,0.025747465679748647
1440,0.007105893654619914
1441,0.010175894934138657
1442,0.27194695482782605
1443,0.011684322033878937
1444,0.008622853688638046
1445,0.18813006479602545
1446,0.014294444883990724
1447,0.01108940546105161
1448,0.010679010930610232
1449,0.02522956452571166
1450,0.010611933412794195
1451,0.019171532308657358
1452,0.0071552202316615765
1453,0.01398747480976371
1454,0.03764621746755556
1455,0.005479008715477561
1456,0.020572650731431857
1457,0.10710528892256864
1458,0.012896464046088293
1459,0.007749841888357212
1460,0.004525223358469222
1461,0.013101028186371539
1462,0.11902085999507485
1463,0.07000824064989265
1464,0.019940254372442137
1465,0.01716217951579065
1466,0.022594124339930802
1467,0.012786206988222571
1468,0.009092242934450368
1469,0.05443770346781306
1470,0.025155285269878754
1471,0.019030923728920842
1472,0.05230605777050136
1473,0.09780087071276793
1474,0.15873166760248356
1475,0.0074497932138831895
1476,0.12071507868007246
1477,0.008854862034080178
1478,0.07020970671030251
1479,0.013576325631719817
1480,0.004157686984311372
1481,0.0123340465383196
1482,0.01788171391371704
1483,0.057406661910340905
1484,0.008976752961579898
1485,0.16600477334885758
1486,0.018169459943112073
1487,0.03256807973348703
1488,0.011249976952215602
1489,0.13648792705071877
1490,0.03189691210070706
1491,0.010814824719185816
1492,0.04081707547752865
1493,0.047127342940539246
1494,0.008035769459692723
1495,0.013880747599947238
1496,0.012195510932551822
1497,0.42708788565274486
1498,0.09187663105633287
1499,0.024201098231399463
1500,0.0528066859362524
1501,0.025150863326621538
1502,0.079611863081271
1503,0.005233763272949495
1504,0.03689195485311581
1505,0.007455965972159895
1506,0.01289466387994957
1507,0.012308563296604116
1508,0.009389914625566594
1509,0.012562594581642057
1510,0.040624621222389336
1511,0.019011519227738978
1512,0.04953038157889911
1513,0.07480255514772818
1514,0.03577516537288226
1515,0.2738420789086156
1516,0.019798106370393583
1517,0.03443136550289843
1518,0.01778323663340594
1519,0.012597797425029793
1520,0.003967874893546811
1521,0.1474845877497493
1522,0.16318101522126213
1523,0.009791488098070488
1524,0.013217479525339955
1525,0.01834383697396352
1526,0.06640423487087488
1527,0.006477852506155238
1528,0.055106027879638225
1529,0.03924497812658506
1530,0.013560870661398803
1531,0.01138906043932441
1532,0.12246770640509438
1533,0.03193795522877524
1534,0.06447165458322958
1535,0.012147368923515029
1536,0.048982013768955376
1537,0.005155930251393348
1538,0.3631118746679129
1539,0.008518188951437161
1540,0.16077370343239974
1541,0.004967978887662251
1542,0.07224710081410385
1543,0.10052298198632262
1544,0.015277570416370288
1545,0.2308965935890352
1546,0.04495956904250367
1547,0.03370231372902225
1548,0.010102315932025426
1549,0.028505152029760058
1550,0.05099627644517682
1551,0.018275714780596957
1552,0.009514190561807835
1553,0.012069872196163909
1554,0.12393731503947919
1555,0.034566195667119604
1556,0.08201294991315083
1557,0.001531097897463184
1558,0.07445649561104824
1559,0.05321130519192722
1560,0.003289185229079542
1561,0.008076218880759968
1562,0.015857265622652075
1563,0.00522855820962227
1564,0.062289345815859674
1565,0.09658343991045142
1566,0.01157807028367501
1567,0.0142136067714394
1568,0.01670839460964787
1569,0.02127794115208425
1570,0.017448393844635177
1571,0.07529678656357039
1572,0.06751583094498191
1573,0.043940614547031916
1574,0.017036598082159828
1575,0.08226383433628658
1576,0.011684981330498088
1577,0.06997217255578875
1578,0.03050560844998609
1579,0.009585618630887765
1580,0.003169255089106644
1581,0.20612170623993195
1582,0.010261539638729889
1583,0.060544461008107286
1584,0.039969860267276704
1585,0.029827670812236237
1586,0.024061866354105007
1587,0.013303257127907071
1588,0.10216050084926243
1589,0.007599214974127383
1590,0.01629473400449009
1591,0.03419515191466991
1592,0.14085682503847524
1593,0.06387096441877754
1594,0.015083690585579793
1595,0.013160405841268447
1596,0.10643927900889401
1597,0.020930612481319943
1598,0.0711432457082901
1599,0.02396840483747242
1600,0.024490486918072735
1601,0.06213522220290763
1602,0.012924402277920584
1603,0.009997872626684667
1604,0.013526214774916931
1605,0.02182692890892901
1606,0.01621633797419807
1607,0.028872549252354912
1608,0.0059358691585119795
1609,0.006019233218756718
1610,0.010625477795202313
1611,0.044837003180989925
1612,0.01736430342633953
1613,0.007238826380009156
1614,0.1491089996021136
1615,0.10068987226747633
1616,0.008399440211833023
1617,0.016348485951448524
1618,0.10757719610383036
1619,0.021970529665855113
1620,0.06611252460757835
1621,0.004445181215521171
1622,0.08354766595330174
1623,0.026614477291396467
1624,0.019484341134310447
1625,0.03174252856964262
1626,0.1378825707903918
1627,0.004879829209035307
1628,0.1112095506184187
1629,0.018450326930669177
1630,0.09706011906320688
1631,0.00796673332488744
1632,0.06623122617022435
1633,0.013361384172348167
1634,0.010428120477331606
1635,0.02913648562405691
1636,0.0010342082140801106
1637,0.01732670727395626
1638,0.01656418920441418
1639,0.018291239304108482
1640,0.011407305109153165
1641,0.014240477294870886
1642,0.03439427359144749
1643,0.07198567655392989
1644,0.012447455316942507
1645,0.006901057441444014
1646,0.008313637174562809
1647,0.015383277987566345
1648,0.0028977872641092932
1649,0.09160009542840099
1650,0.028700293476905156
1651,0.05448164527933233
1652,0.06107135972646897
1653,0.0397538874251385
1654,0.04150635605675406
1655,0.05290797716320877
1656,0.007167136197825988
1657,0.006560086089502702
1658,0.009853738227144044
1659,0.013489083356888856
1660,0.0612488979054099
1661,0.016539375087579574
1662,0.12341173793217716
1663,0.025744219940241637
1664,0.010606336606257037
1665,0.006620635114245335
1666,0.026315539217323564
1667,0.011480731529921916
1668,0.02765153342201506
1669,0.03546425723949804
1670,0.004546151666523515
1671,0.012111176827603697
1672,0.0343357009624778
1673,0.011009620090925978
1674,0.03626696883887895
1675,0.017861435834586315
1676,0.07392854697174454
1677,0.07654152536972034
1678,0.012344910029530597
1679,0.024384518088984196
1680,0.18727443232721655
1681,0.01762585826638023
1682,0.002623758092922064
1683,0.03874230975888205
1684,0.052628610331280856
1685,0.004653003104117011
1686,0.017478755859413785
1687,0.02719178251768765
1688,0.00710297817294545
1689,0.05353695530785804
1690,0.018806816979333278
1691,0.017474178978971515
1692,0.09061390588832034
1693,0.08753344419299516
1694,0.019844401350000693
1695,0.013209690273922953
1696,0.01723879496674491
1697,0.06156624610979566
1698,0.023033613155911375
1699,0.0028186810213118594
1700,0.012805936078087655
1701,0.2748589042145171
1702,0.00820785679947348
1703,0.006408895367990044
1704,0.008242376687023057
1705,0.0106675983545384
1706,0.07384534859427117
1707,0.007960117136202642
1708,0.03848899307324292
1709,0.04608197102163112
1710,0.047936963952815374
1711,0.07022608606483684
1712,0.022998709522028586
1713,0.03148063932195275
1714,0.003015438310562411
1715,0.010867300285010114
1716,0.011948557895122272
1717,0.013520523100012937
1718,0.01916389293599356
1719,0.06571705432847297
1720,0.0913980406016624
1721,0.00928648234918735
1722,0.006678158435192323
1723,0.012454819145119655
1724,0.01245449718020136
1725,0.04835481629818484
1726,0.026090173038203334
1727,0.0171698902097944
1728,0.006634334590139577
1729,0.08831150250186542
1730,0.0013087449115934502
1731,0.012197841458312226
1732,0.0048711525194111505
1733,0.013673610446399294
1734,0.011475512702868012
1735,0.008158249120355388
1736,0.053209661507562456
1737,0.027519408507242712
1738,0.011994309878982999
1739,0.016433537464326894
1740,0.02614825204817472
1741,0.02487019475091255
1742,0.012684762540103435
1743,0.006438888990447718
1744,0.011075096500248719
1745,0.014583856592474928
1746,0.06406717476129217
1747,0.011823468513054484
1748,0.09788859900721403
1749,0.006893595665469385
1750,0.0261656034148467
1751,0.21828692906613126
1752,0.002826456778793997
1753,0.028510680889802437
1754,0.015593620057074986
1755,0.05682684769601609
1756,0.012066542330723252
1757,0.02414840023618912
1758,0.006006526347276301
1759,0.008153550566779895
1760,0.017131376166714916
1761,0.027704690321245125
1762,0.005204046482582625
1763,0.012926115792762238
1764,0.013136275435326333
1765,0.007151286947317283
1766,0.041853037970663705
1767,0.03446982417515397
1768,0.012954994115788848
1769,0.09539537528846422
1770,0.010047255591058433
1771,0.009672531260238967
1772,0.0035631977023756075
1773,0.06353054497778564
1774,0.0757332686091388
1775,0.014678449776184559
1776,0.019597517107821247
1777,0.013603101913979183
1778,0.04258354575344753
1779,0.0687780584691083
1780,0.01812056940873806
1781,0.015692246784852704
1782,0.011444295469969315
1783,0.010533640318882192
1784,0.09224556304706054
1785,0.07234885447985519
1786,0.00899228689930403
1787,0.03316145254349598
1788,0.006387501480706578
1789,0.005029585350438958
1790,0.01449122136671318
1791,0.03290090027575212
1792,0.06344182788450466
1793,0.008511293821885261
1794,0.009007142260628829
1795,0.06493188557537062
1796,0.010016342170616997
1797,0.019444767851149743
1798,0.01067221011628021
1799,0.0016095578925994583
1800,0.12662490709711693
1801,0.08468850411563579
1802,0.017133907901930583
1803,0.015949757627078988
1804,0.002826060834854389
1805,0.03220596154751204
1806,0.02264625361466353
1807,0.014243863943230442
1808,0.014823133619875731
1809,0.03362142280792484
1810,0.015537590813251767
1811,0.018436600239765562
1812,0.09534159247447564
1813,0.02390847874934622
1814,0.012688808854398928
1815,0.02443284727056466
1816,0.0913415978301848
1817,0.03059769951633148
1818,0.020916641778839
1819,0.010645751400040782
1820,0.055403344949678905
1821,0.05990520035676585
1822,0.14892110279873075
1823,0.22867425369696906
1824,0.039257630306139414
1825,0.01710860678242361
1826,0.01147101256818532
1827,0.03381302304098447
1828,0.015620039963899768
1829,0.021310752469731617
1830,0.02272086371588363
1831,0.07727471223609665
1832,0.02051370035641073
1833,0.030072152019246748
1834,0.009962873034792085
1835,0.05971691028305384
1836,0.18100871894209328
1837,0.2933245259554073
1838,0.013695409651918915
1839,0.020653593261629948
1840,0.009846891621411811
1841,0.01638564668226252
1842,0.029892578215668025
1843,0.25111529861804155
1844,0.05098170952855534
1845,0.005378871264256641
1846,0.044459134216393095
1847,0.1273724577196376
1848,0.088112582477992
1849,0.015890935265803506
1850,0.03173063369181039
1851,0.016874466614231778
1852,0.026082646705325827
1853,0.012564949022280746
1854,0.02070324521939208
1855,0.012959211574781184
1856,0.0038242132923512295
1857,0.012795915893322941
1858,0.15614261548797778
1859,0.011016607423489177
1860,0.03309416797730056
1861,0.015997938417994795
1862,0.02224675092055574
1863,0.07847075344573858
1864,0.08989656893721276
1865,0.002556868639107802
1866,0.05179939194664976
1867,0.21335543083487693
1868,0.01195281760831892
1869,0.0018465577518866469
1870,0.007282671960046881
1871,0.016602384445364875
1872,0.00548329853979476
1873,0.02184829572871757
1874,0.048819366638632254
1875,0.007561175810198558
1876,0.00875913170897744
1877,0.01740585931767996
1878,0.01137203608419405
1879,0.022891089885974426
1880,0.011136526144023851
1881,0.024132249038976615
1882,0.012098779552633304
1883,0.015708630122559086
1884,0.04081651588171318
1885,0.0414144535942419
1886,0.00739098718709091
1887,0.01525369401904697
1888,0.030759201859391277
1889,0.02152382051537049
1890,0.059228085663159964
1891,0.008840629378521503
1892,0.029631524483767123
1893,0.055888757777805484
1894,0.1699092827090154
1895,0.009373609601981771
1896,0.030227247443111276
1897,0.012288514123245425
1898,0.008485278582918001
1899,0.008790017448314437
1900,0.015530651822701384
1901,0.011947575381062465
1902,0.023631904156238715
1903,0.024675660806553895
1904,0.08011918346854696
1905,0.03376693181246145
1906,0.04331745497416921
1907,0.03410053057670168
1908,0.0042317331222504655
1909,0.0070550095968587466
1910,0.009089811791940903
1911,0.13144308921352987
1912,0.021739856473475875
1913,0.024987741783309127
1914,0.08805707267066779
1915,0.07261075418418922
1916,0.1294346173258383
1917,0.006443108956017757
1918,0.12318862250506701
1919,0.1692087734752155
1920,0.025705622297454316
1921,0.012626899548614843
1922,0.009287536425231576
1923,0.009024500782680984
1924,0.01726568083644187
1925,0.02224196549380148
1926,0.022094888955325048
1927,0.06162699590667985
1928,0.010071109267845482
1929,0.009357792109021762
1930,0.0010597801016384886
1931,0.011228211003483776
1932,0.10473220430354753
1933,0.006271025455749332
1934,0.010910769526395053
1935,0.017458547298256497
1936,0.015250375809996834
1937,0.09929478537351182
1938,0.017903948127503042
1939,0.02213798401112665
1940,0.013436437704703997
1941,0.1997017384865293
1942,0.010212681183580522
1943,0.018544078524622882
1944,0.014645985891185756
1945,0.004697565033975078
1946,0.0180601411743904
1947,0.02339510077472209
1948,0.06344879233577334
1949,0.018886700600505495
1950,0.02609360072806158
1951,0.08035844348434563
1952,0.0198772920632491
1953,0.036581088849137966
1954,0.007548808978109547
1955,0.020716747319448496
1956,0.1381930511734136
1957,0.014310806672725638
1958,0.04047741096160743
1959,0.033447756803379566
1960,0.006256594207957026
1961,0.02411590710816979
1962,0.029650885520899308
1963,0.07152274354827072
1964,0.007577543074763094
1965,0.0076848551692363315
1966,0.02248767002599517
1967,0.0052806256552869035
1968,0.021117271345002114
1969,0.02433994317521181
1970,0.012527332805908117
1971,0.06603468551879874
1972,0.09728185191432909
1973,0.06542217937326279
1974,0.01531144100972166
1975,0.0025629902303526382
1976,0.034879800792646555
1977,0.023405703667723425
1978,0.008418713268880764
1979,0.0024008715461715366
1980,0.017588404747442596
1981,0.007521668654913396
1982,0.026881946301564465
1983,0.0023222186281630602
1984,0.044272683000580834
1985,0.01889180944880373
1986,0.03358206770939456
1987,0.06354343222233307
1988,0.017444225186965038
1989,0.01725777519059739
1990,0.0369993040890334
1991,0.10032292545551498
1992,0.09299356012748577
1993,0.3937879340834354
1994,0.0657173278354055
1995,0.022277801862476358
1996,0.01583884750663544
1997,0.00434443814371981
1998,0.07751654235126695
1999,0.002747644670951499
2000,0.13443052243884543
2001,0.022365205829216042
2002,0.013140484576581849
2003,0.014513567394888018
2004,0.08249682236437708
2005,0.07855563030526122
2006,0.011343236156020736
2007,0.01753637999536503
2008,0.005060216417305487
2009,0.09492029835221942
2010,0.0005268715802777253
2011,0.007522328809099155
2012,0.013436908444797403
2013,0.019781272591476072
2014,0.006274107004300675
2015,0.015040420426622417
2016,0.07368890205145262
2017,0.06443465260138748
2018,0.020425824580665348
2019,0.004974809096566043
2020,0.0457021011747223
2021,0.003309070935313635
2022,0.03774434802129156
2023,0.015379154731333586
2024,0.021297095921707077
2025,0.02615167551031141
2026,0.011262133639595948
2027,0.010550876160639272
2028,0.014806368037505699
2029,0.030604431773623483
2030,0.007578630533760273
2031,0.029006448839421817
2032,0.028337036641566195
2033,0.024634610860025486
2034,0.00556678956047123
2035,0.010276189140788289
2036,0.009917097423307918
2037,0.024477660980467577
2038,0.012736242669740834
2039,0.013749200097636057
2040,0.011461157514286585
2041,0.036298815033971206
2042,0.018218728278502558
2043,0.01035825473357682
2044,0.11103212436914191
2045,0.00615544174190856
2046,0.02187249235865507
2047,0.011068126102952477
2048,0.005494921237876079
2049,0.08604654728961647
2050,0.0015747948559100573
2051,0.0049399056425111455
2052,0.006067417476189052
2053,0.013100529519512004
2054,0.02784338970940378
2055,0.031419971016461906
2056,0.01631640784212522
2057,0.03482082383443999
2058,0.07106274320771318
2059,0.06809585786652542
2060,0.1196526379777586
2061,0.16154315798441324
2062,0.07499667824643312
2063,0.13722565725938377
2064,0.02118886761664827
2065,0.015076876010425825
2066,0.032453220343829296
2067,0.09995861315435438
2068,0.01568838836853724
2069,0.18472765939944738
2070,0.14795679564669914
2071,0.020439007289746215
2072,0.036120977383535154
2073,0.00985867445560829
2074,0.09339984901381759
2075,0.03502542528236672
2076,0.024713421963918486
2077,0.006314682159194872
2078,0.02283613413979397
2079,0.013725135247183834
2080,0.021733619753889
2081,0.015123761462109104
2082,0.005706206295541214
2083,0.018173498681543967
2084,0.022544198783311726
2085,0.1552518789442362
2086,0.12024177177772644
2087,0.04739876783637465
2088,0.0026981353293091103
2089,0.06303507723883484
2090,0.005343440613952387
2091,0.023041132600092874
2092,0.05421558545871823
2093,0.027074475578934977
2094,0.022517280714886
2095,0.04691552396701725
2096,0.024150290913829593
2097,0.0075118674607267885
2098,0.08722149104888735
2099,0.011694021195626767
2100,0.033100168814895
2101,0.023552199644762475
2102,0.01613343080370514
2103,0.014071936339306743
2104,0.012440159863207699
2105,0.02359767674095711
2106,0.02042419245267432
2107,0.0044059887864746905
2108,0.09675955383546457
2109,0.02122896579071915
2110,0.0286396015776349
2111,0.010732208653067187
2112,0.08247240714947406
2113,0.07615932517186512
2114,0.02262549119351047
2115,0.008515577028530421
2116,0.016223109293755776
2117,0.01704033074679418
2118,0.012428035020124392
2119,0.008970568922568686
2120,0.004750577456326392
2121,0.013121317253898574
2122,0.004224264266703534
2123,0.15256642254114602
2124,0.06098460478496863
2125,0.03486350983571698
2126,0.1614828071433115
2127,0.004472440291509387
2128,0.017709254320446694
2129,0.015507901224103669
2130,0.011287900374170273
2131,0.02941245840916543
2132,0.0118503663752838
2133,0.011001456801493663
2134,0.009900714942758607
2135,0.0593461383985225
2136,0.12191526775914678
2137,0.025300507677015086
2138,0.017506595513936647
2139,0.053892651630042386
2140,0.05631783323429917
2141,0.03809992269883799
2142,0.11540921115111329
2143,0.06556857420488107
2144,0.0075104302412852654
2145,0.02371777060922812
2146,0.08625292788350472
2147,0.022880551693997588
2148,0.16539261561221597
2149,0.012516878933257137
2150,0.05057437781394523
2151,0.00456620946248357
2152,0.04963418121286524
2153,0.007228826786860916
2154,0.02046156406426049
2155,0.013938731843739095
2156,0.029327240647073278
2157,0.00869904289295941
2158,0.015929564111306287
2159,0.022464627883038737
2160,0.006235965123164699
2161,0.004246870728320023
2162,0.1381019198762097
2163,0.011524676081089766
2164,0.024379268674698827
2165,0.06818600733353077
2166,0.23931293163383455
2167,0.020159789621405255
2168,0.018200639312889667
2169,0.13612221559368493
2170,0.0057781627309082245
2171,0.01824453860324111
2172,0.013550561549807386
2173,0.03632369062542407
2174,0.06665171172166513
2175,0.24125279451601112
2176,0.01509740055312435
2177,0.019636254528333418
2178,0.030559554863668393
2179,0.006549613714877369
2180,0.0026004915735486005
2181,0.06503643192939265
2182,0.008620018062357243
2183,0.034358102589485726
2184,0.030161160893599905
2185,0.010577496414800765
2186,0.019168641436935634
2187,0.02881031928759196
2188,0.09972229433843531
2189,0.01165067709578069
2190,0.012685959857658432
2191,0.09000585232716664
2192,0.007468387902302416
2193,0.022781211650032246
2194,0.013903100246697777
2195,0.0625372115242359
2196,0.002478700156311577
2197,0.0269348954447204
2198,0.04534248367660743
2199,0.02173026775230956
2200,0.014395993656240363
2201,0.07103460435629094
2202,0.3335120891802386
2203,0.01277061588785046
2204,0.0060228576238724
2205,0.006150124848016414
2206,0.0028229862865636083
2207,0.004537992854637864
2208,0.028157774960436154
2209,0.04353311622144854
2210,0.052371653187381545
2211,0.011482485135843132
2212,0.0029899874380849754
2213,0.08923804033828174
2214,0.012724377882787378
2215,0.006725334164779658
2216,0.006254603577196688
2217,0.038751969186527485
2218,0.001925988750323383
2219,0.012949757324434789
2220,0.006387723109411055
2221,0.005652732176861177
2222,0.0157111266769048
2223,0.19753273538318245
2224,0.041544522927734764
2225,0.0025397084383003087
2226,0.013106310343661661
2227,0.016029018634464928
2228,0.023998641935817515
2229,0.03916749553498945
2230,0.0054469419118889075
2231,0.0274696262005747
2232,0.03557079902805727
2233,0.014095474226594646
2234,0.018838619377510458
2235,0.013418055297299298
2236,0.012785081100276877
2237,0.06696296588140635
2238,0.0309865281334776
2239,0.019493912329989486
2240,0.001233812101263167
2241,0.008093153859094591
2242,0.06201175389915704
2243,0.1363924601234714
2244,0.012730675512572702
2245,0.033633883597123854
2246,0.2694567709657214
2247,0.009306208528274792
2248,0.999999999999676
2249,0.01779312614742287
2250,0.017546784700940878
2251,0.1885209625967006
2252,0.0015938072682878655
2253,0.006028554516995741
2254,0.0031575196433632877
2255,0.009351250711888692
2256,0.010451521480178225
2257,0.01173062212403368
2258,0.03705425009047996
2259,0.007774652552234746
2260,0.004739775050006045
2261,0.011654835214043055
2262,0.21919382758432057
2263,0.009282740003998716
2264,0.011743773403185618
2265,0.018041641462204386
2266,0.023753779598395527
2267,0.00444601668825802
2268,0.010275921012496192
2269,0.013036199283435737
2270,0.022984977210242008
2271,0.015285142468573768
2272,0.06374545278847264
2273,0.16589308990426588
2274,0.18942458118269961
2275,0.10104861164226171
2276,0.10918930145503279
2277,0.01269147056654386
2278,0.003017353920119365
2279,0.005082930006846822
2280,0.04960113548018869
2281,0.14610851889241208
2282,0.014084933751516893
2283,0.024067526699944934
2284,0.03111316020492008
2285,0.003837276143507889
2286,0.04707029234074995
2287,0.03475929417523561
2288,0.07388216775984267
2289,0.015410363610089444
2290,0.0238694698113709
2291,0.04381954317712592
2292,0.00793878354972253
2293,0.06492271506155403
2294,0.07431166846965724
2295,0.004318482942353707
2296,0.019874986605857292
2297,0.0176639696364336
2298,0.14903882016722683
2299,0.199396683642982
2300,0.008854675044171957
2301,0.02912605308410157
2302,0.014199664273122086
2303,0.0607952128781212
2304,0.03951595271870544
2305,0.014376835704403243
2306,0.040351180127960684
2307,0.028939641995298727
2308,0.02221402937908691
2309,0.007121736142208623
2310,0.012170446642684792
2311,0.04815590737243923
2312,0.03789103811390483
2313,0.0030286328461787463
2314,0.011541708061475276
2315,0.0720655498459745
2316,0.09040559411859775
2317,0.01025314508258773
2318,0.013988858007962846
2319,0.005596296246539201
2320,0.0152523588419248
2321,0.013851867433087247
2322,0.005191927471149115
2323,0.15061413349250072
2324,0.041304972891447404
2325,0.14654078892014386
2326,0.0013708748481309216
2327,0.10374763416795853
2328,0.12622401367173255
2329,0.01679134213305003
2330,0.00592498988270706
2331,0.013631291301788499
2332,0.03257819349329831
2333,0.003883465953314376
2334,0.011766397790990214
2335,0.008514382012591684
2336,0.010600733601933721
2337,0.018816661933035404
2338,0.02101576726036384
2339,0.018319186011887475
2340,0.014062966349828279
2341,0.00545453695886616
2342,0.008787560951646277
2343,0.17464868262080913
2344,0.009159790181671613
2345,0.011704466926864264
2346,0.046927245128175234
2347,0.03170794754028815
2348,0.00981874494107112
2349,0.007164783332213234
2350,0.011560879520503536
2351,0.010148336479626667
2352,0.07368954994892317
2353,0.004182094004616009
2354,0.01605209565227147
2355,0.015101829885526576
2356,0.023593922889136636
2357,0.09584878610538788
2358,0.050469211908996676
2359,0.03201405957796415
2360,0.021084275210854958
2361,0.012587819947622658
2362,0.0105884416757064
2363,0.007519047681542147
2364,0.03566157285783756
2365,0.01569584400469604
2366,0.003480828762179441
2367,0.13120451941529798
2368,0.005329977605040615
2369,0.010253356350473085
2370,0.020538981449233003
2371,0.020494157824926237
2372,0.012598284594349573
2373,0.004234835284706084
2374,0.013919376978240628
2375,0.019883277464671292
2376,0.019226032848004303
2377,0.06962052403737509
2378,0.010459569567341254
2379,0.014264141650808228
2380,0.02476012685270721
2381,0.02411607176939179
2382,0.023351041091062615
2383,0.013291274109501854
2384,0.17796551086162385
2385,0.033563729676923296
2386,0.04010895643604499
2387,0.014224697629293145
2388,0.021692137878570435
2389,0.014132951742360638
2390,0.047359925461091974
2391,0.08009645715673712
2392,0.019829627594345558
2393,0.002080402704060949
2394,0.012428137882137024
2395,0.021002575515162582
2396,0.026411360339719064
2397,0.007427784388872539
2398,0.01647768760343973
2399,0.006343973360710053
2400,0.03891538324816248
2401,0.05711842806745028
2402,0.038697864964077025
2403,0.08752599022123368
2404,0.13560708882867872
2405,0.006958227548672224
2406,0.02680520766054798
2407,0.0328995510498313
2408,0.00911984604268372
2409,0.014839724879676846
2410,0.016441250810216843
2411,0.32650490041400837
2412,0.05193187149203533
2413,0.003605900671877238
2414,0.004321264364102722
2415,0.023154923156850263
2416,0.005445222611927995
2417,0.02609253012058682
2418,0.020445363902525344
2419,0.0031051882086146677
2420,0.013387318708397017
2421,0.013724872687571228
2422,0.33182692772992894
2423,0.001700414320025085
2424,0.0495887277458633
2425,0.015977951491951546
2426,0.017215222271435588
2427,0.0364234592603447
2428,0.009718647691542653
2429,0.07706728702541427
2430,0.004107821510062776
2431,0.022342220459850563
2432,0.032175186378235
2433,0.04235107588896416
2434,0.05282304673787783
2435,0.003033318029840827
2436,0.009249102868611466
2437,0.0836197072456929
2438,0.09728411711414123
2439,0.01909146557070194
2440,0.0018789096817091765
2441,0.02846544603700187
2442,0.013217528657489765
2443,0.09174147353142079
2444,0.0016643392492032049
2445,0.06620197920172187
2446,0.008590617102214097
2447,0.07361143414968575
2448,0.0273231408518626
2449,0.020246860105470683
2450,0.03601062822215607
2451,0.008941069547017988
2452,0.01510351645257596
2453,0.011948494584627885
2454,0.09533268498434674
2455,0.35998336873228465
2456,0.1334451594405411
2457,0.026551675149513065
2458,0.17611093068452296
2459,0.028368948062650414
2460,0.1489515425761537
2461,0.030588861361365273
2462,0.037006765615401074
2463,0.02299671751346458
2464,0.015560485763146788
2465,0.004910892765040832
2466,0.01705751534551605
2467,0.005294050900606431
2468,0.010190819377135056
2469,0.003791218935533302
2470,0.17204825162204707
2471,0.02404737618898752
2472,0.012460056518574993
2473,0.010198223100711409
2474,0.04124409894834468
2475,0.00758734503493937
2476,0.16193326077968803
2477,0.011323408730738744
2478,0.009485143387758766
2479,0.016345884641522382
2480,0.05065883068572098
2481,0.031967969860731416
2482,0.010216807550877461
2483,0.011398921731538659
2484,0.02217207196343074
2485,0.02611923628323641
2486,0.00612603798443329
2487,0.009104575403729328
2488,0.07294391981555194
2489,0.15011757915850327
2490,0.02248881360645845
2491,0.018833769612485146
2492,0.1130337842136678
2493,0.0070245615955925565
2494,0.014007713608054797
2495,0.044965933070369106
2496,0.022654080223121542
2497,0.006477883039664614
2498,0.01142773144161038
2499,0.02146792400264224
2500,0.009112819407280974
2501,0.027843776028711523
2502,0.009967464547679774
2503,0.0023491528167213956
2504,0.020834026426436197
2505,0.056160715841406326
2506,0.13975448087807496
2507,0.033523638261828095
2508,0.004070892147747397
2509,0.014153699314651358
2510,0.004646681663091758
2511,0.0070371192650239825
2512,0.004013655303823752
2513,0.060425379586762536
2514,0.01944319464808279
2515,0.007461465274158255
2516,0.01159587641358528
2517,0.0465948817427137
2518,0.07506838010573423
2519,0.007346484891821493
2520,0.011596386477533738
2521,0.10474951283868511
2522,0.011715032012162587
2523,0.00755477346422261
2524,0.010299696394042646
2525,0.02990332679278892
2526,0.01716237416200728
2527,0.04626329712220203
2528,0.004801838590452886
2529,0.006184035891436905
2530,0.008449179860333033
2531,0.006400130054666233
2532,0.03491059420481462
2533,0.013509824161891767
2534,0.021838060091787407
2535,0.002766596759556888
2536,0.018557904011479876
2537,0.06503369460046558
2538,0.045417085521461315
2539,0.02698092330539513
2540,0.026230138970776792
2541,0.010344329803020727
2542,0.003862952199692832
2543,0.02723324620436216
2544,0.025253380618511553
2545,0.009602166715336638
2546,0.016274171882160612
2547,0.15584263459323583
2548,0.05616883608172352
2549,0.01394414923614934
2550,0.072140662139723
2551,0.008759015219871106
2552,0.011458364890962911
2553,0.04294349179117083
2554,0.003684777726618821
2555,0.034963513261858606
2556,0.03163686525659445
2557,0.12430881826816731
2558,0.018080243920944365
2559,0.0074047835160965065
2560,0.0904536995406783
2561,0.017680584495969588
2562,0.00637185009940373
2563,0.007142295126784809
2564,0.02405537992227604
2565,0.21408949688093343
2566,0.014616281242150466
2567,0.02630938281496403
2568,0.12532508726317806
2569,0.059862690308687926
2570,0.012103584287112583
2571,0.010125141283152726
2572,0.011491545035098303
2573,0.025715151791687315
2574,0.024353754124266883
2575,0.031992617824759546
2576,0.011790986192385635
2577,0.012173315639768229
2578,0.010740274055953783
2579,0.004964055353212457
2580,0.0200571188945003
2581,0.3178380704437568
2582,0.10011184777279511
2583,0.002557262507950349
2584,0.1449356264996214
2585,0.005516260841602867
2586,0.06956507648831727
2587,0.09969131010487181
2588,0.020298059830545844
2589,0.09035545917274658
2590,0.011236607089439809
2591,0.050334908387849896
2592,0.019299413804917554
2593,0.02367500693761224
2594,0.03923455849748047
2595,0.015396653482155357
2596,0.041597847909869916
2597,0.015657274864387043
2598,0.021114116440589758
2599,0.02620885326993768
2600,0.010326227285828021
2601,0.12153312128698025
2602,0.04087729006013672
2603,0.01529570454798481
2604,0.030713513399434
2605,0.058099568048204056
2606,0.01947028461846993
2607,0.011363119704220529
2608,0.0556466363243359
2609,0.01236791285242344
2610,0.19450102059759064
2611,0.0671665526090776
2612,0.021282472268022982
2613,0.06569951805230252
2614,0.008967359720397328
2615,0.01808338826304125
2616,0.10651918512914511
2617,0.0080927742503921
2618,0.005387569993324236
2619,0.013190536243386577
2620,0.08905604944312218
2621,0.0024564866013027055
2622,0.013357239384254597
2623,0.008786204974360721
2624,0.010015992953381866
2625,0.023652331435122242
2626,0.24569961373214194
2627,0.003162601291254988
2628,0.1315181646801954
2629,0.021917866418199962
2630,0.07715331087187374
2631,0.1365820436675242
2632,0.009301219202525624
2633,0.017164987442541517
2634,0.05256207617981704
2635,0.017986629251661584
2636,0.06900072786841853
2637,0.010861835940180774
2638,0.03873008468846135
2639,0.0453502459524062
2640,0.011848842548296094
2641,0.07087311593310529
2642,0.0033221504294753913
2643,0.021213698742161582
2644,0.04602141816736568
2645,0.042739723966137066
2646,0.025836444861706446
2647,0.09024536130324937
2648,0.1375570641419809
2649,0.03914371622892093
2650,0.02307716705249755
2651,0.011846164740963526
2652,0.042306262563511735
2653,0.011095357623379161
2654,0.012965390025231425
2655,0.006021524316436792
2656,0.026725219505975818
2657,0.025635683606376927
2658,0.06204305821865569
2659,0.00816608645321157
2660,0.017397517105396835
2661,0.021870124692810123
2662,0.016905691908030873
2663,0.1205562935946709
2664,0.0621696792978083
2665,0.013598466905229012
2666,0.009361008505097865
2667,0.03426731785338539
2668,0.00685710584636254
2669,0.05246327509533481
2670,0.015037562259853424
2671,0.02129421803387902
2672,0.023026294684245007
2673,0.021755517689953926
2674,0.0033246505974165955
2675,0.08541088247771914
2676,0.0034100725211418342
2677,0.06431752252613286
2678,0.13095116565978857
2679,0.013067382834734406
2680,0.00830956027018271
2681,0.003451742807981234
2682,0.002876928228985166
2683,0.09658908394508324
2684,0.010922713171336373
2685,0.022224921295967332
2686,0.03306800443435961
2687,0.0060639511452407705
2688,0.016907379864666214
2689,0.031133672014613718
2690,0.020672135850340157
2691,0.03770085315059106
2692,0.030123343171323317
2693,0.005367478209331516
2694,0.039685272382939944
2695,0.006678115348545129
2696,0.004414839306896341
2697,0.003287734106722441
2698,0.0167824067628739
2699,0.2913837080697012
2700,0.09984971926682146
2701,0.020920412039960826
2702,0.013645638534611928
2703,0.014965652411469778
2704,0.02763238506041366
2705,0.08383583506254043
2706,0.010046559533972804
2707,0.006121812589773244
2708,0.004925703212609487
2709,0.0037526013238184633
2710,0.02425462970145339
2711,0.2082368291156903
2712,0.0258699455902022
2713,0.006567257620946886
2714,0.08626852950325369
2715,0.010748856790596182
2716,0.20111702840773996
2717,0.03021068674241506
2718,0.14989919319972786
2719,0.004433775643021934
2720,0.05342020172789965
2721,0.012755038816004153
2722,0.1747801824417317
2723,0.003806745489823211
2724,0.012883057291461431
2725,0.00718381987035324
2726,0.07854036254763459
2727,0.0544287592413822
2728,0.013137596673500977
2729,0.1442960070184382
2730,0.07524036446717133
2731,0.012067755183663537
2732,0.008984817345905682
2733,0.06097888340904129
2734,0.042675404738990716
2735,0.0623637831924523
2736,0.017146566139720525
2737,0.04138976517488933
2738,0.010911265278096594
2739,0.016914574618482447
2740,0.009740468767249169
2741,0.010885318056548892
2742,0.007317611469654041
2743,0.056266569503251006
2744,0.09544854717751153
2745,0.048935832386176714
2746,0.07878417407939522
2747,0.013413543569108231
2748,0.01708457651126666
2749,0.02195396911462528
2750,0.01057552446898601
2751,0.015722337977832283
2752,0.007042690806987932
2753,0.007218192661490154
2754,0.06510256220509412
2755,0.004492328674031337
2756,0.11670967587603909
2757,0.00475108685197722
2758,0.041294020251785704
2759,0.022087281360255548
2760,0.05136552295426479
2761,0.009642238763762643
2762,0.021553861556019936
2763,0.017070998083694486
2764,0.00807914592788645
2765,0.03199913893921572
2766,0.010311751349218499
2767,0.016594461312529448
2768,0.04489518941937675
2769,0.021217416191489348
2770,0.009758905374533996
2771,0.014116168845923685
2772,0.05271516772509828
2773,0.01017328160400108
2774,0.060263166972507415
2775,0.012405937227017758
2776,0.024189127057916558
2777,0.14093875236844508
2778,0.023265353209703674
2779,0.10757719236847967
2780,0.019099555584572138
2781,0.07521186866076437
2782,0.024896974345899974
2783,0.018301399023164824
2784,0.02597458854732892
2785,0.006077440766429523
2786,0.08798966658342326
2787,0.005770750928683347
2788,0.012077984428219028
2789,0.012662392630647891
2790,0.012235826382614742
2791,0.03836307811686497
2792,0.043023944339531606
2793,0.02106606037855892
2794,0.007738457295272101
2795,0.07939246223478717
2796,0.053968415057012074
2797,0.013748384164808393
2798,0.012386205101935256
2799,0.03113868442564605
2800,0.09632951991357763
2801,0.06653992231359616
2802,0.02322898544482529
2803,0.27830235664872055
2804,0.14391504956804335
2805,0.009151427157452659
2806,0.1839178950694545
2807,0.01011558328684474
2808,0.031399558789104345
2809,0.011345150213142646
2810,0.01502207202668883
2811,0.06417729668735213
2812,0.018872351395835197
2813,0.007268115470101986
2814,0.022063572593634496
2815,0.017434605642960333
2816,0.007933366344072315
2817,0.013623901538818768
2818,0.01949836161969243
2819,0.06829914850875429
2820,0.021279086367677624
2821,0.01823784832928558
2822,0.005168614276133906
2823,0.01876300131317462
2824,0.0948451098619269
2825,0.03459034160612544
2826,0.016980448881757492
2827,0.05981167472929219
2828,0.03449678733207869
2829,0.02040809911390336
2830,0.022972015332257418
2831,0.04728783279032387
2832,0.009994241425002095
2833,0.03227126834862956
2834,0.006922964204286891
2835,0.017898395419062463
2836,0.03441801382925033
2837,0.006280331699998467
2838,0.022202674159788188
2839,0.007639571299766322
2840,0.0594013576036002
2841,0.006040338303011626
2842,0.013709764255423114
2843,0.006117466716378395
2844,0.011131467421403037
2845,0.02160781129770055
2846,0.071155776166976
2847,0.007389096900033721
2848,0.006137466115161248
2849,0.011900455052969014
2850,0.04544846822598478
2851,0.024116054300824093
2852,0.00957600163094591
2853,0.00976115036458751
2854,0.06088786433507254
2855,0.002806134670441653
2856,0.0051944841839266466
2857,0.04531821804235005
2858,0.016062723335851004
2859,0.9753524184063916
2860,0.018735350154751824
2861,0.004633019778303898
2862,0.021497365644060837
2863,0.1159367145379889
2864,0.1055650004030508
2865,0.01066360272615056
2866,0.01747635733860914
2867,0.008222382968211372
2868,0.11656555845454389
2869,0.05331402425192273
2870,0.08438002497032632
2871,0.011894825724512966
2872,0.004023002447202147
2873,0.04877021390263155
2874,0.016161346109224064
2875,0.08350244731211633
2876,0.013128806411581411
2877,0.007046514572700823
2878,0.024005510431783568
2879,0.036084600012643325
2880,0.01679384927415907
2881,0.009186931642028485
2882,0.11252967466052881
2883,0.010157542203814162
2884,0.1207692416285607
2885,0.007899762103644967
2886,0.022797100631755902
2887,0.0654538109961714
2888,0.0386372423501192
2889,0.1444982586908951
2890,0.03707075081390878
2891,0.016943961931144468
2892,0.0407572641985515
2893,0.12671140608772263
2894,0.25900933383721414
2895,0.10041385786180743
2896,0.005477184468215616
2897,0.009905642365472804
2898,0.06853567249603956
2899,0.015583322503089693
2900,0.16959199525980137
2901,0.016152408337260813
2902,0.018828028745577787
2903,0.059164189741349967
2904,0.01713531591318948
2905,0.028473311754733388
2906,0.016193712945453787
2907,0.0031817472003134034
2908,0.005135896371570872
2909,0.006901221942132194
2910,0.02488413034874952
2911,0.03808940352998509
2912,0.004396776067091131
2913,0.013619049493015904
2914,0.03886250321006044
2915,0.00939512479738315
2916,0.047327488545708195
2917,0.009578068781743672
2918,0.007221218197941441
2919,0.036729601236559925
2920,0.022858998682994666
2921,0.011830110179907377
2922,0.011450635004731771
2923,0.026899444527683714
2924,0.08325897478291264
2925,0.0034635246602997024
2926,0.016147386594813525
2927,0.05115046341323762
2928,0.030964240062789285
2929,0.01368479037405808
2930,0.01720686554156541
2931,0.07568354978140968
2932,0.006713842129912133
2933,0.038999031053031
2934,0.12985820487733005
2935,0.007492614250916634
2936,0.08717583980077298
2937,0.08728789831328176
2938,0.07803954315606486
2939,0.015613773952780387
2940,0.03064667299717725
2941,0.012368325088054957
2942,0.017940098445977812
2943,0.058188893343466816
2944,0.08881731928328372
2945,0.019024931335739514
2946,0.01060010695969915
2947,0.02534938783738933
2948,0.03534782421595314
2949,0.014728872820264721
2950,0.01643982986911123
2951,0.012173346965733179
2952,0.037809091588047586
2953,0.0017901252911145334
2954,0.005037374196131335
2955,0.013452547829463243
2956,0.09288804044043351
2957,0.02601476494407071
2958,0.016673847871201804
2959,0.03206236695627408
2960,0.005535416357458896
2961,0.022653805210398108
2962,0.08228275186458515
2963,0.05978889709689855
2964,0.023782232588630575
2965,0.008661240536818405
2966,0.07285827226942748
2967,0.061203282680366324
2968,0.005298978064975167
2969,0.020396284414097743
2970,0.03575976530148527
2971,0.008305588197478089
2972,0.049094442584167015
2973,0.02219495584716146
2974,0.009683421234450212
2975,0.01147115812157192
2976,0.08375774389999194
2977,0.049570267293657724
2978,0.02274058004668113
2979,0.05216768964834737
2980,0.005493372830254199
2981,0.015250068747731865
2982,0.19336413576967804
2983,0.04882217751410933
2984,0.014982357846122327
2985,0.15587860921002195
2986,0.03832386178910642
2987,0.02270299435009624
2988,0.0033722891217356516
2989,0.05537842783689423
2990,0.038987588430893984
2991,0.016023265625250808
2992,0.06143162220648454
2993,0.005649098759880263
2994,0.02378623112317878
2995,0.027575848203489062
2996,0.034938313459486496
2997,0.005762249293137455
2998,0.02373670949383424
2999,0.008007822469110928
3000,0.169413041232805
3001,0.005569930088366172
3002,0.02533435093428066
3003,0.008518665255147526
3004,0.07223384106669299
3005,0.13240220219219725
3006,0.42012745583984973
3007,0.01775154126859342
3008,0.005842077767752427
3009,0.11366747189346599
3010,0.2978558957515372
3011,0.010637528888810604
3012,0.013903271312311295
3013,0.11918934949123336
3014,0.012045993431074532
3015,0.0016549651654429415
3016,0.009301898014443977
3017,0.01643736057956473
3018,0.018314321195911386
3019,0.008333547043230504
3020,0.011392301064649918
3021,0.011172063250898551
3022,0.06510747583410265
3023,0.029656066810851322
3024,0.022735483796312673
3025,0.04722612712042803
3026,0.06036971097786176
3027,0.02037202146538435
3028,0.02829509907756846
3029,0.010153117940624368
3030,0.0720310751968751
3031,0.12747765528277338
3032,0.02952264861022163
3033,0.03600574472464113
3034,0.027165131089972094
3035,0.014331025747903297
3036,0.008590922401255302
3037,0.0372656544182645
3038,0.01222609058051969
3039,0.011641093713882151
3040,0.0391468800662976
3041,0.017955112044814606
3042,0.07405969959655838
3043,0.005683583971487054
3044,0.014222229507055508
3045,0.012843085362056224
3046,0.0756673994211052
3047,0.01739228635887742
3048,0.010365165723606266
3049,0.007573243420769737
3050,0.1215395810169558
3051,0.012474051833106353
3052,0.009822774468986223
3053,0.028739076745644788
3054,0.0383532565732758
3055,0.019548290101610747
3056,0.028854998887806318
3057,0.03840338994934322
3058,0.007574792700417397
3059,0.012712680010794201
3060,0.04747550165316339
3061,0.011181552046843679
3062,0.00865857861585828
3063,0.03128022586395725
3064,0.054775659260101146
3065,0.002490295434097369
3066,0.1816646522845404
3067,0.044323719067242584
3068,0.015051384326038935
3069,0.006493318575679246
3070,0.042658065820602005
3071,0.009680986790404508
3072,0.12192954452116538
3073,0.10821775692317159
3074,0.02048156959823753
3075,0.041970779738545134
3076,0.14503767874718437
3077,0.010898215672934882
3078,0.010218901438149287
3079,0.009070611924311857
3080,0.020006981481898042
3081,0.02908612536004134
3082,0.005185520347294525
3083,0.01580448122767367
3084,0.17210942723956826
3085,0.023197521659521266
3086,0.04050972052478357
3087,0.01687525208387479
3088,0.016742660481646778
3089,0.008047594301317592
3090,0.029043123047570785
3091,0.007288331503786245
3092,0.004402695408122414
3093,0.023788388157170604
3094,0.04761906960772316
3095,0.007008940201425073
3096,0.00679297893038046
3097,0.011599803086044715
3098,0.014573645847152135
3099,0.023555073431969546
3100,0.06675929140937664
3101,0.03913616057365243
3102,0.01826067039098559
3103,0.009094243924753335
3104,0.13282064051785947
3105,0.017461639974989472
3106,0.0835859157607304
3107,0.03330616942443461
3108,0.2939510511830495
3109,0.012887872127444869
3110,0.010148993406738721
3111,0.01862635313239698
3112,0.009427999807720907
3113,0.017250205607645612
3114,0.20648056257270825
3115,0.021532863963276704
3116,0.07879438042766736
3117,0.044208523586025485
3118,0.015143153560176864
3119,0.031295484762967195
3120,0.014077156543805858
3121,0.003873631824928454
3122,0.0047571445314134085
3123,0.10476678743138765
3124,0.043357346414999075
3125,0.04716596370435713
3126,0.0045544881911201264
3127,0.004856865358474994
3128,0.021642878504337777
3129,0.003956668760166153
3130,0.13484047081186237
3131,0.009825618812814765
3132,0.011085722272179636
3133,0.007210200762780025
3134,0.008218232064908786
3135,0.023099202743169196
3136,0.03722611815614186
3137,0.005768115112333106
3138,0.3180143997413565
3139,0.028269117301606063
3140,0.021817292912925813
3141,0.017484145636480878
3142,0.008748694011948537
3143,0.10584774317866681
3144,0.02569228996069949
3145,0.187944390214482
3146,0.006351463076027429
3147,0.0023866430310602103
3148,0.022918001030796935
3149,0.04645636378657483
3150,0.007059803032461791
3151,0.03193889590555135
3152,0.05009315213657381
3153,0.5287460074398608
3154,0.018199562790895418
3155,0.07045727840897176
3156,0.00824337540153851
3157,0.015471430637440725
3158,0.009106526777395317
3159,0.06193247889825462
3160,0.0046908777702563105
3161,0.015939495887308003
3162,0.00966923128357098
3163,0.011777734150144529
3164,0.005438877725528726
3165,0.13436476792132354
3166,0.01778528578238003
3167,0.11096993652611178
3168,0.012951577482925384
3169,0.0075464579130682385
3170,0.005614277401015604
3171,0.05259986649247333
3172,0.01135683872860462
3173,0.03228458183225196
3174,0.0024286259237716683
3175,0.005607214364218548
3176,0.012300143730082229
3177,0.007090368185126065
3178,0.017294031672861872
3179,0.12629407445869797
3180,0.04308265064145196
3181,0.03895512230696537
3182,0.05296364770948787
3183,0.005753277771708063
3184,0.20318469431874728
3185,0.026499027380760404
3186,0.005796608793799923
3187,0.049247128832631215
3188,0.010165795869898027
3189,0.013654823848345508
3190,0.02980510266575266
3191,0.08626852608292192
3192,0.05986814422945972
3193,0.011161741182887194
3194,0.016414551211454916
3195,0.03163966366858376
3196,0.014391336054399689
3197,0.030277783142952708
3198,0.011177321923228022
3199,0.007083227973709277
3200,0.004015087501250362
3201,0.012231378320218252
3202,0.01515359282220818
3203,0.007545221684210036
3204,0.021680677915601545
3205,0.0662275382437583
3206,0.012509249605928736
3207,0.011209789269719855
3208,0.010988571318219257
3209,0.01411930927957116
3210,0.010190034395596462
3211,0.010442879340312227
3212,0.005272261700621751
3213,0.0105367784000949
3214,0.03429189328927464
3215,0.012683490066341592
3216,0.005856407790939724
3217,0.012362155448299031
3218,0.1592976176224393
3219,0.08402676528244611
3220,0.014633639121228054
3221,0.08332921876791916
3222,0.007044567268112533
3223,0.016141643159462607
3224,0.09014075624370249
3225,0.005676703649652898
3226,0.004088488095173857
3227,0.018397316285456405
3228,0.04370452269004589
3229,0.033510416614977494
3230,0.39316090344026444
3231,0.016694241441119476
3232,0.038098481976699204
3233,0.011583036771790156
3234,0.028842719231178864
3235,0.01655933546946046
3236,0.01192661774563386
3237,0.012423980130436194
3238,0.02144081036048833
3239,0.08693881333330686
3240,0.032192484836432556
3241,0.005096984920234945
3242,0.15970532199849768
3243,0.02053350180312542
3244,0.011654945610249962
3245,0.005713121828690153
3246,0.1352123079842412
3247,0.046605076965919805
3248,0.1935988327869771
3249,0.43090024434581503
3250,0.01484686812488524
3251,0.012970394535373042
3252,0.00918712287198955
3253,0.06971540264650533
3254,0.026767712235507647
3255,0.010308044761226803
3256,0.012133427698019263
3257,0.012234052823544462
3258,0.015225624105835854
3259,0.011967018313646641
3260,0.01576488730735272
3261,0.05727645046955143
3262,0.02385637564642998
3263,0.1543299128364039
3264,0.0977881293025212
3265,0.11684309428462736
3266,0.02363238575925551
3267,0.0064126794746906055
3268,0.018654256159336982
3269,0.03631646130064344
3270,0.040593265321858904
3271,0.01203885755693453
3272,0.09054674006239999
3273,0.0036650714970096017
3274,0.11274188375328847
3275,0.01205604344858959
3276,0.003970066683348882
3277,0.004877494573414779
3278,0.12549158200519123
3279,0.07498538576245863
3280,0.004623832559130966
3281,0.028453578375990485
3282,0.03718065817565524
3283,0.05308676777047822
3284,0.04766725481305181
3285,0.024203853578178332
3286,0.042726001568995
3287,0.009124337439567937
3288,0.0072745279588376476
3289,0.08085366217721197
3290,0.018137456139537367
3291,0.4455211000614659
3292,0.0162382250044733
3293,0.06770050543292205
3294,0.008908466831180182
3295,0.031287454296238595
3296,0.01424372998816816
3297,0.005417609416075974
3298,0.014725354980427591
3299,0.002777374279375744
3300,0.028740952952984674
3301,0.006765411734557472
3302,0.010446968908024606
3303,0.013722270143915928
3304,0.03457413280969482
3305,0.0015670453776919784
3306,0.01741571364960261
3307,0.09076284785805265
3308,0.015359680407802362
3309,0.031596900286667506
3310,0.019294715605978667
3311,0.002832869992132748
3312,0.007213343577679174
3313,0.06107493199591677
3314,0.05739876743036515
3315,0.021725052447627086
3316,0.017960802641985272
3317,0.00880792135059225
3318,0.04898850535069088
3319,0.18709181597600982
3320,0.013414088921036045
3321,0.037689152365154494
3322,0.010587047200481762
3323,0.015817377530154053
3324,0.01833049860140281
3325,0.02564655035032716
3326,0.013057151383109998
3327,0.01993684236775793
3328,0.026348878075544643
3329,0.06421905476825245
3330,0.006434285944939784
3331,0.012447125227440445
3332,0.06438385334625361
3333,0.0489681947721197
3334,0.08366292640034102
3335,0.0069051895447470426
3336,0.013141189099390615
3337,0.02900425360081345
3338,0.018964241368196317
3339,0.019040672589080473
3340,0.179959797961384
3341,0.01865942273870421
3342,0.003557781410051873
3343,0.014499071897449664
3344,0.020964626987421325
3345,0.11663952937269517
3346,0.016697970858409145
3347,0.06183189282797415
3348,0.012760810871749566
3349,0.02887149405222269
3350,0.0016988398173995625
3351,0.0006608499086729152
3352,0.019147524044635707
3353,0.023117705561039974
3354,0.018149700527871578
3355,0.020560247850507595
3356,0.023854588662770945
3357,0.03090212794794401
3358,0.0192998593562981
3359,0.03389697020247184
3360,0.04629362074579289
3361,0.02163716288530161
3362,0.05584635605578347
3363,0.08475274368184735
3364,0.013949587026131307
3365,0.02584640946640103
3366,0.011935927444595365
3367,0.047072386420261667
3368,0.013646777091192313
3369,0.01627497143909369
3370,0.12386560422739336
3371,0.027484602447120005
3372,0.06917587812207111
3373,0.005096271700168387
3374,0.05166504358705489
3375,0.3836548196357691
3376,0.062053516686966265
3377,0.012049159750566278
3378,0.0055646115041342505
3379,0.018845100269562924
3380,0.0482540095230229
3381,0.010065346381632421
3382,0.020994556506309874
3383,0.22900540884215542
3384,0.03295130554416258
3385,0.08704081176625558
3386,0.006692690307271469
3387,0.035502400972841255
3388,0.018522556205068985
3389,0.13333047234474849
3390,0.008614016569214008
3391,0.0475835044643467
3392,0.004701023200059983
3393,0.004114063153703255
3394,0.0164905181695548
3395,0.16143963288974686
3396,0.010648361212706731
3397,0.0010973147845400792
3398,0.017265923408178327
3399,0.010530802260831591
3400,0.03045221978827393
3401,0.07909920044726931
3402,0.09544450217678424
3403,0.012221647913731853
3404,0.004183577495679951
3405,0.013464924756644327
3406,0.20527557893978135
3407,0.013427440942954548
3408,0.020328548498758783
3409,0.09795716957864217
3410,0.011150314457276048
3411,0.017807123526953145
3412,0.028343849788433347
3413,0.024915175285810297
3414,0.013635259025263078
3415,0.0035050934888218345
3416,0.005090401917794447
3417,0.00983017761801177
3418,0.0029294931739238775
3419,0.04857260149171752
3420,0.016609649101078695
3421,0.009179982894533064
3422,0.0026325233580417363
3423,0.018059923747850343
3424,0.012270962013932865
3425,0.05442723560155746
3426,0.006254824666499631
3427,0.004413969680786029
3428,0.016281690636491236
3429,0.01833954336876427
3430,0.012726751947562231
3431,0.07586899271385057
3432,0.010644351576091358
3433,0.014267449665123848
3434,0.022125219099509253
3435,0.015660707727189905
3436,0.08804424642059107
3437,0.026720996180836225
3438,0.12932182695466565
3439,0.08505734433418195
3440,0.038246345604367425
3441,0.0658411398577531
3442,0.0180302379573244
3443,0.009122838106475637
3444,0.009215692440038602
3445,0.00954620175156386
3446,0.09281745182302399
3447,0.022591233193856627
3448,0.1307861220389113
3449,0.01429569176871758
3450,0.01950634760750504
3451,0.008683504759175845
3452,0.02936171308930873
3453,0.011146517176047206
3454,0.02652439720536501
3455,0.004508030808119961
3456,0.11746571602403
3457,0.03405623208766267
3458,0.014444626650417717
3459,0.03819901953735241
3460,0.008352214570416364
3461,0.011642577244100373
3462,0.06464606379963225
3463,0.041193786385577844
3464,0.3205004119730109
3465,0.023661789350403476
3466,0.12079161440832903
3467,0.052966908005137356
3468,0.009127165608392024
3469,0.10600487664647017
3470,0.001616938854370329
3471,0.011281564027248713
3472,0.002773946544387435
3473,0.006992332564355872
3474,0.0496670814939162
3475,0.002640130515372185
3476,0.013959543807115298
3477,0.19311246213337943
3478,0.11178855691366435
3479,0.008294509441121912
3480,0.02233924843397502
3481,0.018302510585907854
3482,0.023444931346200758
3483,0.11564331178236956
3484,0.011785736602413055
3485,0.06678112959359549
3486,0.1095494396780285
3487,0.06935778941167094
3488,0.019436165877742006
3489,0.013097164271106767
3490,0.04982779800772029
3491,0.025217198894716488
3492,0.012917107552244267
3493,0.15090934178171428
3494,0.013642623590384475
3495,0.026755716528299122
3496,0.019776027664297625
3497,0.0071256648809151875
3498,0.009477233936034819
3499,0.024331954352394786
3500,0.08219590358231013
3501,0.005865070917973125
3502,0.01493319378209643
3503,0.028040779698550213
3504,0.047842948454903944
3505,0.006153842315567358
3506,0.31613169838833177
3507,0.05474116385676124
3508,0.15433320890831123
3509,0.08633850813749663
3510,0.011191000987592728
3511,0.16646320398123646
3512,0.027884840774277476
3513,0.015138245276491087
3514,0.0141641942596726
3515,0.01798621834273334
3516,0.008488272430541576
3517,0.01504368636695467
3518,0.0052697402238756266
3519,0.0334195562814431
3520,0.05588095128889005
3521,0.016347450705467725
3522,0.01615936115034882
3523,0.008498860035736853
3524,0.003980476893848452
3525,0.019422329270513093
3526,0.10920057839358507
3527,0.02090800522042729
3528,0.015931756750026477
3529,0.09570543321007365
3530,0.01211882138773405
3531,0.016664590897868353
3532,0.015897128179331095
3533,0.015095666121470418
3534,0.012103106862868949
3535,0.017476112558283432
3536,0.010678969936608744
3537,0.028313058658649023
3538,0.00564598424376514
3539,0.05038086240420449
3540,0.007663269517630243
3541,0.007292639157204122
3542,0.007419059702367615
3543,0.016174449748779372
3544,0.033519174814741134
3545,0.011429793885545212
3546,0.048884977840454716
3547,0.07037632421983415
3548,0.017320846522211733
3549,0.025166293991245998
3550,0.013140961463620864
3551,0.015574192012493852
3552,0.02184826802921327
3553,0.1331040935680106
3554,0.06576251755794267
3555,0.056425274166466755
3556,0.048770820764265664
3557,0.03788874123260804
3558,0.037263077219821215
3559,0.022383712884793672
3560,0.012142679569043436
3561,0.016295304025445812
3562,0.0022692069148101423
3563,0.12347693783473784
3564,0.005925567053468412
3565,0.030886170036079547
3566,0.011071311230252298
3567,0.03861555046441276
3568,0.1458801442294171
3569,0.005227427873277033
3570,0.011376383201497463
3571,0.001572621254073363
3572,0.007054004025470469
3573,0.14133154910517165
3574,0.042457841679483306
3575,0.009057709649183466
3576,0.00934257580119971
3577,0.013888391911595403
3578,0.014355574222131604
3579,0.07670456603857839
3580,0.02238173255992907
3581,0.004371539017897871
3582,0.01623265245996855
3583,0.03508508193826032
3584,0.009806551554275567
3585,0.05517334516249603
3586,0.012668823319254329
3587,0.012807584970723646
3588,0.008905588960663702
3589,0.010743609992471499
3590,0.04132799794983784
3591,0.04651771084183868
3592,0.017054996311571282
3593,0.03672917050599591
3594,0.20001853094881752
3595,0.08864798606419515
3596,0.0288965701216219
3597,0.001608308460724532
3598,0.10811356571631615
3599,0.006574581271365442
3600,0.011097412302413257
3601,0.07544746968285332
3602,0.005376696578385811
3603,0.023145506631657268
3604,0.025989581360552325
3605,0.027293650679589058
3606,0.028200170368057647
3607,0.01436428322508541
3608,0.007314221654611203
3609,0.012930368305653635
3610,0.01242382194599765
3611,0.0015257051151370809
3612,0.0207862507676301
3613,0.04655851339158819
3614,0.271076737196717
3615,0.0035649278565455036
3616,0.01886398374133626
3617,0.01465433440771489
3618,0.01928867065218794
3619,0.09397479895493015
3620,0.009523083571590261
3621,0.014802152581041637
3622,0.010721802140840675
3623,0.01334723506506011
3624,0.03068946143362012
3625,0.02766543961354333
3626,0.08645766401043609
3627,0.00402726161047304
3628,0.016313668310756157
3629,0.013727699726375437
3630,0.06913305873682693
3631,0.03430571357482348
3632,0.010050738747361222
3633,0.018053362719433443
3634,0.04057363297029743
3635,0.021896025564016704
3636,0.16317241525137427
3637,0.007297226704154547
3638,0.04314744848159853
3639,0.1127693479098531
3640,0.04410701830908094
3641,0.01655944059577274
3642,0.005539563861541784
3643,0.03529780042654365
3644,0.014087660228975955
3645,0.018068902359112866
3646,0.10991023934965731
3647,0.011354162487241286
3648,0.5506373942537296
3649,0.007965232412981211
3650,0.005680043265861137
3651,0.009377592792346841
3652,0.009979490548291427
3653,0.007144451671675078
3654,0.01713679620285102
3655,0.025803605217380197
3656,0.014540468465280641
3657,0.007172682211550937
3658,0.005951518697177185
3659,0.011443922548058774
3660,0.002438753868627703
3661,0.06867897396888419
3662,0.027244028112930783
3663,0.08649516429694686
3664,0.058750890852969966
3665,0.01520771451818241
3666,0.009678243501891079
3667,0.016074538549822402
3668,0.011070632644051137
3669,0.03529397599545914
3670,0.026383530010260853
3671,0.04614137496858029
3672,0.02254874739083028
3673,0.005237156414588717
3674,0.012164519962425058
3675,0.030232579153079562
3676,0.009558316111628504
3677,0.04235773749137594
3678,0.014987566320969387
3679,0.022732900810705135
3680,0.015453778476543216
3681,0.02493790120411814
3682,0.01812614714695469
3683,0.020500401319350655
3684,0.006844186541262804
3685,0.024778857768227837
3686,0.03938104841945284
3687,0.005112959988819379
3688,0.025893558235272073
3689,0.0404416826810838
3690,0.012034637498849815
3691,0.11326779703077197
3692,0.016315781503356705
3693,0.013270428292232052
3694,0.24549031363017007
3695,0.03723434253021177
3696,0.0561075719972318
3697,0.017729872851884355
3698,0.024198842163928452
3699,0.046210630890042376
3700,0.011627433011460207
3701,0.0014415731451115504
3702,0.016592680582814545
3703,0.009149310470692578
3704,0.03850359262176738
3705,0.14893948236442292
3706,0.01093792630279279
3707,0.013957856414776561
3708,0.029789260488267022
3709,0.017304381111444958
3710,0.017118689172843777
3711,0.013230221632517594
3712,0.024600903508929215
3713,0.012353548148162965
3714,0.011650398873430867
3715,0.019114909198132798
3716,0.046432559305325326
3717,0.01787803852462012
3718,0.0038714197272398786
3719,0.008814764991966668
3720,0.0073665907385984004
3721,0.015871199476886585
3722,0.012162326117299078
3723,0.022043723001448717
3724,0.020431231477475362
3725,0.031010877156137512
3726,0.05333463975315744
3727,0.023250762645031876
3728,0.023659584569797946
3729,0.021244042258620293
3730,0.014596907709253459
3731,0.029991069998396062
3732,0.022646121573079363
3733,0.007211347051011655
3734,0.007736179077596707
3735,0.004223831294771145
3736,0.017047468483354953
3737,0.030158283164693326
3738,0.012781608048835881
3739,0.03264146411108516
3740,0.004599296377636426
3741,0.021531197000028285
3742,0.012012674990621698
3743,0.021925800909177562
3744,0.006524072643363994
3745,0.13204071171824272
3746,0.04059675770992085
3747,0.03634942257741211
3748,0.020275541186055457
3749,0.003932264635196301
3750,0.005120334105679559
3751,0.00758932726708248
3752,0.015364954071859659
3753,0.025505624186120828
3754,0.011586450761171572
3755,0.09348018892454917
3756,0.008531504046202712
3757,0.0043509692034235875
3758,0.006158833021265603
3759,0.0037925549545913813
3760,0.017852438810208142
3761,0.02090004567639359
3762,0.34853824220903146
3763,0.04374285867766305
3764,0.020617121045054414
3765,0.005845356175256604
3766,0.009727767144201743
3767,0.013480909519472685
3768,0.01896204085179618
3769,0.00390322176172536
3770,0.03993061260540019
3771,0.0011573584969230505
3772,0.01617276451193444
3773,0.16303768008473074
3774,0.010185069644536077
3775,0.0787093170160651
3776,0.01210350546920617
3777,0.051008712560059934
3778,0.006637036475687572
3779,0.008233987053479865
3780,0.171943318225806
3781,0.013332388715856828
3782,0.03884523664917761
3783,0.01400000978971011
3784,0.2165607840604748
3785,0.01806590951538332
3786,0.001478579601493442
3787,0.004400370995073015
3788,0.22771353221241283
3789,0.008974181141728602
3790,0.015215546248800747
3791,0.009042566412250435
3792,0.01885823643548754
3793,0.013899166791226316
3794,0.23859648031495956
3795,0.047216698136232846
3796,0.007868915104780173
3797,0.007683685015679916
3798,0.10047574792501913
3799,0.00836835610881375
3800,0.0557668227449014
3801,0.05227239692831805
3802,0.028694043704018592
3803,0.0027160132346575813
3804,0.015429723964008905
3805,0.015879950237766744
3806,0.015338701147474366
3807,0.013229163829072616
3808,0.010050725314583855
3809,0.012940985954282818
3810,0.07739062318867175
3811,0.05994409008357819
3812,0.00822547794689123
3813,0.028914433812563277
3814,0.11594738615899235
3815,0.03965237333569241
3816,0.05491766600228473
3817,0.02486841720062987
3818,0.039707835265882875
3819,0.20914106504564361
3820,0.016405530078901272
3821,0.08896003146368393
3822,0.007839630853845021
3823,0.04064753158154321
3824,0.09791348685213884
3825,0.005237855320197206
3826,0.013056317268512717
3827,0.048248112099605785
3828,0.021742630497179165
3829,0.06767413881781179
3830,0.0038182761608820744
3831,0.00876460002684547
3832,0.09301671611515518
3833,0.018519048172124786
3834,0.025663281673725887
3835,0.05311063636893927
3836,0.05378051307296827
3837,0.014643201187450336
3838,0.0038318899507620414
3839,0.0462973628628892
3840,0.022541073745947226
3841,0.02321296953291732
3842,0.01880534968209987
3843,0.0922809904634557
3844,0.08708181446605526
3845,0.025894221151315733
3846,0.021190240438661478
3847,0.01645019718230212
3848,0.015434612930376498
3849,0.041260614018205445
3850,0.005992956584732758
3851,0.02406851233700998
3852,0.17450935239172324
3853,0.003112695966778555
3854,0.02145301081539096
3855,0.045319045285334626
3856,0.021317485154809957
3857,0.047699635065846215
3858,0.019991658967331506
3859,0.010147225905606502
3860,0.06705777491088344
3861,0.01648542462570067
3862,0.059427279915542065
3863,0.029504434116029786
3864,0.020271711103601573
3865,0.003979339655798206
3866,0.005420036638546406
3867,0.012452273180703003
3868,0.027667979677740522
3869,0.013265436060883977
3870,0.20511300165021173
3871,0.0031116269384041024
3872,0.039393233993147383
3873,0.08143693608388637
3874,0.014270501166758636
3875,0.029224124687279238
3876,0.0162084235728499
3877,0.04137323009934275
3878,0.011496598449790363
3879,0.0169476307803913
3880,0.07894839280894447
3881,0.01927250292313532
3882,0.015900936330542775
3883,0.012617748166941424
3884,0.03630261908478244
3885,0.024450633380104305
3886,0.10308172838391422
3887,0.039273366591312274
3888,0.01219931121497586
3889,0.06420702174680522
3890,0.009036225037923406
3891,0.008113500730594473
3892,0.03087183174219515
3893,0.014547149170498676
3894,0.009036534663941252
3895,0.009809960178967476
3896,0.0061087506748630244
3897,0.010573090921177229
3898,0.09036056337298368
3899,0.01810533629500875
3900,0.018966903056106113
3901,0.06467991925516534
3902,0.042073162065537496
3903,0.012244411661752613
3904,0.062378082022345814
3905,0.009016293041053666
3906,0.026800233207007477
3907,0.04769411859706521
3908,0.0727699404177338
3909,0.026821271589567836
3910,0.008127361855056367
3911,0.013031458438350279
3912,0.014650932878949523
3913,0.14533831065992833
3914,0.00878740280677282
3915,0.02663129929096616
3916,0.01228404979044769
3917,0.049141024684353135
3918,0.016581047597598278
3919,0.008730584312870996
3920,0.009378188330251575
3921,0.09717057804095625
3922,0.12182016185023148
3923,0.008310626649294122
3924,0.0339728131711736
3925,0.018388161180982264
3926,0.1192217786248256
3927,0.036034613405502784
3928,0.004866027637369136
3929,0.02050429002442367
3930,0.030571723037480087
3931,0.0045992316449310535
3932,0.017010494441051228
3933,0.048601064540840094
3934,0.04950706170842316
3935,0.021316225592967673
3936,0.11122899543210978
3937,0.01205137607293662
3938,0.06026080416223544
3939,0.03596800560178413
3940,0.15772391483390977
3941,0.013522990404878837
3942,0.009983507081724163
3943,0.03265982136290981
3944,0.03103489180183228
3945,0.012490729999925518
3946,0.009567347466754557
3947,0.0032703844187150165
3948,0.030363031921922114
3949,0.058498630066180564
3950,0.016476129481699724
3951,0.005760315431212799
3952,0.17980081183028532
3953,0.03000795767371642
3954,0.038680173838934344
3955,0.04528047478119983
3956,0.008470555646216054
3957,0.004127177382675
3958,0.026956556279563608
3959,0.026398482765475545
3960,0.020412753328931475
3961,0.005774169623027382
3962,0.053104167151448306
3963,0.07247749808710689
3964,0.004882348784015431
3965,0.028188722564816568
3966,0.008889233195876464
3967,0.037290723909645364
3968,0.0240041842391173
3969,0.04713260632635015
3970,0.00971628995650348
3971,0.1374272437564634
3972,0.03784623354488214
3973,0.009587394550258707
3974,0.03099330357563611
3975,0.006763448014808706
3976,0.015529294625200595
3977,0.061166379220461586
3978,0.011910313480245974
3979,0.0043758794603093185
3980,0.038061211888818836
3981,0.08791146057289398
3982,0.004094333615518613
3983,0.1102819911083153
3984,0.0053337834000636575
3985,0.0062731058038969535
3986,0.005177683589802804
3987,0.06456776293143318
3988,0.01305068472212115
3989,0.013015699402740024
3990,0.2797271798191236
3991,0.006480381601700945
3992,0.03166417697818663
3993,0.04291420491821197
3994,0.12418060918318165
3995,0.012378543271154072
3996,0.04527047236389204
3997,0.005379337520883278
3998,0.02698083687611298
3999,0.011684903012733689
4000,0.041790406518335085
4001,0.012894294075809137
4002,0.008752981590057891
4003,0.06987621171617078
4004,0.032339504061337176
4005,0.02648618682262953
4006,0.016360803810881095
4007,0.3009449046679061
4008,0.10526830259754295
4009,0.01550557463162282
4010,0.04279104306421828
4011,0.00945263586827545
4012,0.11251603211165531
4013,0.07183591797052453
4014,0.005362639835515953
4015,0.01305355354330784
4016,0.04566402501916069
4017,0.056350093857068594
4018,0.1509557315819002
4019,0.09494337623517275
4020,0.009140962338378293
4021,0.0022194558698597584
4022,0.10557128845267452
4023,0.07492263767678099
4024,0.0092711420348876
4025,0.006490255010720538
4026,0.12416125931503914
4027,0.023553790877935358
4028,0.041197399695287205
4029,0.015971835999363505
4030,0.0030469111253797945
4031,0.002205325385021796
4032,0.07111656134224832
4033,0.0645764907630894
4034,0.11090144901322836
4035,0.03130269317200274
4036,0.021109983691988236
4037,0.012731787980924192
4038,0.022811397869207918
4039,0.01772910221095806
4040,0.023032109136254086
4041,0.11616462949170597
4042,0.0026944717853749326
4043,0.005012195301505472
4044,0.009250404710288632
4045,0.0178903856946968
4046,0.005909429104071423
4047,0.024236425520543316
4048,0.04196185550921993
4049,0.01766687505362015
4050,0.0802426178065925
4051,0.03310136802270214
4052,0.004084582650456662
4053,0.01861993648578612
4054,0.013339362164859052
4055,0.008946955426976459
4056,0.09275197184576929
4057,0.003604192038276693
4058,0.027775350452592416
4059,0.006538109994644463
4060,0.014518936484718165
4061,0.0644556145890886
4062,0.02246353141039858
4063,0.28435250089385067
4064,0.05531873820905186
4065,0.01828032864509315
4066,0.031783947154414606
4067,0.02141258633842524
4068,0.022259844175121196
4069,0.019338445351729676
4070,0.13167635897973629
4071,0.053054135394752205
4072,0.04433151983168908
4073,0.01861448535649944
4074,0.0032825220396407503
4075,0.02757673834214373
4076,0.004762779258410591
4077,0.010247623701177324
4078,0.0026809204133242067
4079,0.11605073230704836
4080,0.021744578260160966
4081,0.022299886517015876
4082,0.013726313810655146
4083,0.02892638177075415
4084,0.015301369416119039
4085,0.05688289665611729
4086,0.048777898125007865
4087,0.06262243477814514
4088,0.05210363050439637
4089,0.12266234195359596
4090,0.004448780880941724
4091,0.020870612330224147
4092,0.011540053032670264
4093,0.017950489237746028
4094,0.0808841769915342
4095,0.009218067012645959
4096,0.008774243618853593
4097,0.16417644581124394
4098,0.09221136369056925
4099,0.011434359381880175
4100,0.020431152111638973
4101,0.03597177657878425
4102,0.016691646006673472
4103,0.008695920249527303
4104,0.027031707996594167
4105,0.0769975485319852
4106,0.03308128789453629
4107,0.027128508053186375
4108,0.0172039255520942
4109,0.047734242905953066
4110,0.0053745803087347655
4111,0.00843161759976786
4112,0.02694240392745032
4113,0.029364049702178704
4114,0.011229525918524176
4115,0.1139639420541414
4116,0.09750363537201497
4117,0.014383731042890941
4118,0.0163574138751025
4119,0.015655217164309242
4120,0.010222660735996578
4121,0.018736429206820795
4122,0.012920943395620046
4123,0.11124692934410675
4124,0.006268888530986408
4125,0.07154533262030982
4126,0.07028135801277291
4127,0.10922953785754169
4128,0.023481414280445756
4129,0.07387712211456307
4130,0.02708467821788631
4131,0.01815590957635148
4132,0.022265981370250643
4133,0.010556947965942119
4134,0.12199359350929168
4135,0.023786486024170692
4136,0.00552750989988768
4137,0.016912879846260814
4138,0.008091078769103397
4139,0.015056061399243051
4140,0.009654080206696686
4141,0.004624720325257518
4142,0.007617121960547213
4143,0.052459844321584355
4144,0.02912375708454014
4145,0.0037420249070221866
4146,0.02575930368114175
4147,0.055030251707625974
4148,0.02058378441608634
4149,0.07036908619904059
4150,0.006653601336781013
4151,0.02555679572085386
4152,0.00586584356495608
4153,0.06459350446618535
4154,0.015724217082534613
4155,0.01643504611194099
4156,0.018973092590244368
4157,0.032456564557652647
4158,0.06357733975712516
4159,0.023277889597695386
4160,0.029876453424382006
4161,0.013227156640420677
4162,0.12603190464183056
4163,0.018876989959712286
4164,0.02025612748360446
4165,0.007204464214157075
4166,0.17018138513982067
4167,0.007783246083187691
4168,0.052423132191072905
4169,0.132700203751837
4170,0.006019470576234407
4171,0.02599919585391141
4172,0.01474296228353325
4173,0.018019694808491443
4174,0.006586787219967086
4175,0.07688310578447188
4176,0.007918158911308254
4177,0.030993297202487533
4178,0.020633920102511593
4179,0.016040089022863083
4180,0.05467696991203205
4181,0.14249797277010254
4182,0.01818171720598282
4183,0.022057468215715997
4184,0.0205064299509634
4185,0.027636283627143526
4186,0.06385572640514388
4187,0.015525483487114355
4188,0.019613663327615567
4189,0.025657259933645964
4190,0.014357579936926481
4191,0.014546456697841466
4192,0.07061061887682196
4193,0.03288085876222095
4194,0.011071128298752096
4195,0.009190753357715712
4196,0.07555741580208296
4197,0.009363451625708728
4198,0.01147507762852992
4199,0.016165450628198158
4200,0.016695133671677683
4201,0.11030182803812852
4202,0.009578845594729622
4203,0.04985753028563206
4204,0.007250560107949549
4205,0.026097010694563175
4206,0.0050652778640796385
4207,0.006607704450685556
4208,0.28955920280573333
4209,0.018788249465248655
4210,0.0034018739425440655
4211,0.012456588729263527
4212,0.07559083481975988
4213,0.03447222996078326
4214,0.007959906014598634
4215,0.023057178841773104
4216,0.029720282098717927
4217,0.026572155656188323
4218,0.056232485789063875
4219,0.11767084804771681
4220,0.04233021043241569
4221,0.011307279843956434
4222,0.17113440790558795
4223,0.011158942987485189
4224,0.0969966440383685
4225,0.005896432758848795
4226,0.1805967029954018
4227,0.01381196713617593
4228,0.08785502992810539
4229,0.031373551242736115
4230,0.03137481542208131
4231,0.0026037187946581102
4232,0.019367133370070087
4233,0.02235285695531258
4234,0.021565563898202047
4235,0.013672771605456165
4236,0.052191170244500665
4237,0.0077790611332193655
4238,0.017721220433465208
4239,0.06556792843024131
4240,0.1601204799284414
4241,0.11106310417946715
4242,0.005686266905006961
4243,0.015627335657306198
4244,0.08419143516605997
4245,0.06461330216990464
4246,0.011767703633943605
4247,0.07203876927775049
4248,0.15429830784841686
4249,0.11193287822554117
4250,0.2630881391619376
4251,0.005243429365112212
4252,0.11969389719695435
4253,0.01333674600671813
4254,0.016477097580438024
4255,0.11035286169675614
4256,0.011706330176063831
4257,0.015467705542959816
4258,0.08264878912805015
4259,0.004907516338505851
4260,0.005256463399185589
4261,0.004501896410299982
4262,0.006861038576313599
4263,0.03986018671355952
4264,0.05827892375692717
4265,0.029794386666860906
4266,0.2495023533219324
4267,0.02289230343139855
4268,0.014378233065773753
4269,0.011525829585645346
4270,0.0191230600057782
4271,0.0042587305356973975
4272,0.08127174416916925
4273,0.014122516296768813
4274,0.050370898805503626
4275,0.01814881316365541
4276,0.016113463082208908
4277,0.07046606302007
4278,0.011161808089344739
4279,0.026409984163596766
4280,0.21439529292882398
4281,0.12864660084149096
4282,0.010425740086053997
4283,0.09600643221809146
4284,0.20119870847863933
4285,0.03933424478434827
4286,0.025966323565341745
4287,0.06044206201137879
4288,0.014440186833736593
4289,0.007453108534281395
4290,0.02066112816808626
4291,0.012132858289211998
4292,0.004920127744212691
4293,0.012164645970305097
4294,0.00846172560236006
4295,0.010092445001137712
4296,0.015134265918535854
4297,0.03403513301480914
4298,0.008245276792004184
4299,0.03460282665118216
4300,0.013111324918423149
4301,0.005209050789228886
4302,0.006511732039520011
4303,0.03593325026215191
4304,0.18243770217368702
4305,0.01931013988276434
4306,0.0068340425431879445
4307,0.005383366065957499
4308,0.22603470645801643
4309,0.014734802929292945
4310,0.006568854930808643
4311,0.016809705922873144
4312,0.14748353793579852
4313,0.013733673157176872
4314,0.025242184438553958
4315,0.10068326475944021
4316,0.004241529178729649
4317,0.22944634335921438
4318,0.004741707053423928
4319,0.03384764559150529
4320,0.032033347046091384
4321,0.04989615587235036
4322,0.06008289222093776
4323,0.004055050600801169
4324,0.011925386403619256
4325,0.0098096643442941
4326,0.029809501633650832
4327,0.03284760627558219
4328,0.013163590343000164
4329,0.004641843957865422
4330,0.04409684764703876
4331,0.009550529620636525
4332,0.03723027934584516
4333,0.012010189199887842
4334,0.008723218920217445
4335,0.05245523730824425
4336,0.015694831068245353
4337,0.009676492133409842
4338,0.027121621460428916
4339,0.008903781748856969
4340,0.11959784718662127
4341,0.010142645356221707
4342,0.1448359514314968
4343,0.004415173247542727
4344,0.025233606868122965
4345,0.07507162868298502
4346,0.03817129843131904
4347,0.011615886861029533
4348,0.10391143902840587
4349,0.01701344648725845
4350,0.03415312477582495
4351,0.04410075046470867
4352,0.020523758221975216
4353,0.005615209643802327
4354,0.006743150754807992
4355,0.014035752147222788
4356,0.015202113786317153
4357,0.020252428045772815
4358,0.09606422701509677
4359,0.012167714061889543
4360,0.005186296674933587
4361,0.21248553792323102
4362,0.025903205561115108
4363,0.025101005366356226
4364,0.021377267859805104
4365,0.012941196642500744
4366,0.0047926974211139175
4367,0.00562602639245788
4368,0.011508400017404196
4369,0.0683266571080544
4370,0.257779290116747
4371,0.01087830255240878
4372,0.03593647734471715
4373,0.016754516428991107
4374,0.051733700408914944
4375,0.04816786613844273
4376,0.07349933584131339
4377,0.0030247712397005987
4378,0.024910861692439352
4379,0.03335048749988599
4380,0.0314420502780344
4381,0.010823529056545725
4382,0.03886220409408685
4383,0.013006393489627325
4384,0.012773565029543146
4385,0.049190124125791074
4386,0.00845786146451726
4387,0.0502521624751322
4388,0.017101104682991097
4389,0.034015274628055106
4390,0.10370500898841756
4391,0.03385309876657689
4392,0.02717379333570812
4393,0.04443335339379298
4394,0.024511323303291116
4395,0.013457006216250428
4396,0.16649571922646214
4397,0.021448767063668075
4398,0.009136474704597674
4399,0.06454175207332047
4400,0.09950886169448238
4401,0.049391930975880446
4402,0.01941506374586501
4403,0.006812939954549346
4404,0.02181533199694418
4405,0.0007650949630009117
4406,0.18713622928022694
4407,0.013698243832692365
4408,0.0984670669516233
4409,0.034449229804319026
4410,0.00963115161471786
4411,0.008266209962276049
4412,0.009677994042245067
4413,0.01759016457593942
4414,0.03318470763836007
4415,0.0459315669546451
4416,0.11359718271699544
4417,0.010813943586289182
4418,0.007798421284829482
4419,0.07404394397309945
4420,0.012348145261581407
4421,0.02744210113822679
4422,0.010557012719531097
4423,0.05620857782538291
4424,0.00415636552827262
4425,0.016582271076891822
4426,0.007764163164093074
4427,0.08886435214651502
4428,0.11098509318649373
4429,0.020000442560811377
4430,0.004059084156210613
4431,0.015933128384864062
4432,0.3104949320146281
4433,0.11404298720757322
4434,0.03155461498456073
4435,0.002481802643768536
4436,0.009418819973606602
4437,0.009116075732584312
4438,0.04463877081569563
4439,0.34207209693809015
4440,0.06158622466841028
4441,0.004820546670331861
4442,0.11155535800991927
4443,0.007270677210306528
4444,0.004248141441533604
4445,0.017723180878884814
4446,0.07914287682805747
4447,0.00870312896805129
4448,0.006260021185238199
4449,0.01405854646464133
4450,0.084271940430556
4451,0.005570996564005358
4452,0.015133739655575683
4453,0.004265303395778986
4454,0.00750825841524428
4455,0.0122738201033956
4456,0.01708128051741194
4457,0.025414492738857482
4458,0.02262190050590323
4459,0.06289324232814694
4460,0.011352712581755433
4461,0.020376788406403938
4462,0.261876657272532
4463,0.0258124545395953
4464,0.012049758483711174
4465,0.09650635372224423
4466,0.006610383372077467
4467,0.06940712366636641
4468,0.006067447547703204
4469,0.008106873511798706
4470,0.14274142371455764
4471,0.040769807602316986
4472,0.001597192534338913
4473,0.012827692247324699
4474,0.14082361893716558
4475,0.1470209694624377
4476,0.12308300867762097
4477,0.0026437475298457117
4478,0.06510021102269783
4479,0.02120766874596901
4480,0.07739543796643007
4481,0.0387419186502196
4482,0.014243865399709295
4483,0.015380934822678423
4484,0.005454393671415837
4485,0.06834160592556561
4486,0.020820958865930248
4487,0.005465331781159686
4488,0.027240498210718476
4489,0.008387364235592196
4490,0.01914058854746269
4491,0.0035834970849165358
4492,0.023029320631564106
4493,0.07285840322789135
4494,0.02133804307250685
4495,0.014208864575464218
4496,0.024702411085718735
4497,0.15933233212423384
4498,0.012147804214307903
4499,0.004944247237545401
4500,0.0030137889411304677
4501,0.01062457140188571
4502,0.029483536902635225
4503,0.013788706671389915
4504,0.0027773035148176617
4505,0.2768455069017714
4506,0.0032459814181111575
4507,0.008442925645365426
4508,0.01596826880612122
4509,0.14309212531414636
4510,0.12432724575899803
4511,0.08430101042556201
4512,0.006109158180295741
4513,0.04791200943965417
4514,0.009439875990795477
4515,0.005930884492353747
4516,0.028655621887723453
4517,0.1202061540016457
4518,0.008599794324102421
4519,0.01535939717209521
4520,0.10543002430339193
4521,0.014791206203271583
4522,0.020400138194335178
4523,0.01663466064366252
4524,0.0017441716829740322
4525,0.01652771614758932
4526,0.03625985952889521
4527,0.01447502929570061
4528,0.02428864877156607
4529,0.04954809844801459
4530,0.10989221979334532
4531,0.0033770860323051014
4532,0.0868096560505667
4533,0.11919666292076937
4534,0.004807717005703697
4535,0.017884807290291734
4536,0.0015330488543749976
4537,0.01824142844247997
4538,0.007365495658211745
4539,0.02089851267139111
4540,0.04240303593848079
4541,0.11517313680132196
4542,0.036591226164475556
4543,0.035346826002793784
4544,0.00877646456485288
4545,0.007349993918576375
4546,0.19878917287657516
4547,0.004386626480686222
4548,0.06312486134530212
4549,0.041868688199067264
4550,0.022477711640014723
4551,0.006004262199819344
4552,0.01008770527939496
4553,0.11406384972824463
4554,0.0727010259994764
4555,0.07444505523987352
4556,0.018558715927030938
4557,0.0029422156920241994
4558,0.010320478090991753
4559,0.01217473616268423
4560,0.005631961153614585
4561,0.05031246197124613
4562,0.008786228972594826
4563,0.06907136659021837
4564,0.09233782404650068
4565,0.0820375344529773
4566,0.009280985613121262
4567,0.036853849509313405
4568,0.003273771029117351
4569,0.04501183014222803
4570,0.010623826245259869
4571,0.014679630918946824
4572,0.0102218699069728
4573,0.009653283117876714
4574,0.005901377896162592
4575,0.012341988717707378
4576,0.012077867937353631
4577,0.01085515650224794
4578,0.16663595615201657
4579,0.02450392167336665
4580,0.034704441898566106
4581,0.03601736741728792
4582,0.05562847898031891
4583,0.20878319235102924
4584,0.10151962756946224
4585,0.0185575210012122
4586,0.024737583752794678
4587,0.0019898176294162353
4588,0.012227283725418139
4589,0.00616903403813372
4590,0.006543677922928024
4591,0.02148524560553134
4592,0.010260603964903635
4593,0.015592571486531873
4594,0.026833436357978458
4595,0.009361772342837008
4596,0.06823613734315373
4597,0.023620203737660318
4598,0.06310788830477994
4599,0.043517211500368365
4600,0.005913644762145603
4601,0.01346559960022384
4602,0.3058989018039833
4603,0.025067565820354493
4604,0.005698801968463165
4605,0.0250826223945664
4606,0.020866770392019247
4607,0.002294252425266144
4608,0.017463712130058887
4609,0.06640788550387274
4610,0.08413120419411459
4611,0.011367362914031374
4612,0.0072893713587813165
4613,0.014990603760871862
4614,0.08877626845274919
4615,0.1894602739503648
4616,0.00950537272928146
4617,0.015061722249264194
4618,0.09239109073774805
4619,0.01619582786375559
4620,0.21383783950415375
4621,0.016708150108052978
4622,0.004263904408653913
4623,0.02116736374519594
4624,0.02759812694564137
4625,0.016236375941057955
4626,0.020268333736816736
4627,0.017377031995309912
4628,0.42713906248761724
4629,0.012991278237950078
4630,0.006922893864993267
4631,0.013698629223432466
4632,0.008004030160236899
4633,0.00834869600871572
4634,0.011131928579023103
4635,0.005107916569170482
4636,0.006919710349246455
4637,0.0033516201894697316
4638,0.018377820468142455
4639,0.011761545865642035
4640,0.01649797580850715
4641,0.014898080551699054
4642,0.48450449939021045
4643,0.008993557839276948
4644,0.009483586771440065
4645,0.02938050953256436
4646,0.06607279539733737
4647,0.027780636410754952
4648,0.02587993051792468
4649,0.0034318922112185424
4650,0.016661180142216042
4651,0.017375719298765163
4652,0.17985968270740565
4653,0.018835002982400952
4654,0.0944217329669488
4655,0.053599310946657173
4656,0.072927687250606
4657,0.019833304105977816
4658,0.017727995136304905
4659,0.022991061051108503
4660,0.03267507302097782
4661,0.006262257442675677
4662,0.03222017680232427
4663,0.006292453072501296
4664,0.029372532672196576
4665,0.015717094583212642
4666,0.025222225216169715
4667,0.0039496571388900024
4668,0.01582818884023344
4669,0.054334866662320305
4670,0.024259400615260267
4671,0.028760537376146002
4672,0.012475986237009629
4673,0.014997766340633394
4674,0.036131517116333764
4675,0.012755681965207759
4676,0.006368666988091747
4677,0.02198526793670377
4678,0.012769741920423789
4679,0.027478264271535126
4680,0.025754679790570337
4681,0.011742086298071958
4682,0.04257898907870144
4683,0.1026615952831061
4684,0.008845652761668673
4685,0.038219998228026734
4686,0.021851026179132513
4687,0.01907462816806247
4688,0.06251611732072053
4689,0.0116021008230235
4690,0.0421365211011769
4691,0.07276237029099861
4692,0.026592834296881286
4693,0.007612032922850537
4694,0.06329034267396177
4695,0.01431062647652637
4696,0.1366664128415971
4697,0.34572225402325024
4698,0.002466715518529769
4699,0.008562580669305674
4700,0.005348605455932869
4701,0.07796260148397191
4702,0.006085103019424405
4703,0.01674049703595483
4704,0.16819086467839156
4705,0.017930589846714046
4706,0.013629617270186724
4707,0.04408250651070411
4708,0.18350555902060306
4709,0.17378999013076463
4710,0.01725542076976375
4711,0.056961322073520615
4712,0.0029441070129638306
4713,0.014452386394807925
4714,0.01639840245008277
4715,0.10315640619640577
4716,0.08597287936315279
4717,0.009276745974604542
4718,0.014864039810828995
4719,0.06162709486745611
4720,0.014979274791802276
4721,0.00678794242740594
4722,0.09520552307868413
4723,0.013701222502683156
4724,0.11161202570237984
4725,0.0286353458769322
4726,0.15358758549858317
4727,0.035348000855886845
4728,0.007542970597259446
4729,0.016730791985001128
4730,0.010014768546366572
4731,0.005561592622216338
4732,0.006518649570991844
4733,0.08824787371448044
4734,0.002543161204200074
4735,0.01143392935413105
4736,0.06116857412371405
4737,0.0058177063783185524
4738,0.010271440953527904
4739,0.008351288254035891
4740,0.006411940258908484
4741,0.006222157428662388
4742,0.017670949197151616
4743,0.03860624075226475
4744,0.1662387897656228
4745,0.020153537106552825
4746,0.0060661512958271845
4747,0.013600325443959853
4748,0.01732234793297397
4749,0.008751289147350126
4750,0.06267030094222069
4751,0.117819653916477
4752,0.052972971980002836
4753,0.12497304789307626
4754,0.011034584083577346
4755,0.009921197326196576
4756,0.07150904350746616
4757,0.2884410961367555
4758,0.013426553415978489
4759,0.05129634383830867
4760,0.029597439461047644
4761,0.03399985601193674
4762,0.007870390726343018
4763,0.02601590808930142
4764,0.005865989329842261
4765,0.02026889172434181
4766,0.015344247778891843
4767,0.03127298090253592
4768,0.046275825927032575
4769,0.003637529994856588
4770,0.025573786421417756
4771,0.007752735083678754
4772,0.02384418524002052
4773,0.063024728492526
4774,0.03555788115787832
4775,0.018339651415924522
4776,0.02282291747290721
4777,0.10020770494484299
4778,0.005473842333762847
4779,0.018023949569847257
4780,0.012259967991805067
4781,0.017541915169236245
4782,0.028103219009874204
4783,0.0065795907414809346
4784,0.00690501076597836
4785,0.06796533459484583
4786,0.07451825091817361
4787,0.007833361630531506
4788,0.01925507194328114
4789,0.007707167385565457
4790,0.0320206811855992
4791,0.010469171804869446
4792,0.020699464673166634
4793,0.03709161187902425
4794,0.019889077828200846
4795,0.011825465768021234
4796,0.015202027744759506
4797,0.011158331711165292
4798,0.024451724506105506
4799,0.0124951970022417
4800,0.050904168509700004
4801,0.0058654179701448485
4802,0.02022937543047554
4803,0.1409684635078737
4804,0.007783352244046731
4805,0.007654558968266538
4806,0.022919349504754535
4807,0.0028999986098553403
4808,0.024006519552017654
4809,0.009156866402984206
4810,0.018031829321041158
4811,0.26075965898370845
4812,0.010911061053432747
4813,0.01347051552756724
4814,0.014684344941336372
4815,0.004007592158736962
4816,0.00875652672063668
4817,0.09305926195247052
4818,0.02109696834358706
4819,0.235626589080336
4820,0.02605715349891915
4821,0.009413024079918376
4822,0.009616810792086306
4823,0.029668863545573954
4824,0.0600861495959543
4825,0.021643718959206346
4826,0.007470540496609971
4827,0.02156872993445547
4828,0.022200416326428538
4829,0.0076535553943623755
4830,0.014016864574119874
4831,0.05363870742365388
4832,0.008593783893407776
4833,0.014585610295949993
4834,0.035228321707189904
4835,0.007966446912885741
4836,0.003526217522729509
4837,0.01225231111850357
4838,0.013931742248146943
4839,0.17203802251549016
4840,0.026808122383722714
4841,0.05533285451269834
4842,0.04634138095005556
4843,0.02591348152791471
4844,0.009612601760712861
4845,0.01682495720211537
4846,0.005718191727418459
4847,0.004430193580536175
4848,0.046414607788461335
4849,0.009063394793275939
4850,0.008145437745752148
4851,0.01106812832723523
4852,0.02033183243953889
4853,0.07418887214050972
4854,0.05610688512550751
4855,0.03240358613158627
4856,0.13670398159345024
4857,0.04600165564046263
4858,0.1079254281096833
4859,0.02993749688581951
4860,0.0060150023311490155
4861,0.007604929977489814
4862,0.1421129330816543
4863,0.00997279559426072
4864,0.009669610699996136
4865,0.010162050948871593
4866,0.010701050799983952
4867,0.026812317547997486
4868,0.030910019375273465
4869,0.016943220714735256
4870,0.03174621035554764
4871,0.0072451787361476295
4872,0.040102896081434344
4873,0.1357642336312551
4874,0.17292695790771045
4875,0.011344974207500455
4876,0.024365114339447807
4877,0.004326239631554039
4878,0.1133109261938845
4879,0.0033384442625202762
4880,0.0021981021147013577
4881,0.09335560449123789
4882,0.005639239665598088
4883,0.1281707544332735
4884,0.0050406219928490715
4885,0.08386475282245455
4886,0.06930581092170703
4887,0.02954531431864801
4888,0.059420771284459314
4889,0.00925305052903403
4890,0.02856693334201228
4891,0.0017129389296501821
4892,0.009415298419762122
4893,0.012261877290485466
4894,0.013291687773961147
4895,0.06077594471766736
4896,0.09912378239284982
4897,0.010988989527412278
4898,0.0033294476501107826
4899,0.006151587143379254
4900,0.03217470781984341
4901,0.011094675524182066
4902,0.016246978886798883
4903,0.06618957795222451
4904,0.011583429115065961
4905,0.021002781960601298
4906,0.055025668334965507
4907,0.025332491169509665
4908,0.012372059384826457
4909,0.021500907251580634
4910,0.03125248908063773
4911,0.018793602502342188
4912,0.005878998802144395
4913,0.019656389159790955
4914,0.0029079653110446356
4915,0.08846601722832506
4916,0.03432624825686178
4917,0.022148629339006774
4918,0.43465826167497423
4919,0.028658989019638505
4920,0.019772560076445508
4921,0.015975440291326255
4922,0.12821642357224405
4923,0.05397186544360201
4924,0.01879486164684695
4925,0.005378116098480889
4926,0.08746945570020746
4927,0.11087370123581675
4928,0.018567683847544893
4929,0.04164533539876296
4930,0.05977221050913839
4931,0.03912809619979894
4932,0.0832038401080514
4933,0.11547964267381675
4934,0.027238101412689508
4935,0.005080011891764386
4936,0.0030303855101142725
4937,0.014839755939893671
4938,0.0584961513481567
4939,0.26398203553348804
4940,0.011637872832348916
4941,0.019108452069929387
4942,0.033271376758893
4943,0.010642915891989785
4944,0.08238125977992672
4945,0.09729442977404519
4946,0.029981483695089
4947,0.02944397739808953
4948,0.005219886483337755
4949,0.005197278409969489
4950,0.08310643814799401
4951,0.008957786518280676
4952,0.006488645976092903
4953,0.023220027305180916
4954,0.0063730390014223
4955,0.2532683638675315
4956,0.03366601547715993
4957,0.3351432179848838
4958,0.28043871160095607
4959,0.03810772082089361
4960,0.024405288943408446
4961,0.010542210842265868
4962,0.011791612313972237
4963,0.04847448495542133
4964,0.016991788747511807
4965,0.005256738471612363
4966,0.011082754037791867
4967,0.005902682745629114
4968,0.00505471390006199
4969,0.008964405868890468
4970,0.001316682798752684
4971,0.0059427833584260155
4972,0.021400054072633082
4973,0.0098061349419704
4974,0.05020759149644945
4975,0.37443055306280537
4976,0.033028708996820456
4977,0.0023354823585986714
4978,0.010181221519728082
4979,0.005825637956373746
4980,0.019448798096759822
4981,0.008787166800317527
4982,0.006683470389677124
4983,0.003934155604201431
4984,0.06853889456610222
4985,0.016641019249424713
4986,0.009967778891892948
4987,0.007622202410957024
4988,0.0031830791793746277
4989,0.0033149013279755407
4990,0.006376321017398398
4991,0.03952032190022011
4992,0.008352439100473067
4993,0.00982412592231884
4994,0.010674100811944897
4995,0.05305100073453327
4996,0.11174123932665335
4997,0.003640388459681414
4998,0.01028333048254938
4999,0.011582429859395468
5000,0.004520440293993379
5001,0.09165463018556953
5002,0.017677688459553503
5003,0.012040817877185288
5004,0.0024984131614213777
5005,0.0037911790868468804
5006,0.06437330953235956
5007,0.028251681948872006
5008,0.004136466393021418
5009,0.15319495856312754
5010,0.010614557009375341
5011,0.008824007578045093
5012,0.08740419559406946
5013,0.06598206453563937
5014,0.07775390622718378
5015,0.0060804605250800985
5016,0.006229964865186645
5017,0.036885001930242675
5018,0.0165479180182955
5019,0.006826394964092887
5020,0.034527926198111895
5021,0.010431415873258961
5022,0.039867627174190214
5023,0.0038171216135905127
5024,0.003239066215900269
5025,0.013107570154761104
5026,0.15106192182394157
5027,0.20574969369223134
5028,0.013587098112464948
5029,0.06581900226234676
5030,0.012481038186903378
5031,0.01920081497058471
5032,0.0077583855949358
5033,0.014025478203193675
5034,0.0065822736651016504
5035,0.004624590432152941
5036,0.011841906926637405
5037,0.02093443014547406
5038,0.07537871176996813
5039,0.010220544925703621
5040,0.01277024573437315
5041,0.005028929118529417
5042,0.07043959282703507
5043,0.01817647712578772
5044,0.12008163199607856
5045,0.003944004682766811
5046,0.032367332649361064
5047,0.019346279253151546
5048,0.1520233588437515
5049,0.05598562310830258
5050,0.006672109287070683
5051,0.03997738739109582
5052,0.0595195519932435
5053,0.011971655727656634
5054,0.00798380652221485
5055,0.013711575428358335
5056,0.26176880756900456
5057,0.06833082395318521
5058,0.1075801940929705
5059,0.00571751389740677
5060,0.013555537299867514
5061,0.015026578552868488
5062,0.015223363943069801
5063,0.051895779331600465
5064,0.01139105974344045
5065,0.20263683982119773
5066,0.028792888174539642
5067,0.02188196573731076
5068,0.0876130541709923
5069,0.10202790551072269
5070,0.05349336850864184
5071,0.07860456088825088
5072,0.028901069756677545
5073,0.013833347377652423
5074,0.015986372761166972
5075,0.006088195675834789
5076,0.03613109986598578
5077,0.004589088456105466
5078,0.000865148034301711
5079,0.17627623111179141
5080,0.11288823923656013
5081,0.033082340678712546
5082,0.011907303992120357
5083,0.02034145038855012
5084,0.012285785591407266
5085,0.012221719780696414
5086,0.29794131208661123
5087,0.030721319044448844
5088,0.050895139761735916
5089,0.02330375928229646
5090,0.009002329122205926
5091,0.02009778636101092
5092,0.021081318959239728
5093,0.05037803996287628
5094,0.04126491053528876
5095,0.04298337144635182
5096,0.00912063706510086
5097,0.020115158660785382
5098,0.04258726820124343
5099,0.3067004696776115
5100,0.11795474890212204
5101,0.011522216026073688
5102,0.0790743708741203
5103,0.01479952458246683
5104,0.1680852254274551
5105,0.032473918284583216
5106,0.05941467920859482
5107,0.014131480476280985
5108,0.005084615339778979
5109,0.01054998764764492
5110,0.010559181427813018
5111,0.03877155936368557
5112,0.11340252043760979
5113,0.020412963788303613
5114,0.026182738793502015
5115,0.007188035622031664
5116,0.0841743135383584
5117,0.01216419226448743
5118,0.04552251258850442
5119,0.038412201798462255
5120,0.0328552609666219
5121,0.11690612609826222
5122,0.007056995211276865
5123,0.020931307844263315
5124,0.014636389166088282
5125,0.01602190833566297
5126,0.017637370838354188
5127,0.010699947282912877
5128,0.008684341888998394
5129,0.02344181301515357
5130,0.03565208159303328
5131,0.06401827268346885
5132,0.04539969803036738
5133,0.02519863199649921
5134,0.021999559386966037
5135,0.00030740504748189224
5136,0.005033611318661347
5137,0.01661084978757474
5138,0.010338937915333628
5139,0.00946924129862122
5140,0.008508617799489108
5141,0.06069696573586289
5142,0.019646168919571556
5143,0.016366675734462866
5144,0.012570573314858911
5145,0.03804341345204877
5146,0.06495203114581118
5147,0.01411604014575542
5148,0.012409757129671097
5149,0.06736416054702266
5150,0.01699590305816346
5151,0.02932582068237843
5152,0.28845862805521816
5153,0.011074604025253459
5154,0.0644528754216996
5155,0.008921442663762037
5156,0.4014253680821748
5157,0.04412346805015184
5158,0.10077033196410731
5159,0.012865254474281353
5160,0.02232385502894357
5161,0.15113108170032238
5162,0.035406035880810025
5163,0.034254458987915605
5164,0.0016744504495877393
5165,0.046448423821267126
5166,0.021894684811431583
5167,0.013277654415014462
5168,0.04218613689080112
5169,0.003819536853343854
5170,0.20438747182334935
5171,0.023987558805933132
5172,0.23750375621219513
5173,0.05067902294662263
5174,0.02910985665448934
5175,0.13581291306457974
5176,0.08240354485857379
5177,0.00801132465337077
5178,0.004736510757767453
5179,0.013790176802573368
5180,0.14426274418035379
5181,0.06906908671501259
5182,0.014519475556988574
5183,0.1039323410964311
5184,0.019053484003987174
5185,0.026960951843624965
5186,0.014571044472358225
5187,0.04652700272388086
5188,0.0038313962013503114
5189,0.011064592131401676
5190,0.06197498936289595
5191,0.05703102300637306
5192,0.019131044373772235
5193,0.005945760014234249
5194,0.00398508672409114
5195,0.012422798398519548
5196,0.05179105493688373
5197,0.011064242059858473
5198,0.031155699200226893
5199,0.010398281845934746
5200,0.02141586818414814
5201,0.005679549605061751
5202,0.006204530801006901
5203,0.018107831949015954
5204,0.019557037552358703
5205,0.16460568147284022
5206,0.15513204604293926
5207,0.012652681077760422
5208,0.029200878986198116
5209,0.043263125457515504
5210,0.028708426774710187
5211,0.005010402567996844
5212,0.010824168499817146
5213,0.041322865967144934
5214,0.010624100763106088
5215,0.0842965618397713
5216,0.0175729183894971
5217,0.01570106612439239
5218,0.009286518342755278
5219,0.03632439340685133
5220,0.23814205066615685
5221,0.0358553101297517
5222,0.014048942382450148
5223,0.14221362427890982
5224,0.016012477281827298
5225,0.006673779521803377
5226,0.02054148637075333
5227,0.021102444653170325
5228,0.002282892726601216
5229,0.17839820445714355
5230,0.011669957513734806
5231,0.0020099051723506058
5232,0.11497836382038368
5233,0.002914647035681374
5234,0.004798875347079331
5235,0.028040635789614205
5236,0.08055571074399911
5237,0.02099907930293268
5238,0.12330803813365541
5239,0.07302115906180483
5240,0.05892251721039158
5241,0.005582503855595973
5242,0.11611193385994306
5243,0.06109175583027167
5244,0.0564766958026195
5245,0.008678415540185447
5246,0.0168589438157151
5247,0.0066923525777621085
5248,0.015352671846884351
5249,0.013300516420885512
5250,0.019242389159923406
5251,0.018784526676409737
5252,0.018202090567749865
5253,0.021447126178461198
5254,0.01488028867524325
5255,0.021586582371560876
5256,0.016808048356891352
5257,0.029351568362761028
5258,0.00398981076875692
5259,0.04056069307423703
5260,0.032060625444000485
5261,0.03132350341277295
5262,0.0030804885635917654
5263,0.01222861846793332
5264,0.09429303160728594
5265,0.01670150570741957
5266,0.011498457443620975
5267,0.2898451593717065
5268,0.033452951224169185
5269,0.01926874946582646
5270,0.09129663693443485
5271,0.05534933750942605
5272,0.12751537180524902
5273,0.1652286699844682
5274,0.09092491066507698
5275,0.09937991099404027
5276,0.02397401877938479
5277,0.021795385835768333
5278,0.014106889046580027
5279,0.022240972203568604
5280,0.006036027480833025
5281,0.005198650921939001
5282,0.012819751697415043
5283,0.02032788115750727
5284,0.013305716284712261
5285,0.024384723392903745
5286,0.00834301308524779
5287,0.0005885568085087823
5288,0.38200275794171
5289,0.41838759545507476
5290,0.08649890821515502
5291,0.015432939328785302
5292,0.014419291340312654
5293,0.018601778543325995
5294,0.03194311645849879
5295,0.054118482747991095
5296,0.03823075876525685
5297,0.07057749736781112
5298,0.08073812688810299
5299,0.11494977248066308
5300,0.03782463080371847
5301,0.03311895114741633
5302,0.020311866187932053
5303,0.008465208559372822
5304,0.0027087943491716426
5305,0.005414250958629523
5306,0.0982946293549716
5307,0.021160236323491104
5308,0.00974113398801569
5309,0.021187860034591936
5310,0.04219323841917217
5311,0.2944183299588119
5312,0.008465559467167025
5313,0.010976573140153292
5314,0.034156028778652536
5315,0.013463963444158643
5316,0.13950106373985477
5317,0.06033884278758206
5318,0.05409782682312973
5319,0.004775791926712465
5320,0.014716325476760992
5321,0.02561594297632069
5322,0.2126051644109986
5323,0.019060077239360873
5324,0.01988302097970275
5325,0.01058041048269213
5326,0.016350458225152197
5327,0.008013865248840985
5328,0.0524554542696173
5329,0.005440962769250399
5330,0.01132899534970411
5331,0.019816716643868484
5332,0.018119422839180763
5333,0.015376798975748254
5334,0.006478597676782273
5335,0.05358822589262589
5336,0.032888827378609736
5337,0.045795112615815745
5338,0.005997143806358415
5339,0.006249792916091815
5340,0.04902497013524255
5341,0.041937487365229544
5342,0.01742885923258988
5343,0.002294271118446315
5344,0.0129165288549658
5345,0.05630648146702104
5346,0.034391249436664266
5347,0.0036346299920372526
5348,0.01308859567424972
5349,0.007665520293973845
5350,0.2210587402830999
5351,0.004927075576964218
5352,0.06895544032701384
5353,0.011570328372272013
5354,0.06395336872887437
5355,0.005661206565975347
5356,0.0335162936550624
5357,0.0280007828747228
5358,0.010301573939723552
5359,0.11424365033811244
5360,0.06539947124522487
5361,0.0059615980165867374
5362,0.020672072713492154
5363,0.010745701762489327
5364,0.05539978213307061
5365,0.047654911009807496
5366,0.013858535790565864
5367,0.008224762915665375
5368,0.004844132243935103
5369,0.02091960085830494
5370,0.07779877279980005
5371,0.019150165483585484
5372,0.021790622075465744
5373,0.029130954027978828
5374,0.3267320235717977
5375,0.015886752985113856
5376,0.035346975172730465
5377,0.16055566434225665
5378,0.030272528158770313
5379,0.006625963117359811
5380,0.0009025824347068212
5381,0.00574212688556299
5382,0.006875355372357015
5383,0.003814137709064135
5384,0.04341656060287625
5385,0.006371979331689156
5386,0.11399569003360972
5387,0.05534330654171419
5388,0.0038956148260789925
5389,0.010339512018737129
5390,0.1393372781920266
5391,0.16196760542726737
5392,0.05059021494890665
5393,0.020654693269007218
5394,0.1536665132434892
5395,0.010472668634469533
5396,0.03654731285612995
5397,0.033472708405174766
5398,0.07332143606512442
5399,0.06937206769970454
5400,0.2865785570653422
5401,0.012383440015383268
5402,0.17493416036483236
5403,0.008855542463005968
5404,0.32924955103752657
5405,0.09269736832488011
5406,0.06409947220934394
5407,0.011435396005698083
5408,0.007638023310251743
5409,0.05701523387335135
5410,0.008176503328466669
5411,0.019873107485684112
5412,0.010480306181635613
5413,0.009646288549865057
5414,0.05362720568241311
5415,0.002450588479906292
5416,0.0019640968205580974
5417,0.003544117989500182
5418,0.06930414578822709
5419,0.002840739670027746
5420,0.004201970094273598
5421,0.008203381412215724
5422,0.014989535570628265
5423,0.1240634504507396
5424,0.01113513637832037
5425,0.011094426604899536
5426,0.1676316550313277
5427,0.019593936933874415
5428,0.11336849339745644
5429,0.01286726061479682
5430,0.04123092914698115
5431,0.08598109533077776
5432,0.1708300439954648
5433,0.09634516612752522
5434,0.005124309392798091
5435,0.0091351387401788
5436,0.29289094471852134
5437,0.013255595246110743
5438,0.03316757968278478
5439,0.01158239188035
5440,0.008107010470728478
5441,0.01705312745917374
5442,0.010552941777705419
5443,0.03387207213001856
5444,0.05627692284629107
5445,0.036062966031265666
5446,0.0030679959881240505
5447,0.002530362793958922
5448,0.0033991545242930037
5449,0.046157326748141006
5450,0.003090387811382088
5451,0.006415460316100049
5452,0.016647262170673176
5453,0.022798892617605516
5454,0.0624589911457198
5455,0.028574631516531564
5456,0.003320579916496475
5457,0.09839120132034836
5458,0.014437748913282268
5459,0.01756628272318906
5460,0.0588954164084255
5461,0.04278666365306329
5462,0.011562195443816288
5463,0.01995867950814688
5464,0.04465500666335643
5465,0.05785048871134433
5466,0.005429907116436429
5467,0.37897466780797134
5468,0.02721723744488706
5469,0.011928131446812216
5470,0.007690538582480267
5471,0.008205749019687014
5472,0.18189252121808383
5473,0.003584888652756601
5474,0.03600737988424707
5475,0.011971876123999907
5476,0.06935966295182666
5477,0.003986823591578822
5478,0.023441254955002853
5479,0.004713128078590155
5480,0.061410722663791356
5481,0.15017455905753044
5482,0.0453737218024467
5483,0.033034399207365645
5484,0.020810053486805643
5485,0.021677665374501043
5486,0.04727491603389104
5487,0.01297331294751779
5488,0.09838919115018854
5489,0.006525223692758954
5490,0.005420942157241528
5491,0.08206017098140134
5492,0.029615130051443863
5493,0.15754699870712138
5494,0.0027119651169163752
5495,0.007303512358553721
5496,0.012515384169546034
5497,0.011563438018309067
5498,0.004326963502902656
5499,0.053580343075477085
5500,0.0037170894072667084
5501,0.02470665263146941
5502,0.05355671519520259
5503,0.028580096693844485
5504,0.010262360351883009
5505,0.14327791425877917
5506,0.007477906429173531
5507,0.017548847219927204
5508,0.0078041206585867376
5509,0.04187974112691434
5510,0.016533098677169546
5511,0.017835864077541907
5512,0.03487632170753417
5513,0.023059757202832244
5514,0.06598438728670668
5515,0.028398253166647455
5516,0.0034835994239049563
5517,0.0411280813305708
5518,0.017734983830268863
5519,0.139761723129785
5520,0.025666308468023855
5521,0.0033239837836135425
5522,0.03196547746863399
5523,0.003992297145512033
5524,0.052225849272084006
5525,0.07546174119886197
5526,0.14583494967871616
5527,0.010462751249623254
5528,0.0027063842054168806
5529,0.02284615820979343
5530,0.01178642302727238
5531,0.09787964324768138
5532,0.01799049834173829
5533,0.020216833075250944
5534,0.008991443532508995
5535,0.011296068606737365
5536,0.00350050095960108
5537,0.11832547495002166
5538,0.2078251676874452
5539,0.0162651497855837
5540,0.005366286935886495
5541,0.012652209382229994
5542,0.003198337981334055
5543,0.018006771057385105
5544,0.0050365983000047075
5545,0.02055836362875475
5546,0.009972459673115653
5547,0.130165809564167
5548,0.026428430307006198
5549,0.05462888642870407
5550,0.007896744393749046
5551,0.3776438682230267
5552,0.012004376726611985
5553,0.018639709242318205
5554,0.02838378714716639
5555,0.010617092389923252
5556,0.08173151333775625
5557,0.007597091567640991
5558,0.10923777279296537
5559,0.025477500455302633
5560,0.008648146584282562
5561,0.08719881958141898
5562,0.012638193451793036
5563,0.018103469404639902
5564,0.003236334755689826
5565,0.015523670649009976
5566,0.012115942475370891
5567,0.006634562908545746
5568,0.04119517698594055
5569,0.058821333910285524
5570,0.016440170144931675
5571,0.004760814444918878
5572,0.01860944281498181
5573,0.01779136401682219
5574,0.03589282485552401
5575,0.03686815598606714
5576,0.07239681220166456
5577,0.09363839622459902
5578,0.14216684416684125
5579,0.015552074990218918
5580,0.030188054501593682
5581,0.0636953124771464
5582,0.01530383374580229
5583,0.09904710747008674
5584,0.024877721996658907
5585,0.012992248554239017
5586,0.001675408740444251
5587,0.03749396308390536
5588,0.024501701755292163
5589,0.02585680938258142
5590,0.04016408670489281
5591,0.00991004601149647
5592,0.021741649886294855
5593,0.03225403480820131
5594,0.012372529108669034
5595,0.053337877704317554
5596,0.09314927982179337
5597,0.011660569124154639
5598,0.007729113356481678
5599,0.1255944723121758
5600,0.01074331320072536
5601,0.104839800767362
5602,0.02137846232559044
5603,0.1346150920938808
5604,0.016310181118631185
5605,0.019617344948868316
5606,0.07697155157446105
5607,0.055033676597818
5608,0.2464394279294402
5609,0.01888144829515496
5610,0.012808629182218529
5611,0.013228323524510107
5612,0.03945418375904501
5613,0.033372218067887024
5614,0.012736630017888382
5615,0.07141977870157404
5616,0.011034779498884354
5617,0.04037737089569958
5618,0.10707159881640226
5619,0.0013065080233746502
5620,0.06467352813878897
5621,0.0512164464802633
5622,0.10643428214557184
5623,0.015696356596019614
5624,0.014805171457676975
5625,0.012604477107459102
5626,0.011104306636414742
5627,0.011263787043710623
5628,0.012836272674835355
5629,0.31650866442774556
5630,0.00527299461780355
5631,0.012521897939536838
5632,0.05954078949108699
5633,0.13975816651925752
5634,0.023922485283196775
5635,0.030295308099540987
5636,0.05680400012048328
5637,0.011034475907227321
5638,0.00469820554146811
5639,0.05999859629773376
5640,0.02010664190710616
5641,0.011601877591830331
5642,0.11440518374268654
5643,0.12720131810236807
5644,0.055647102844440986
5645,0.004412300736536911
5646,0.022759997568668672
5647,0.012115821158554535
5648,0.025127227659476992
5649,0.006910810983932739
5650,0.010302863897528164
5651,0.07495616236122672
5652,0.020828799545733363
5653,0.013320621205215436
5654,0.035926166872174495
5655,0.09524811310222255
5656,0.030903457549860385
5657,0.06293612412666773
5658,0.03165041126918161
5659,0.06756758911836108
5660,0.009448449059330679
5661,0.06319262350444034
5662,0.05352292188334329
5663,0.006822207158640419
5664,0.01165090668342255
5665,0.02775037866441076
5666,0.003195301100693351
5667,0.03293171045467505
5668,0.011158111396503195
5669,0.16485258632465347
5670,0.0021414666694509095
5671,0.0562516378098979
5672,0.4063130483887922
5673,0.0024837297216872035
5674,0.004632286101561532
5675,0.012088648979516241
5676,0.008159876314801296
5677,0.0648590438572971
5678,0.07951539301820632
5679,0.014630499638321862
5680,0.012508635190991664
5681,0.06628399165716008
5682,0.006205057762578449
5683,0.01195927478746079
5684,0.11570118328550319
5685,0.016547080293648687
5686,0.07324700144695685
5687,0.024081264161355028
5688,0.02180894674404114
5689,0.01071443199583401
5690,0.0681960935685546
5691,0.018180488421876764
5692,0.0106947384820567
5693,0.004067720738768436
5694,0.010645893902919869
5695,0.13327154303179917
5696,0.025670812607153867
5697,0.0027901769282834415
5698,0.016889522054556957
5699,0.010334413646357848
5700,0.10176857736310417
5701,0.13463144663458057
5702,0.007358488352801573
5703,0.005210541671572299
5704,0.01120519945634845
5705,0.05649643466398932
5706,0.01740701771341748
5707,0.011015341052206331
5708,0.18272989910866105
5709,0.07476642018404105
5710,0.016150633555608664
5711,0.010411327410074056
5712,0.3440581472942249
5713,0.01372034705140435
5714,0.019878059447960155
5715,0.028210577015680298
5716,0.009376409821194791
5717,0.0339151087706809
5718,0.012251085234880294
5719,0.01410290243958771
5720,0.012431903672206233
5721,0.023899890923920586
5722,0.04411824586085085
5723,0.006762924030180022
5724,0.09797614528918526
5725,0.06187470624586136
5726,0.026483337225568376
5727,0.045144123890310466
5728,0.012807833024306586
5729,0.013527983539601475
5730,0.02204489006483385
5731,0.0807863657900457
5732,0.024756203355266446
5733,0.03214517057646942
5734,0.006659527927065012
5735,0.03503808760654526
5736,0.011410931131885578
5737,0.02573177483481673
5738,0.0133876832468584
5739,0.04926244697112121
5740,0.012966028674251576
5741,0.007849472595562358
5742,0.054759462947867085
5743,0.00851470380063436
5744,0.01364937334113184
5745,0.019397660609166756
5746,0.016017153584517666
5747,0.020239668960160988
5748,0.053318893202009575
5749,0.015183031307410435
5750,0.16478190988538305
5751,0.018087336128290634
5752,0.00936137407975359
5753,0.06757362243376956
5754,0.012805644071141873
5755,0.007586866789258824
5756,0.017299153096693855
5757,0.013483815096708946
5758,0.022048348108039757
5759,0.01908397655354913
5760,0.007848671051140425
5761,0.038527542920221924
5762,0.007863170846164494
5763,0.05015511019761708
5764,0.017188033936959446
5765,0.021676117214076304
5766,0.010838996076319517
5767,0.0902583837862387
5768,0.004856633705715877
5769,0.01491597000936017
5770,0.010438587905490716
5771,0.10249546245208024
5772,0.04844514042945833
5773,0.006979194538726877
5774,0.02229386438143792
5775,0.02076860670372497
5776,0.01862412234944846
5777,0.02834031663328563
5778,0.012188594232314947
5779,0.01616280107826442
5780,0.0027565162189658802
5781,0.017893316791954345
5782,0.03615355213550326
5783,0.027614841384652013
5784,0.028581825950979925
5785,0.007571359255093205
5786,0.1500058323271561
5787,0.00754645116302799
5788,0.011745326539992076
5789,0.010708386866589687
5790,0.016873632924912146
5791,0.04375261825518678
5792,0.005746230046445775
5793,0.002813032033976211
5794,0.02425272502642682
5795,0.014506348232311462
5796,0.0024157607784923265
5797,0.004841932627773819
5798,0.028436753913252663
5799,0.023569635908569385
5800,0.005898806969269678
5801,0.05323254182360387
5802,0.005944699975304016
5803,0.030563488079458287
5804,0.014242189712229661
5805,0.017922493699743632
5806,0.00338033662010554
5807,0.033248709824541464
5808,0.012415951640227657
5809,0.028165481386549767
5810,0.03777203251586699
5811,0.015013485044114925
5812,0.05002184994047233
5813,0.03825069965056692
5814,0.004089369167070556
5815,0.009066003976163958
5816,0.004489096755766696
5817,0.023704443570442192
5818,0.07569397653656802
5819,0.006669784302480842
5820,0.10933261072186119
5821,0.05429901001272562
5822,0.08151443306117752
5823,0.0073638669655004645
5824,0.05858390657661433
5825,0.006692433611249666
5826,0.0167444061214567
5827,0.36371808536362576
5828,0.013526418983123992
5829,0.014935670842979401
5830,0.011605396880458578
5831,0.15535218813328217
5832,0.0023793611216701587
5833,0.027226842939189033
5834,0.01385837746234355
5835,0.004053992007190228
5836,0.02908940304152661
5837,0.07915269895874133
5838,0.004293982698004549
5839,0.007156462239444599
5840,0.020910050633585982
5841,0.005923954055419719
5842,0.026036590634308222
5843,0.08293148641761594
5844,0.0024521532601823976
5845,0.008716128784911273
5846,0.01986748059030723
5847,0.015275327269512343
5848,0.0789825911009567
5849,0.014709842090485663
5850,0.008327857725138265
5851,0.0136416538560197
5852,0.014513601821807791
5853,0.015725155145015834
5854,0.03255063245457424
5855,0.013803350676094044
5856,0.05734732162709556
5857,0.0758331655935164
5858,0.029776952604770108
5859,0.142613592235642
5860,0.012025512656588619
5861,0.06679826979812864
5862,0.04651671369362944
5863,0.022344691594948885
5864,0.03046777518629456
5865,0.020805271143050183
5866,0.011497303162796766
5867,0.010183707246041625
5868,0.04058773030671998
5869,0.06806727141312463
5870,0.015475131876072988
5871,0.09949516400142694
5872,0.01977188731567642
5873,0.007908811927612249
5874,0.025713282612057967
5875,0.01377031623297598
5876,0.015981026552109718
5877,0.005096903458956968
5878,0.004624521998345871
5879,0.013993315767093053
5880,0.004432502217095229
5881,0.002818490266368271
5882,0.4256648470779452
5883,0.029680611324538975
5884,0.09257347412567385
5885,0.044599167116862244
5886,0.03156079870768378
5887,0.0028516797119471473
5888,0.06880525493164483
5889,0.02411935847263416
5890,0.025116087378097143
5891,0.008543185468329578
5892,0.029321515284830974
5893,0.10048534877284448
5894,0.008390048452998764
5895,0.008445536907911076
5896,0.026627569438634084
5897,0.013592847547448666
5898,0.033980717198384705
5899,0.06899577527653965
5900,0.07367711790703384
5901,0.03326430513267962
5902,0.014646600424241861
5903,0.01745690985987405
5904,0.008332002084378181
5905,0.03707360205365017
5906,0.004811705897652463
5907,0.029852908733294135
5908,0.026386843604079252
5909,0.07020862033912184
5910,0.004168460999202692
5911,0.02124736050056186
5912,0.03169118207935794
5913,0.0068968749462404045
5914,0.002050362861674128
5915,0.013330834203371836
5916,0.016874873423874594
5917,0.039427276037490105
5918,0.06222413678370188
5919,0.040456955046139643
5920,0.13909959342295017
5921,0.010102039370695452
5922,0.04183249886027365
5923,0.015292308786381279
5924,0.015382393520270682
5925,0.08993334878147125
5926,0.03967900211022077
5927,0.011842140341203592
5928,0.012406972774317765
5929,0.046892704660079346
5930,0.02330972713823196
5931,0.00847714338570546
5932,0.07984526598844975
5933,0.026430397456785118
5934,0.03024412356805567
5935,0.006966700623762367
5936,0.07487428483545389
5937,0.07134794323784993
5938,0.0012732660232813782
5939,0.061881051270370364
5940,0.001321936507857148
5941,0.02386938592483628
5942,0.02248080537507674
5943,0.02053345207445536
5944,0.16338912160030009
5945,0.1944971493298204
5946,0.01589954233013679
5947,0.006970356037900295
5948,0.007941004369131345
5949,0.008451662428638236
5950,0.025930029287919605
5951,0.07680509305091728
5952,0.013423227907990259
5953,0.2516331408426072
5954,0.022693414310565145
5955,0.013403400492668846
5956,0.2068472038448632
5957,0.12703086600680813
5958,0.01362535091837285
5959,0.017906671542842235
5960,0.21311456018851055
5961,0.014271718949499903
5962,0.1749648659415651
5963,0.009529232985231964
5964,0.01756607356129123
5965,0.11502633193621205
5966,0.08950227101799159
5967,0.023581500515309443
5968,0.0675529621392857
5969,0.15126460240985073
5970,0.005084398965610743
5971,0.013789601699012098
5972,0.01974260597129848
5973,0.05108554447996658
5974,0.026504933061726164
5975,0.029878258293123863
5976,0.019986280037479605
5977,0.12883124453363387
5978,0.026182232607278463
5979,0.004274609417807182
5980,0.030941693540393445
5981,0.015936825669229916
5982,0.007549721811256211
5983,0.42537132862388416
5984,0.009742411679907146
5985,0.01391246405605645
5986,0.013468415252039253
5987,0.015761064653322804
5988,0.007673440093108994
5989,0.016833164553159766
5990,0.02696162258505865
5991,0.04047691044430119
5992,0.007592662140633475
5993,0.01320339801048108
5994,0.0717712375289772
5995,0.016460898282716244
5996,0.02100949358555898
5997,0.007163173978302274
5998,0.08901840565612157
5999,0.0765749091786922
6000,0.03116709191066302
6001,0.012513752514581283
6002,0.02304144450865018
6003,0.038863152110750546
6004,0.010939353549461163
6005,0.01110506991391714
6006,0.005417818820706287
6007,0.004981143537214979
6008,0.04548080471199611
6009,0.011329532781604347
6010,0.01795079225113584
6011,0.004268438285020476
6012,0.03429161976266322
6013,0.008630424249742074
6014,0.1978676427150757
6015,0.012693307549486567
6016,0.016794387642019914
6017,0.19192102507314648
6018,0.07264988642017516
6019,0.012356985302831362
6020,0.007147119440564154
6021,0.11659948141715847
6022,0.01861670320796092
6023,0.048065441227496127
6024,0.06371909408303968
6025,0.04131072630035508
6026,0.0907758637204106
6027,0.09378513224897633
6028,0.011440317511856056
6029,0.07899057698393906
6030,0.06376627951716549
6031,0.014598055379220168
6032,0.33616886799912343
6033,0.006161035138473191
6034,0.006478271688507844
6035,0.005844867253444076
6036,0.015171422093752919
6037,0.02642015442020963
6038,0.028334136472470017
6039,0.003827348152453354
6040,0.017455480602761034
6041,0.016538352292313853
6042,0.037012194503832675
6043,0.020835270190917247
6044,0.004724062143040482
6045,0.005364199831839328
6046,0.015468524997811806
6047,0.028231220570951853
6048,0.007639869285953339
6049,0.017597858533117527
6050,0.056255657181829635
6051,0.12380160495867043
6052,0.06609370736233122
6053,0.003395627422574355
6054,0.007555909768255783
6055,0.056639910568742347
6056,0.024446747089239298
6057,0.007803809103389382
6058,0.014686050269860425
6059,0.023307434666705398
6060,0.10566575660837887
6061,0.015425742402922027
6062,0.013890838313581557
6063,0.07728078142355697
6064,0.03648997806880926
6065,0.01311795855237774
6066,0.11328085136831526
6067,0.01883466436060593
6068,0.008246401191634313
6069,0.015472363784734329
6070,0.36232348548270343
6071,0.002784663135081409
6072,0.01929480222226873
6073,0.06221619684207198
6074,0.098008536093296
6075,0.008755940148087133
6076,0.016614476548648224
6077,0.007151534717704884
6078,0.003422755512175798
6079,0.25072852529311584
6080,0.01559243076433546
6081,0.11099416623441405
6082,0.016738017291414605
6083,0.02455301029924789
6084,0.015076554544359943
6085,0.0030927306485628754
6086,0.011862000120057026
6087,0.01869441214269992
6088,0.0026738817274121287
6089,0.017005935175778884
6090,0.007015243619740534
6091,0.10606966194709586
6092,0.043099781457522475
6093,0.02297354776862494
6094,0.004176922358861272
6095,0.0269293889086379
6096,0.01014067097984944
6097,0.014848622556653727
6098,0.42430724593122987
6099,0.003731584573391208
6100,0.012421397845370809
6101,0.012653980994211922
6102,0.010255033800561114
6103,0.010844658416944417
6104,0.021666399648790968
6105,0.021083006777423568
6106,0.03744499388360079
6107,0.02618816631287643
6108,0.04969462091012642
6109,0.00968214168345269
6110,0.18052625167695605
6111,0.018349990051565224
6112,0.0121120428621473
6113,0.028566703631786185
6114,0.003306288484008339
6115,0.005566078658886823
6116,0.009973711461717555
6117,0.013596377953589254
6118,0.028121226058343284
6119,0.023627616360339013
6120,0.011326414296193405
6121,0.018784195064850986
6122,0.3729387384501991
6123,0.029175243551174943
6124,0.026877611042704003
6125,0.04181527364944276
6126,0.06501453193165271
6127,0.01215242761827554
6128,0.10877238613002703
6129,0.13279708051893796
6130,0.03999379643516758
6131,0.01062410581243412
6132,0.015597706601815453
6133,0.00950108446519982
6134,0.011374687775486008
6135,0.02233104078670262
6136,0.060311194598424316
6137,0.008791318795622954
6138,0.007665795727962425
6139,0.021328694772791177
6140,0.007919605482491458
6141,0.020648070583510737
6142,0.06376360398373308
6143,0.04199289000187739
6144,0.005694837217260215
6145,0.014300160976167948
6146,0.014984951834405145
6147,0.015344647887633914
6148,0.006313537545338055
6149,0.007147147001943384
6150,0.015230774435726544
6151,0.10334572020473695
6152,0.014616133767513844
6153,0.07917094802456778
6154,0.008622688394406419
6155,0.06977440139000977
6156,0.03223862712834853
6157,0.10241979110002035
6158,0.08577441228794587
6159,0.03757154727300061
6160,0.10378901133796276
6161,0.0021010353682219913
6162,0.010228464877883266
6163,0.0039585627790604564
6164,0.015710065283894025
6165,0.17645343374012343
6166,0.1957122918568659
6167,0.1568611182882333
6168,0.00550896516250852
6169,0.07880707228853419
6170,0.009396440015501545
6171,0.08606741614910497
6172,0.01432472052162384
6173,0.0028130845533617843
6174,0.037797233801543734
6175,0.03172865671899918
6176,0.03674643635514112
6177,0.020180806855635454
6178,0.017210845992011937
6179,0.019242418852524198
6180,0.07931529931463831
6181,0.07595032487787165
6182,0.01926981933917
6183,0.037401474817844935
6184,0.0030883581865234783
6185,0.026177310687423114
6186,0.014117521070944774
6187,0.3058799309537863
6188,0.0023184528083440704
6189,0.04330477688005558
6190,0.05430234066185637
6191,0.011650375476072776
6192,0.04473341895154188
6193,0.12063872137289416
6194,0.014881028754492999
6195,0.027803831826203995
6196,0.1313725835771037
6197,0.02227044979659334
6198,0.056325920520516555
6199,0.02451379749748542
6200,0.015560125220001103
6201,0.03762512586277158
6202,0.01403836066956129
6203,0.024505247343437685
6204,0.04710951604087151
6205,0.018828765154630618
6206,0.004337167968570078
6207,0.019989316112057218
6208,0.006437436713678009
6209,0.02065120684982114
6210,0.053807582378154195
6211,0.010801999086965117
6212,0.0036558307759277063
6213,0.01502470757169551
6214,0.0026029967185189616
6215,0.013804448586637753
6216,0.011209358914242337
6217,0.021635787051833114
6218,0.04005466468890882
6219,0.0016424700814667266
6220,0.2408213585144004
6221,0.0028856854363382384
6222,0.07845070521544995
6223,0.017685031854480757
6224,0.021269744671347086
6225,0.026937948168384795
6226,0.009337188787852838
6227,0.05533391097194337
6228,0.10953036259769497
6229,0.025711514247778365
6230,0.019525811689887564
6231,0.011507650375962247
6232,0.013349469975794188
6233,0.002478866601006534
6234,0.011533891983033744
6235,0.0065197016322801
6236,0.03969718205524795
6237,0.011796320870001193
6238,0.05495195429014974
6239,0.013543825251028528
6240,0.06922541155729334
6241,0.12588448711794
6242,0.00674087580728433
6243,0.09313848917149543
6244,0.014733075494182844
6245,0.014476713598362442
6246,0.0804526852387755
6247,0.027650110321370783
6248,0.003909881989369566
6249,0.013980475681695654
6250,0.012892138330968753
6251,0.028150388964349408
6252,0.01061964134983001
6253,0.014885211673389881
6254,0.017906403979019856
6255,0.009888573304886199
6256,0.01736577701503075
6257,0.000818192114449203
6258,0.0054316736428183425
6259,0.04075717751535109
6260,0.021114797549140023
6261,0.1503118793837075
6262,0.008561874014139641
6263,0.013748389000898942
6264,0.01177354017099109
6265,0.03205391635711398
6266,0.01876058963918214
6267,0.006982843631970151
6268,0.056451425393217465
6269,0.005051589416620615
6270,0.010459432403865581
6271,0.02399013793548995
6272,0.024700448015847472
6273,0.040551765578452095
6274,0.025625112981455863
6275,0.012874537207056436
6276,0.01975187924629155
6277,0.03194515479716723
6278,0.12690035881043155
6279,0.10338385118419804
6280,0.02350681305295182
6281,0.03447041516846599
6282,0.01366801159600584
6283,0.026276112202755445
6284,0.01600820182448755
6285,0.10433325227129722
6286,0.021239379284344464
6287,0.012158690557733299
6288,0.07352668383743215
6289,0.001274882212997431
6290,0.07940236958876679
6291,0.01853067780061135
6292,0.018376565945054688
6293,0.016183728227012383
6294,0.06098194627785139
6295,0.0019619590038562284
6296,0.02118487463612595
6297,0.04256489997936475
6298,0.00459363751895614
6299,0.020853837700347627
6300,0.011457935958950881
6301,0.03392031856595712
6302,0.08418665075269387
6303,0.07960933935820182
6304,0.02269539977041431
6305,0.014724304477501064
6306,0.010075893648864154
6307,0.014363515274235435
6308,0.035952924335906127
6309,0.14929069261408398
6310,0.02322641288871574
6311,0.018790144756658776
6312,0.001376256796421622
6313,0.002346651952604014
6314,0.022423522422756362
6315,0.05308742701869866
6316,0.15389294982093493
6317,0.004239034599036195
6318,0.05906500679519403
6319,0.01348792721622677
6320,0.03902417738818946
6321,0.013579565614020933
6322,0.09384247435475324
6323,0.018225793585271155
6324,0.011067706616008763
6325,0.02752889959959045
6326,0.15316133245936722
6327,0.01675108229110846
6328,0.10386001900043805
6329,0.013461479187496926
6330,0.020157406325463277
6331,0.007799670820886215
6332,0.05582265035215578
6333,0.07211667018175423
6334,0.01726128185600889
6335,0.012555206291359087
6336,0.01936537096611909
6337,0.01700967969448656
6338,0.004147788514909611
6339,0.006157887484441599
6340,0.03076961264137328
6341,0.029174457825215657
6342,0.008111418754457686
6343,0.008004852444391013
6344,0.025479625517429078
6345,0.003116378484238819
6346,0.018016866379321227
6347,0.014546390616715834
6348,0.1211814383937577
6349,0.0030724591465485507
6350,0.20310639401488856
6351,0.0018102416663334515
6352,0.011581573520239767
6353,0.014886534115379326
6354,0.015707516316982705
6355,0.004483246009678043
6356,0.05194138552632545
6357,0.017041956410626998
6358,0.036979547387614616
6359,0.017281957422202697
6360,0.011705526594111608
6361,0.0945077381731264
6362,0.04574419974221223
6363,0.022198468066332577
6364,0.02114181466518558
6365,0.022111567973926338
6366,0.005217070681982794
6367,0.01522835820954091
6368,0.03800628619571935
6369,0.015015202209975024
6370,0.008518147026426295
6371,0.008329076883353303
6372,0.06636940303042131
6373,0.01018174990674496
6374,0.014807268151745162
6375,0.008847418624445009
6376,0.14396779586361588
6377,0.032436003248466225
6378,0.045649785561355724
6379,0.030737367483873505
6380,0.06968705020811124
6381,0.007974286514239074
6382,0.02720729320859688
6383,0.062381213279671846
6384,0.05960062243240134
6385,0.1491659840676332
6386,0.0911473378676987
6387,0.048493181150594845
6388,0.01309939554187376
6389,0.011136206367902106
6390,0.005717048881003986
6391,0.01976134653547416
6392,0.04391246252851032
6393,0.05393114431927996
6394,0.0726374257241122
6395,0.00519159597516557
6396,0.03531653090301524
6397,0.0861023725365264
6398,0.06691476427352103
6399,0.03571623522317421
6400,0.08125584963820436
6401,0.012019804588385667
6402,0.012536775339562066
6403,0.003952583893485363
6404,0.015969939532148057
6405,0.006923841451946033
6406,0.008043013229088772
6407,0.013712648490043545
6408,0.008325041497450284
6409,0.008705776287002568
6410,0.003786117916163155
6411,0.038235595709477904
6412,0.1030336553723108
6413,0.004980370165146377
6414,0.025860667089876603
6415,0.003950222726521392
6416,0.01842469246420509
6417,0.030777886199110795
6418,0.010899247002053507
6419,0.007975032550250827
6420,0.06011289063401859
6421,0.04005154653670176
6422,0.029057871455078044
6423,0.003523826824969184
6424,0.027930241732382798
6425,0.0018407620429650039
6426,0.03775238182942044
6427,0.01765616370657829
6428,0.008176265255467571
6429,0.00502623795497699
6430,0.0105889212230854
6431,0.049853028631696564
6432,0.022565265630531267
6433,0.029048176866271678
6434,0.009904712288637313
6435,0.013443271496754505
6436,0.04430890397147774
6437,0.01580178603101159
6438,0.03134893236936175
6439,0.025559524822566234
6440,0.02746797195536812
6441,0.00969583353579604
6442,0.02190470273604505
6443,0.03615647439324347
6444,0.062141539291182255
6445,0.03302098531242646
6446,0.01336208826984919
6447,0.11998881184621235
6448,0.005490466551362837
6449,0.030255820565740277
6450,0.058615545432470835
6451,0.01293382630494274
6452,0.008866580475713832
6453,0.047179694385815346
6454,0.1419483618897607
6455,0.014716025594545056
6456,0.008856095864794472
6457,0.01897909854478739
6458,0.10450148684654477
6459,0.011913019977218803
6460,0.011645010434933066
6461,0.021766764392202438
6462,0.08214755578498052
6463,0.1172381030839149
6464,0.011226310596099937
6465,0.007621559597432077
6466,0.03623624684471033
6467,0.012586429590409629
6468,0.00841028695256337
6469,0.022974831396780505
6470,0.0032372571066042305
6471,0.031063353642207133
6472,0.012770967524279465
6473,0.052038000426312805
6474,0.014084882222240486
6475,0.028787504136716102
6476,0.016835951350802056
6477,0.0053093023717223214
6478,0.028049095212479915
6479,0.03354002551557524
6480,0.07037957635142328
6481,0.03244458449375045
6482,0.033646585074805384
6483,0.06405636761489897
6484,0.0014459545116489822
6485,0.30303918755132403
6486,0.3776202898402195
6487,0.013704104533736917
6488,0.013851258877177423
6489,0.04094106788144164
6490,0.012562609895599432
6491,0.0648123876343447
6492,0.018311209007493227
6493,0.0018581470820058562
6494,0.021829133625462606
6495,0.02036104733246361
6496,0.00980748209384893
6497,0.03606027299815983
6498,0.10461436535075348
6499,0.01274775654462211
6500,0.05168928826336319
6501,0.040095264149351675
6502,0.04869753975710424
6503,0.031218782162697214
6504,0.015627291474118822
6505,0.04389708028325098
6506,0.07367890268121337
6507,0.010768533228165782
6508,0.0033057833364176087
6509,0.029066361149460818
6510,0.018916265247873047
6511,0.019845855089398068
6512,0.011866836777356563
6513,0.0055611383971446325
6514,0.0049239030155320326
6515,0.03596035256940208
6516,0.02045752985622767
6517,0.021596954209184463
6518,0.02425365723645888
6519,0.05501591100962123
6520,0.1065375757719432
6521,0.011128680029959828
6522,0.05148711275016111
6523,0.03729509802197825
6524,0.0049632475039489395
6525,0.11126592613057305
6526,0.011022128959292039
6527,0.03598450756232725
6528,0.011828497924675973
6529,0.20638617565977227
6530,0.011662911359219081
6531,0.0035581347016600978
6532,0.05871831240680442
6533,0.022324760565047935
6534,0.021142863729588967
6535,0.04309480308906694
6536,0.056898689329427724
6537,0.010582915211068338
6538,0.02031561034457833
6539,0.021754128768294852
6540,0.010404538630172105
6541,0.02403421834848802
6542,0.023620459521631155
6543,0.0707446798925181
6544,0.1093548953853794
6545,0.0069818504586037404
6546,0.057143296805120314
6547,0.030144023005657293
6548,0.0017034938635676071
6549,0.15439308967816934
6550,0.08059113001010737
6551,0.018256108078691758
6552,0.06674113186676552
6553,0.002664257449141306
6554,0.07443876623021767
6555,0.014528135998876927
6556,0.015881294971144124
6557,0.012636081352019124
6558,0.017229419453947417
6559,0.07475347264887647
6560,0.1418649738992588
6561,0.0063551727572838165
6562,0.022920017022881437
6563,0.16510387209268754
6564,0.011781371462120554
6565,0.013645126014902297
6566,0.039635979380856265
6567,0.042488068236428436
6568,0.01399507108896112
6569,0.08089165423436984
6570,0.046046211467874965
6571,0.17575030118519736
6572,0.010192380541218408
6573,0.0026976591903307137
6574,0.010815563974899656
6575,0.09039611103065749
6576,0.023267659006054316
6577,0.01164905019261543
6578,0.017705268494394306
6579,0.025991968412194207
6580,0.009459112795498426
6581,0.024985719203484347
6582,0.038670328782811965
6583,0.04952212863665101
6584,0.00522392300971389
6585,0.05080154791130647
6586,0.0122730017223269
6587,0.043891173402332305
6588,0.024022146239093742
6589,0.013514675094218
6590,0.008588926384021088
6591,0.10101633990856253
6592,0.004266244501433972
6593,0.024591654338531135
6594,0.020204629468900715
6595,0.05753126017114612
6596,0.023094659160613866
6597,0.010082769311621713
6598,0.01863709219084945
6599,0.03001504803433871
6600,0.011830914010054705
6601,0.09751085131984467
6602,0.05351042206236231
6603,0.047214764011165436
6604,0.0073935365386496215
6605,0.0021066173059408376
6606,0.12595422223431593
6607,0.05680969801217815
6608,0.007439293811477493
6609,0.032054797388943866
6610,0.046471842071582
6611,0.0023107470829890476
6612,0.030313581745349694
6613,0.11911037477965919
6614,0.007698025099847931
6615,0.0179704404223315
6616,0.04886111837037744
6617,0.05131762070654408
6618,0.05130015366049031
6619,0.008326655116346783
6620,0.023878012553226264
6621,0.010749191764940432
6622,0.010596531348525262
6623,0.011512253880562033
6624,0.01778322248448802
6625,0.16270740240012216
6626,0.026671416226685115
6627,0.03699333789662746
6628,0.04106906820382314
6629,0.014381589913019459
6630,0.0360070028092653
6631,0.026212526039151463
6632,0.003613172444522406
6633,0.012826852397061848
6634,0.12832139260617967
6635,0.009633625610090615
6636,0.10440583475277276
6637,0.06880959729798677
6638,0.010537697596764881
6639,0.014449945379433539
6640,0.013539375418217692
6641,0.02298828499991204
6642,0.009329734211831439
6643,0.030844431166184814
6644,0.00588444678631781
6645,0.01377880216091295
6646,0.08482819804577074
6647,0.006082675278819973
6648,0.010069602409283855
6649,0.006941644537548237
6650,0.004920762078409242
6651,0.00577791173548452
6652,0.008302762864164646
6653,0.010872366038364958
6654,0.012533508236715727
6655,0.061443714114214315
6656,0.01771455831529603
6657,0.018522769544931074
6658,0.016446609009617367
6659,0.019935229516535393
6660,0.02244751892516019
6661,0.013705835550800958
6662,0.004802420664996903
6663,0.03354859123436141
6664,0.011444863386287255
6665,0.028064805314873962
6666,0.036250962576385486
6667,0.10349407844412219
6668,0.07333678023856628
6669,0.01742582340723776
6670,0.004939412352603489
6671,0.030587984199258494
6672,0.004641266515590932
6673,0.02535696310169865
6674,0.024845231348823462
6675,0.03369902593588284
6676,0.005602389489704969
6677,0.01578916036320009
6678,0.028307857475723654
6679,0.041471674205575626
6680,0.02063386421373738
6681,0.024865842076782656
6682,0.022254961141806178
6683,0.026763670208105817
6684,0.09513290158041882
6685,0.019419142701280662
6686,0.0756416300357609
6687,0.01972089944703607
6688,0.029619093966490203
6689,0.014473308391635123
6690,0.01929717874304187
6691,0.029354961880986793
6692,0.015190804149013725
6693,0.044815751543206196
6694,0.009659735489303899
6695,0.36427874901361146
6696,0.015424078895491506
6697,0.0998329413903793
6698,0.060864413617898266
6699,0.03847700464064007
6700,0.06015994825612943
6701,0.07011671171211852
6702,0.017260196188864884
6703,0.37380986604631916
6704,0.0238635178170265
6705,0.009539881291432873
6706,0.0048065725201478894
6707,0.012523863464422478
6708,0.030265195236173142
6709,0.031874665373475886
6710,0.07479355258958244
6711,0.0035019810195972066
6712,0.02299706900881655
6713,0.010157293708042518
6714,0.013714154558568717
6715,0.07787597399793128
6716,0.020141946953331952
6717,0.009976117296067594
6718,0.19776006141985544
6719,0.0169212905010418
6720,0.00273944981195541
6721,0.05002439108029373
6722,0.012377582641549393
6723,0.07672910847589519
6724,0.029563730418684663
6725,0.11392012207073364
6726,0.026052531352558868
6727,0.239982029302297
6728,0.004476905354565056
6729,0.035491775013088867
6730,0.00894832466997915
6731,0.00897363967261781
6732,0.003413452061712476
6733,0.03196936894043405
6734,0.09509325649977332
6735,0.010861457480965156
6736,0.0639418461336656
6737,0.13405428248818532
6738,0.03213593065614479
6739,0.02241318221146368
6740,0.04656391889529725
6741,0.13060282977975532
6742,0.03598567737550246
6743,0.11109082587439041
6744,0.003775017503251723
6745,0.007398089559937797
6746,0.07268147193180878
6747,0.019450907315663162
6748,0.020224049532175097
6749,0.020396337532132
6750,0.07346508340290173
6751,0.07213546031885433
6752,0.02195615519493606
6753,0.012733892651553261
6754,0.010109710553257614
6755,0.025739696866457523
6756,0.12696768465303931
6757,0.007688315815972706
6758,0.03846374087233933
6759,0.169161779249857
6760,0.004687111332869547
6761,0.07888673790250718
6762,0.003799281058349776
6763,0.04647763227530804
6764,0.00508882397954903
6765,0.007926647118056249
6766,0.05491182242762033
6767,0.09337743327810728
6768,0.0028784135438097947
6769,0.08654948939383207
6770,0.02932104854186519
6771,0.004800721610785599
6772,0.006102863413314772
6773,0.14093580276753537
6774,0.14455689603647143
6775,0.028020626662743516
6776,0.034714078997130256
6777,0.07180639574334532
6778,0.01641569371620389
6779,0.09164862229693321
6780,0.005229262514890287
6781,0.006082953356867988
6782,0.1294708584617959
6783,0.006549933624868351
6784,0.0050221746615896476
6785,0.03652711959950263
6786,0.021644856116919558
6787,0.01235960655945894
6788,0.017296025800121285
6789,0.20096198287156772
6790,0.004023653843578649
6791,0.025346974831875136
6792,0.031821211265884275
6793,0.06544030883792704
6794,0.03154909586977396
6795,0.007402958720059423
6796,0.02132464578189148
6797,0.02361595071828213
6798,0.005873566850712655
6799,0.01625702635928847
6800,0.012267426177510567
6801,0.053464515621297615
6802,0.003409094083663202
6803,0.009830261743237548
6804,0.022649579020186952
6805,0.013640531727133335
6806,0.008785086056206448
6807,0.0182782855092346
6808,0.01122894926338205
6809,0.021868244879110373
6810,0.08852366498695634
6811,0.0044004828631484015
6812,0.302554818802711
6813,0.10855240937262371
6814,0.009331400379427203
6815,0.015615622228755309
6816,0.09481481690450093
6817,0.014593527413389172
6818,0.010407076222045215
6819,0.038759799129500457
6820,0.001982707462927909
6821,0.040503085845974944
6822,0.028932015685757224
6823,0.06865871177407744
6824,0.029106869974034454
6825,0.014580908966836226
6826,0.061298183118140226
6827,0.03622145752324056
6828,0.022184154572670405
6829,0.006366491512265547
6830,0.12404516731633919
6831,0.20263907718550195
6832,0.023233161481292546
6833,0.0019690989508047412
6834,0.02680034281099955
6835,0.03384453076929056
6836,0.1440187189008827
6837,0.01586300954764853
6838,0.02072266515120524
6839,0.023211042024194255
6840,0.02789210366522468
6841,0.07039742559146152
6842,0.10542918156551402
6843,0.007236512513619436
6844,0.011681290064010615
6845,0.006759672937899368
6846,0.009031010631246105
6847,0.006580336543776074
6848,0.037465864459709224
6849,0.08175503121016069
6850,0.014185937551922054
6851,0.12595464147532812
6852,0.20030042360988914
6853,0.34776940095993514
6854,0.5086392596108088
6855,0.012363811754653163
6856,0.03466807666200545
6857,0.19208695589397873
6858,0.011045701901389324
6859,0.03756627530726362
6860,0.005263896076982202
6861,0.15358090048525036
6862,0.012746960214758052
6863,0.005592382113542595
6864,0.07645745370995538
6865,0.014519138845952202
6866,0.03359563151380685
6867,0.11353016228837642
6868,0.014247528528100739
6869,0.007430292347406577
6870,0.06025363106758222
6871,0.03977711639963966
6872,0.025055473095167795
6873,0.009604655244613656
6874,0.01734917771042349
6875,0.09838562685921398
6876,0.008498275352650096
6877,0.014504964348973167
6878,0.04629995230965923
6879,0.021588291935589993
6880,0.010759488060960882
6881,0.015895789982162806
6882,0.0396226301690909
6883,0.029901589381284052
6884,0.03501001086895439
6885,0.013089634687918029
6886,0.035162305795003054
6887,0.006972922988088207
6888,0.02133917626426802
6889,0.010476834076902157
6890,0.032324171875108075
6891,0.014859204461464956
6892,0.06751695317998863
6893,0.038439886582109735
6894,0.006981584415924256
6895,0.006160641107466356
6896,0.0163318645150742
6897,0.15482419269566466
6898,0.032573697419155834
6899,0.10888377734880789
6900,0.07371153116171723
6901,0.04917871850512123
6902,0.04868895828555592
6903,0.0817803421642986
6904,0.010339075264442207
6905,0.15310515487250703
6906,0.046719500629604
6907,0.06528062568060142
6908,0.06532737480173506
6909,0.03259678659549116
6910,0.006933105251972448
6911,0.00998644548670001
6912,0.08573010918403956
6913,0.01816731425142013
6914,0.01049780656739079
6915,0.030349590230829275
6916,0.004988144786283259
6917,0.01007222557101169
6918,0.05656137731350648
6919,0.014874567787818939
6920,0.15253261863556636
6921,0.010654929374733094
6922,0.02281266814904643
6923,0.14694371344184343
6924,0.06309110949052905
6925,0.01972995562190908
6926,0.002194840214255413
6927,0.08769151688695236
6928,0.003123246458493291
6929,0.008936678393281827
6930,0.07791206592567945
6931,0.0034900925735267185
6932,0.05186694871400095
6933,0.008763725127926295
6934,0.06804649117723933
6935,0.015515303845685799
6936,0.004496140797308407
6937,0.013161805997499469
6938,0.02200301087396814
6939,0.09573697174050445
6940,0.08952351071073991
6941,0.025746436889895325
6942,0.035687130443385146
6943,0.011480213245047742
6944,0.013981083162752957
6945,0.0069529415354944125
6946,0.017790747670421256
6947,0.019610593855246466
6948,0.08014769681053845
6949,0.053797087578919205
6950,0.00201510885465287
6951,0.0069326606389659255
6952,0.06268926918467324
6953,0.02048525391999072
6954,0.027613853017644362
6955,0.013907695874553918
6956,0.10343162210421096
6957,0.010922864079272883
6958,0.07479451966946067
6959,0.018372652774493133
6960,0.01625311223599024
6961,0.006912834129392415
6962,0.026582773685476242
6963,0.03273432648143132
6964,0.025398677425035158
6965,0.0744895076734682
6966,0.015661257164506056
6967,0.018099479319920658
6968,0.024632185516223357
6969,0.0354993750175185
6970,0.023491497558610495
6971,0.07722683965565225
6972,0.023074159484175998
6973,0.07382601429612819
6974,0.02230705280102463
6975,0.015843965211782645
6976,0.10507347877729818
6977,0.0026678592245737453
6978,0.10988751937598285
6979,0.007432397854715924
6980,0.004177651195351374
6981,0.008941131805102484
6982,0.00951445440546372
6983,0.005505963384539203
6984,0.00892690806249521
6985,0.3773695062013479
6986,0.02942952892086254
6987,0.009565667658620833
6988,0.011204018096683675
6989,0.010357068621689863
6990,0.13625808389455224
6991,0.009645967375061829
6992,0.012888007939492374
6993,0.005544769567937184
6994,0.006667748982834998
6995,0.029684884856050402
6996,0.006377852872061165
6997,0.014721893261578134
6998,0.012834371220218957
6999,0.059526970610232696
7000,0.07883232089438441
7001,0.154780259477058
7002,0.0674266268913295
7003,0.005156525806130745
7004,0.05106061597125962
7005,0.012465277209747596
7006,0.012500235756657903
7007,0.014040070222741799
7008,0.10250397076706537
7009,0.00834313501548445
7010,0.019613341181581093
7011,0.04936716075905352
7012,0.008060088733090746
7013,0.03587107406821165
7014,0.033164777337859684
7015,0.012545454001439506
7016,0.043830028854375966
7017,0.005829834025278252
7018,0.015034723466901292
7019,0.043039019578808235
7020,0.009915989345653041
7021,0.023899497116596988
7022,0.09070198177657532
7023,0.030286002395856375
7024,0.009806678377296511
7025,0.11889682164353127
7026,0.004835698738900703
7027,0.005722525133006841
7028,0.019227193677436725
7029,0.02808797644608722
7030,0.049766726301554126
7031,0.0655556452025867
7032,0.016178014726192506
7033,0.01460296114497882
7034,0.06105916871940512
7035,0.15976277474253758
7036,0.03155682348548989
7037,0.016140802228606862
7038,0.010498861855444788
7039,0.022466296637599237
7040,0.0856654751240728
7041,0.0008396316812307315
7042,0.004952072859401065
7043,0.011591175040331919
7044,0.08023530746779461
7045,0.009919124147660031
7046,0.012417956644563929
7047,0.014718114519926698
7048,0.03047427232864016
7049,0.004923036580693969
7050,0.004580013413489199
7051,0.02110130223066172
7052,0.0011218390149143787
7053,0.028431381070471908
7054,0.03687033025970652
7055,0.03829380580459544
7056,0.37519816135297174
7057,0.012924297526337428
7058,0.03529712980559927
7059,0.0035843477897038794
7060,0.024806562875225004
7061,0.06737363252666784
7062,0.19269952234801072
7063,0.017162454977233302
7064,0.021410457310810926
7065,0.08414445013266728
7066,0.15263350561979086
7067,0.009873277724578345
7068,0.0464300577437056
7069,0.03583761194716328
7070,0.019076817939743113
7071,0.23231144267013604
7072,0.27735514294202196
7073,0.07430131221071294
7074,0.16929713466579716
7075,0.007251006834647776
7076,0.007384297054343137
7077,0.006866256659967165
7078,0.013714383985676733
7079,0.007424047230191003
7080,0.0042182848581299994
7081,0.009387404487931818
7082,0.0028881520537576157
7083,0.0357338707701367
7084,0.010929077464632831
7085,0.014108558467176983
7086,0.01677325489077393
7087,0.014855084505385589
7088,0.16083197361492418
7089,0.007249207564665551
7090,0.09576157282784249
7091,0.07594288123978338
7092,0.015936994883159965
7093,0.002491663414985128
7094,0.013350247749450837
7095,0.019753840749978897
7096,0.07809962480830857
7097,0.0123955599439211
7098,0.011588808898451966
7099,0.017838515534786176
7100,0.03430728816273627
7101,0.291721415834639
7102,0.00407824355936512
7103,0.006940117253660155
7104,0.07000856550254125
7105,0.026586829154884035
7106,0.01652819229624282
7107,0.0034541840986329238
7108,0.0630917802994171
7109,0.013789141211709457
7110,0.021745005481809573
7111,0.011601577510466981
7112,0.05659753719335689
7113,0.02471978650680271
7114,0.008800103629297161
7115,0.012383596241768196
7116,0.012058101560023493
7117,0.005146574160338378
7118,0.007421312875018998
7119,0.03946164721075434
7120,0.05044904291206894
7121,0.02973182068405893
7122,0.021919779287813107
7123,0.0064863057757833424
7124,0.009279416490164984
7125,0.020235451216206624
7126,0.007500932530599051
7127,0.20821662251949494
7128,0.06401892761570335
7129,0.07689165298086138
7130,0.03214371633213515
7131,0.006819843036238205
7132,0.012009102658605903
7133,0.009645938161439797
7134,0.05348663005179595
7135,0.08259985984499742
7136,0.02958446230574996
7137,0.12493852308601001
7138,0.10556383666263813
7139,0.08941465587750153
7140,0.3453863390981286
7141,0.007792829399314821
7142,0.003735486802689799
7143,0.036424159897341775
7144,0.01567660930729421
7145,0.005069754586056169
7146,0.09149212415570737
7147,0.006749680276508789
7148,0.014044386536645687
7149,0.025756233455898867
7150,0.012209590652757986
7151,0.0032333412135979065
7152,0.022875668922378863
7153,0.021177112357682364
7154,0.005971051544719283
7155,0.1382521887872795
7156,0.01355630929596579
7157,0.01396898760541145
7158,0.009165159079970427
7159,0.0668320913689917
7160,0.025370555255449262
7161,0.013148021276954464
7162,0.019531702853277214
7163,0.004170278404839539
7164,0.02875283023125099
7165,0.014570505865999308
7166,0.12427000340219642
7167,0.1092129176527034
7168,0.012638052628154883
7169,0.01343070449944475
7170,0.09791386361740088
7171,0.6787328084003759
7172,0.026470955728964855
7173,0.12490431092192895
7174,0.10532729958412203
7175,0.006919047086775543
7176,0.01757307629793876
7177,0.1762437861571094
7178,0.021647884080854083
7179,0.008174430771132462
7180,0.005177653155630693
7181,0.008484999587310046
7182,0.004085151094680767
7183,0.02024003232294289
7184,0.005577878713819078
7185,0.3848922867249196
7186,0.029749260190836162
7187,0.0031823095590032885
7188,0.032598231375235674
7189,0.3306908896049193
7190,0.014363632099401825
7191,0.0022860981075805494
7192,0.002816917258779699
7193,0.013599478147751514
7194,0.024787051613157144
7195,0.013093005210725633
7196,0.01018837414887663
7197,0.08812613599535331
7198,0.02141391867317554
7199,0.010220720087635825
7200,0.1346944855417465
7201,0.006629759523151192
7202,0.004036403666382506
7203,0.043778336796967486
7204,0.015315006696804842
7205,0.004717819860174351
7206,0.019659827872076534
7207,0.04185337102367613
7208,0.019986406058526605
7209,0.010365841162447403
7210,0.01762384187019653
7211,0.010574609757674524
7212,0.054974639883909715
7213,0.019914230955236256
7214,0.01335160969203127
7215,0.014030914240430454
7216,0.016930366702130606
7217,0.03476684990029386
7218,0.012474059592568582
7219,0.11669109709763252
7220,0.006326853548320231
7221,0.019901495241503413
7222,0.018759899558615612
7223,0.08466574604862885
7224,0.06561677841919426
7225,0.018472674149245267
7226,0.07323841670253131
7227,0.005460610237673099
7228,0.014237694157097027
7229,0.022090546500996018
7230,0.46263356116801113
7231,0.016954017990979762
7232,0.026245462097836663
7233,0.015780556231219416
7234,0.15848364606950507
7235,0.11743105032422538
7236,0.024770194018163737
7237,0.01497170292612754
7238,0.03825925790002191
7239,0.025148709158120047
7240,0.00876607898073508
7241,0.020035340440915865
7242,0.005317088599071096
7243,0.016977153796060646
7244,0.01072444308909115
7245,0.08594581808514284
7246,0.004763142876259214
7247,0.28584382867855945
7248,0.00411010462072634
7249,0.005781576370775993
7250,0.006260164408493917
7251,0.013395202286274013
7252,0.06242315731580915
7253,0.019451148498270072
7254,0.05518994763010364
7255,0.00617233077870906
7256,0.05912778230867079
7257,0.045509718245470704
7258,0.0362677324078954
7259,0.0673531330317849
7260,0.015195646978634151
7261,0.008317339203964534
7262,0.013627166964237887
7263,0.035614285342703327
7264,0.1292055401884912
7265,0.043779878867379385
7266,0.010781033669482664
7267,0.01903072849810001
7268,0.008064654151902398
7269,0.010750390081668658
7270,0.06918805205068602
7271,0.041351706482071704
7272,0.057036058911754624
7273,0.014473755629804104
7274,0.0075432472486754165
7275,0.009373085773379204
7276,0.01250458202832125
7277,0.04807714781114256
7278,0.07812671285843556
7279,0.014433658794770014
7280,0.030750567881351356
7281,0.018839051240598207
7282,0.005869302349901423
7283,0.1074581422279094
7284,0.034316851659013256
7285,0.006400553888812129
7286,0.003415325884878195
7287,0.0013326313457191921
7288,0.0604999913608074
7289,0.049283524967048783
7290,0.014058098830944037
7291,0.08689112130781182
7292,0.006779070028145968
7293,0.006673794695377943
7294,0.07662640608786038
7295,0.045416605337026336
7296,0.0696852454962196
7297,0.05466723867323715
7298,0.0026696614118082115
7299,0.13540143766154428
7300,0.0822601160395882
7301,0.02031551335136682
7302,0.010721958328343972
7303,0.00536717734141798
7304,0.00419868258091676
7305,0.11025830172603494
7306,0.010267222094691384
7307,0.05040827283146899
7308,0.0066221764066896035
7309,0.006271763169823196
7310,0.024575955235052113
7311,0.011221546474849629
7312,0.01942304677677452
7313,0.10048738367351367
7314,0.00929576176661683
7315,0.028806699532324606
7316,0.02684680321764225
7317,0.03976496041862055
7318,0.03311587796337531
7319,0.025199785556760345
7320,0.029386400544096684
7321,0.03569245551107678
7322,0.10503686258996019
7323,0.0318432404093768
7324,0.051845408384997925
7325,0.03351663628749477
7326,0.014469321442234992
7327,0.05173462443512795
7328,0.030554568494155485
7329,0.009799158874554355
7330,0.008904039859033918
7331,0.014243283118132314
7332,0.012216194102562652
7333,0.016549019444064547
7334,0.020223728676761036
7335,0.15379780705995505
7336,0.05939086779441836
7337,0.011885105299690236
7338,0.008419275561534344
7339,0.007407780101214496
7340,0.00426764101625334
7341,0.023936193567490407
7342,0.016728058635873174
7343,0.005716439990041544
7344,0.0016869238409915964
7345,0.008183166205866774
7346,0.43851291880613497
7347,0.009526259091868163
7348,0.04076124756612929
7349,0.08038182862922923
7350,0.027617755226754016
7351,0.025161164436953636
7352,0.08952577032054419
7353,0.02142306738449555
7354,0.0420547729681302
7355,0.9274184070393212
7356,0.04649387930917245
7357,0.049393236772002545
7358,0.5431952251140291
7359,0.024807028753400285
7360,0.02130213130660873
7361,0.01564301794186961
7362,0.038034057950213904
7363,0.005909711948324077
7364,0.01054583775829289
7365,0.013086845644358492
7366,0.003248548435352496
7367,0.07651633218597437
7368,0.07126435943414582
7369,0.007074816764206356
7370,0.03332137638177503
7371,0.03612120474067681
7372,0.055381831824169794
7373,0.04352471046427105
7374,0.0903242505288822
7375,0.028428331691869153
7376,0.08485240618854145
7377,0.008983417871873577
7378,0.006433847451037155
7379,0.01826130178702689
7380,0.011300678435720286
7381,0.006286461849089088
7382,0.1027704251437917
7383,0.009050702702891263
7384,0.002549228669290632
7385,0.10114364786190466
7386,0.05801417510900889
7387,0.0394854229790178
7388,0.011387915195977406
7389,0.011697917498284166
7390,0.008685648894628755
7391,0.019923971724933105
7392,0.011943103431853445
7393,0.055713022026827784
7394,0.022086315735158065
7395,0.02789692363898582
7396,0.012948436562624212
7397,0.005814724478561674
7398,0.011874720648563845
7399,0.0020082690763801765
7400,0.1413028283298885
7401,0.024150252598111533
7402,0.005819775912249203
7403,0.028439944870844107
7404,0.018669864691485384
7405,0.015734448688386398
7406,0.01410099512444054
7407,0.01753060338698017
7408,0.005290394977805614
7409,0.044079124439747285
7410,0.033000354273301336
7411,0.07552775481403236
7412,0.03660173752330732
7413,0.012507453156394966
7414,0.004942422630056039
7415,0.023634768884795408
7416,0.033100809544513395
7417,0.015565849319194225
7418,0.010644061125199621
7419,0.010793137604103463
7420,0.11799047727205046
7421,0.01999525938681556
7422,0.010059454487515749
7423,0.01137569241679114
7424,0.027479456115879992
7425,0.011349622698974169
7426,0.024837055028337864
7427,0.021558512970751686
7428,0.013559304013816833
7429,0.005897647661184497
7430,0.006096981547788969
7431,0.03740648971743822
7432,0.02601684616612219
7433,0.007495094225256442
7434,0.01928895818545844
7435,0.046068960446456836
7436,0.02777302490666248
7437,0.011552151646027223
7438,0.011625984355291353
7439,0.0842182201293416
7440,0.016552437193027073
7441,0.013329935946021035
7442,0.007130836552863511
7443,0.022586579149927098
7444,0.11262005211339726
7445,0.11381406515333271
7446,0.017014283524463842
7447,0.03042314944723792
7448,0.013032857209662513
7449,0.011415684697218981
7450,0.06005675440891621
7451,0.04198144293192145
7452,0.013964265286276945
7453,0.05965075693169168
7454,0.012958514693798889
7455,0.011454825106927068
7456,0.019776177065284024
7457,0.013519789281201514
7458,0.01088515640996297
7459,0.028410061379301067
7460,0.019302846460013286
7461,0.16096810380138932
7462,0.11787343651042823
7463,0.004741776239688865
7464,0.006849782150600415
7465,0.004725517147713346
7466,0.008661750885052175
7467,0.08610553563183582
7468,0.005317096172481483
7469,0.07819648273549842
7470,0.16606530406966227
7471,0.0676227113159338
7472,0.22120048002936912
7473,0.017435421884357358
7474,0.0773773242692241
7475,0.011529552006174656
7476,0.018445852278533292
7477,0.004075097292928308
7478,0.010629608889395457
7479,0.02804480377645367
7480,0.025678150040479762
7481,0.012339168039958468
7482,0.013067495777617722
7483,0.008115183866831539
7484,0.004738188446281189
7485,0.014671869536159102
7486,0.024902603545379622
7487,0.034126996787763056
7488,0.09541593618138058
7489,0.13290014916857487
7490,0.29152555151500475
7491,0.014016126144565957
7492,0.02271785732992261
7493,0.021833165043933844
7494,0.01831816734894913
7495,0.053970097479914755
7496,0.16649964585106017
7497,0.010895445446413955
7498,0.0681108138042238
7499,0.014740943597918704
7500,0.01750366643979539
7501,0.0129547869455104
7502,0.0022733234885751116
7503,0.009649359814565661
7504,0.02813525544551651
7505,0.1950582176464575
7506,0.011495320640107741
7507,0.004973324232425263
7508,0.014054441508822785
7509,0.010001241656118496
7510,0.016388727720991463
7511,0.005614262574787556
7512,0.055579420886382985
7513,0.01460940813383614
7514,0.018119388462913864
7515,0.04140980212234759
7516,0.015709104392448842
7517,0.014516481704889754
7518,0.014515212984050646
7519,0.02763292043707869
7520,0.013548910303429204
7521,0.022062908591406732
7522,0.0302536954340594
7523,0.03391117994542935
7524,0.0939294363781335
7525,0.00742777956814813
7526,0.013550219479144714
7527,0.12567845902289823
7528,0.2422102741393553
7529,0.009772682039561494
7530,0.0277062505175943
7531,0.06908594090971866
7532,0.4084423732263484
7533,0.10124484141575996
7534,0.005562612573351669
7535,0.15056305927937885
7536,0.008144444295773372
7537,0.12532100064694213
7538,0.02013246271534519
7539,0.0225670101738243
7540,0.030929825457636815
7541,0.20493097458892504
7542,0.004454670942762108
7543,0.027630294878597958
7544,0.030362245744284286
7545,0.013806224682129954
7546,0.015502584938916115
7547,0.03828254088477518
7548,0.017055191459863873
7549,0.07335393337817046
7550,0.008772485522635837
7551,0.07343929968078468
7552,0.006190153102572119
7553,0.044671273576508234
7554,0.040533192379623564
7555,0.0932303251552093
7556,0.1589367997621669
7557,0.08883516736052202
7558,0.19981047110844935
7559,0.00962393430330291
7560,0.268506425270527
7561,0.022402906034354825
7562,0.22344763403788095
7563,0.02822254362477192
7564,0.06002721621047279
7565,0.003454467631088112
7566,0.01878248364458054
7567,0.006086798515980068
7568,0.033566380397110025
7569,0.0396591066662623
7570,0.026503755604611615
7571,0.007074246981055352
7572,0.004360370024597239
7573,0.056539697214861656
7574,0.027422105627905015
7575,0.008532643603679385
7576,0.025905604745359936
7577,0.022670744427008623
7578,0.0065816278116065975
7579,0.19884630941196574
7580,0.019204847152898715
7581,0.12967974082651004
7582,0.054819482442175584
7583,0.09418725049104289
7584,0.019256805643063073
7585,0.019995577612160798
7586,0.021312443824606803
7587,0.011658550654093078
7588,0.011242033222999548
7589,0.05769886900229244
7590,0.003332302401815502
7591,0.035907125107456854
7592,0.05777253588016469
7593,0.007342986284447701
7594,0.012166377586297251
7595,0.038197167433891094
7596,0.31770450823856056
7597,0.08125291576168148
7598,0.12078556988467219
7599,0.02143863745091073
7600,0.058790396792663895
7601,0.10252661742277272
7602,0.15206013763351117
7603,0.022770482148950822
7604,0.009039841210927718
7605,0.0008278728548001986
7606,0.014143947012942283
7607,0.007217178317815919
7608,0.015830073794475704
7609,0.5657982010069751
7610,0.010223027303178362
7611,0.011356977022850307
7612,0.018644121656181373
7613,0.00597814976364646
7614,0.03621407034512823
7615,0.012633359005833887
7616,0.021049733971074538
7617,0.020945914398367352
7618,0.06654425767600984
7619,0.01293827442471889
7620,0.003585954101829352
7621,0.002858694384933656
7622,0.03236049318115123
7623,0.024370320710659928
7624,0.12810959085205398
7625,0.019863231724022257
7626,0.02043504128300298
7627,0.0377387434871915
7628,0.01566013911276639
7629,0.020972555199537724
7630,0.09550634646950369
7631,0.003698749943379487
7632,0.01717352257512035
7633,0.0782362782437431
7634,0.21474059970659237
7635,0.01814473308844129
7636,0.05430612154120596
7637,0.0735404149456181
7638,0.0787137610447395
7639,0.04418663539936963
7640,0.01588776259629557
7641,0.015610995978067822
7642,0.11062851511872843
7643,0.020451121673234134
7644,0.04556238914313301
7645,0.1715682059076542
7646,0.3021428489459818
7647,0.004341846838082857
7648,0.12184791996163985
7649,0.014218038715533435
7650,0.02490936402414799
7651,0.058879026434344894
7652,0.30199129147782533
7653,0.022280386974539337
7654,0.7207268222695565
7655,0.03407138638261166
7656,0.013928531767664743
7657,0.019583916126288882
7658,0.008610494458734392
7659,0.021522661509473878
7660,0.007765729203360517
7661,0.02092544793454526
7662,0.19750526789382422
7663,0.009281849516586997
7664,0.08183039890138154
7665,0.05180903406251569
7666,0.02392146875199188
7667,0.04464910289429005
7668,0.009020594361872577
7669,0.014451759086369335
7670,0.035437594339347636
7671,0.011620153018975012
7672,0.012680464979365568
7673,0.024457677486921695
7674,0.16119015835449874
7675,0.019023375169120144
7676,0.022014567040759908
7677,0.003546112768102213
7678,0.025050487490657528
7679,0.01565050889852905
7680,0.14454181266696378
7681,0.02640385816056485
7682,0.012455838570902352
7683,0.02578496005433753
7684,0.0894867067169122
7685,0.008781270665205008
7686,0.11730610736435931
7687,0.007733177309890584
7688,0.017513323551991266
7689,0.005260575099332623
7690,0.059344893556579396
7691,0.016882859484527644
7692,0.03461128637225545
7693,0.08446564174525208
7694,0.021881305159557704
7695,0.015218513326573122
7696,0.024249593323455478
7697,0.02427105025504718
7698,0.02148778880577332
7699,0.02615878493633173
7700,0.06996048005444457
7701,0.18191444067313253
7702,0.09132934336590944
7703,0.07508192974805997
7704,0.04017255220946368
7705,0.02893085848056638
7706,0.03715745616993353
7707,0.03273912723659555
7708,0.007861651389022907
7709,0.15368763961377824
7710,0.1406988335387505
7711,0.010709216828966897
7712,0.014459963749665794
7713,0.03231946009822189
7714,0.0365979723803857
7715,0.005097173315751624
7716,0.023172215636816602
7717,0.0222236283106932
7718,0.5056337855004303
7719,0.01901301977054128
7720,0.00833561335320748
7721,0.010495506111829497
7722,0.04566760581067871
7723,0.015749691141392744
7724,0.020309569684847328
7725,0.21955817018436213
7726,0.007834308547201567
7727,0.015925233191964143
7728,0.015768753747127773
7729,0.057637079427394974
7730,0.08377815900819599
7731,0.014519686994291
7732,0.030734203868087163
7733,0.024672819306301826
7734,0.06206900761043958
7735,0.02772532427582576
7736,0.012346042334561698
7737,0.0216551242470893
7738,0.007082620500915141
7739,0.04282238018068519
7740,0.03988468364400839
7741,0.02414683694466741
7742,0.00982650014193434
7743,0.029919814656616445
7744,0.011406994694526839
7745,0.07556147783470274
7746,0.024088030444213676
7747,0.043222783655991456
7748,0.0935353942416897
7749,0.024714769944102655
7750,0.009878921811772244
7751,0.00805848240473434
7752,0.012093487880078385
7753,0.09007604924833727
7754,0.014273566554290046
7755,0.022938698597354798
7756,0.2610030121891298
7757,0.19492258752878716
7758,0.0036774817940500447
7759,0.03903219637964247
7760,0.052202642691113625
7761,0.00640177566407665
7762,0.06317319112822287
7763,0.018515007558825874
7764,0.30434379572408693
7765,0.07669936833386667
7766,0.042330203157796883
7767,0.004457470568691112
7768,0.010711612929808495
7769,0.09976837815826892
7770,0.049180649904831765
7771,0.014019919360622322
7772,0.33343961544522355
7773,0.00755490725143263
7774,0.026294554357612132
7775,0.02704083156988868
7776,0.011569283341969827
7777,0.01264204546027892
7778,0.019156240172545108
7779,0.054121736724875344
7780,0.08040543126440786
7781,0.005645906065695091
7782,0.02084563326093484
7783,0.029304911444111764
7784,0.07154762996647003
7785,0.0174638080162209
7786,0.0020529095675729647
7787,0.0008753330060151843
7788,0.06303735156711267
7789,0.02585079657242682
7790,0.01413298845311873
7791,0.060104314790852424
7792,0.011373246086692523
7793,0.024326433679082136
7794,0.01898201207430289
7795,0.024368554975857822
7796,0.0328971820186006
7797,0.08712337534308494
7798,0.04230439162017227
7799,0.033459665514118046
7800,0.01526003663061924
7801,0.01406155554099199
7802,0.01695929342951442
7803,0.052665018312774
7804,0.053524264937986066
7805,0.020976376816101625
7806,0.008078191577631665
7807,0.16136185801126104
7808,0.019106204386333484
7809,0.01719603488462042
7810,0.010345122931219856
7811,0.02048257828670614
7812,0.030962768941261393
7813,0.009433032464671923
7814,0.009903264042767469
7815,0.04258884464701378
7816,0.016282179773982684
7817,0.07166968972815571
7818,0.013221576119829222
7819,0.01788003828309245
7820,0.014374041328199425
7821,0.010737452680225183
7822,0.004451633549225923
7823,0.0742288994145558
7824,0.018178271005983366
7825,0.06401387104042351
7826,0.014045017259484325
7827,0.13194131983476298
7828,0.017689771836783708
7829,0.008014146974040098
7830,0.007553830930658987
7831,0.005216896884966549
7832,0.01871063364254085
7833,0.01109853349890001
7834,0.01599301803435502
7835,0.04128552972237791
7836,0.007114174571169347
7837,0.01715613343257605
7838,0.001887772612819471
7839,0.0023446575272459127
7840,0.015318089369940589
7841,0.012194625746418632
7842,0.005959740466122121
7843,0.03748679536040368
7844,0.1344503564878621
7845,0.10255069678025734
7846,0.009445325802868542
7847,0.0296668570472012
7848,0.07931207086972698
7849,0.12880177702323262
7850,0.01151000522298565
7851,0.004719708645982341
7852,0.030285570856756355
7853,0.0538372010007287
7854,0.012384277338723363
7855,0.03142625208927612
7856,0.00741432383718932
7857,0.02569317676256386
7858,0.010623323117452439
7859,0.021052541325700502
7860,0.006484336657643756
7861,0.01097706048934592
7862,0.00722876339412362
7863,0.01544013687498404
7864,0.022301405100746293
7865,0.17255994735931332
7866,0.084276379613611
7867,0.18467647998598444
7868,0.004830519923178953
7869,0.00242783427400573
7870,0.023818540925103028
7871,0.06329058718065281
7872,0.02258420316392412
7873,0.10986114651787675
7874,0.030010758512269226
7875,0.003740090518046654
7876,0.008905809876773836
7877,0.012787080498093968
7878,0.010870920138807135
7879,0.08725416714904738
7880,0.017303907507372127
7881,0.009133743143610377
7882,0.1592093105572657
7883,0.0966483605570454
7884,0.12189352724340298
7885,0.07127910365897833
7886,0.06276743993760281
7887,0.02040663482218449
7888,0.014138169761754443
7889,0.07781121845278997
7890,0.00942997690573217
7891,0.009578465791171916
7892,0.003222190250082296
7893,0.02128791249580527
7894,0.02643870270320778
7895,0.018322945102665952
7896,0.014829420660966743
7897,0.08533610426270587
7898,0.004320508115713058
7899,0.033106010381002686
7900,0.050081418898871986
7901,0.011035051312416643
7902,0.2050811871627043
7903,0.005245776644399979
7904,0.14534328189267018
7905,0.017700047806458237
7906,0.012114898311747642
7907,0.004435211523447634
7908,0.017821841790247515
7909,0.004771970142378432
7910,0.07308589077403042
7911,0.0151640947148366
7912,0.021094098256355092
7913,0.02426160788471396
7914,0.02753245396346129
7915,0.08113749778085079
7916,0.01348214216644537
7917,0.012567432357414733
7918,0.35929126619916085
7919,0.12820493764093024
7920,0.004318528151585363
7921,0.27172519002281303
7922,0.3083639110683039
7923,0.01047082488056956
7924,0.07066826491417602
7925,0.3064471938345784
7926,0.03325815770982307
7927,0.06118384097481036
7928,0.04434099034089441
7929,0.02050212849513036
7930,0.08660114352615224
7931,0.007794660394431246
7932,0.1073552871464828
7933,0.0980827541270753
7934,0.00353289421429949
7935,0.02297224869235299
7936,0.005255305731061361
7937,0.012687276001097907
7938,0.010883897302794309
7939,0.14430787579460183
7940,0.05816207816396766
7941,0.027576001037384952
7942,0.033240775265040844
7943,0.004233284750780148
7944,0.020622966243168134
7945,0.006552586949026852
7946,0.005759107526394144
7947,0.00612456738719102
7948,0.03361406280343789
7949,0.012248171063099778
7950,0.38751384538906913
7951,0.023741813611936394
7952,0.0206725743705911
7953,0.04500527886735628
7954,0.006382582796121662
7955,0.014310882175792416
7956,0.011149766556168091
7957,0.012679762597290912
7958,0.009620405865771179
7959,0.030330289875733458
7960,0.04182615280786945
7961,0.015743857543780725
7962,0.024672524886173726
7963,0.44403335349226325
7964,0.013643595720500484
7965,0.004756541340214282
7966,0.01602669104875516
7967,0.016417031266478574
7968,0.03176078866979174
7969,0.017532246984156074
7970,0.009123771411185434
7971,0.027748105447922954
7972,0.3888685110568095
7973,0.02043219485789204
7974,0.00283437627854626
7975,0.012726480376399283
7976,0.019065478009666275
7977,0.010508320564247997
7978,0.09419515701254125
7979,0.008655384264464414
7980,0.03529699990932762
7981,0.03193039254373595
7982,0.25684427366014595
7983,0.05900919880837876
7984,0.01391770828173471
7985,0.012342860949628094
7986,0.02844842891573852
7987,0.010572114610735692
7988,0.04904161439126827
7989,0.008809974946075
7990,0.02003980396687851
7991,0.08589005895172581
7992,0.02664056773909978
7993,0.007095335386656377
7994,0.060983419606883624
7995,0.015954154399426212
7996,0.012844733431240719
7997,0.03730116852650644
7998,0.024673709517074992
7999,0.027815677334811786
8000,0.003748483697877457
8001,0.01818640365003421
8002,0.4069809938992454
8003,0.011048237829889455
8004,0.060233688568387345
8005,0.1677822416954435
8006,0.035423058205889923
8007,0.022371969225254973
8008,0.14692599046724092
8009,0.011892904241250637
8010,0.008508505987041224
8011,0.009418283813420842
8012,0.012193224862822859
8013,0.04521134162173206
8014,0.012807957288327525
8015,0.14695775539385675
8016,0.009651353649642615
8017,0.008537436098607156
8018,0.019690779252673936
8019,0.04975311489965766
8020,0.040388863389664076
8021,0.007381640910179146
8022,0.016122510601873575
8023,0.01378945178852649
8024,0.007449432918523999
8025,0.0037110402187039196
8026,0.013633593931522334
8027,0.03604657711569549
8028,0.004470854479708553
8029,0.014041167729832495
8030,0.003243134645290989
8031,0.04776662916637018
8032,0.014421805993832179
8033,0.041735819520945065
8034,0.009506922428492525
8035,0.02789582130880511
8036,0.06887280130247768
8037,0.09138046433108295
8038,0.03223200534767499
8039,0.1297097567624717
8040,0.03659222643471972
8041,0.010718705716176915
8042,0.002310571537017223
8043,0.1255127979820655
8044,0.019847496606198146
8045,0.021031869715681148
8046,0.09535702345016064
8047,0.1369127568797729
8048,0.025116399709978688
8049,0.03546971373951928
8050,0.09455218054946635
8051,0.02112429278822943
8052,0.010030602211326815
8053,0.042946175815525844
8054,0.0840144971148668
8055,0.03309011616938705
8056,0.013298431235895622
8057,0.010986726547734832
8058,0.04061660463099693
8059,0.019579577450298473
8060,0.01372708214351937
8061,0.02109775823059869
8062,0.01716601637190455
8063,0.08385574632778155
8064,0.012442231261180475
8065,0.05319830118915575
8066,0.09452568305743514
8067,0.021108400626167232
8068,0.07360294277897057
8069,0.007370089392957425
8070,0.013405179615093061
8071,0.020954747937938386
8072,0.04566379122062769
8073,0.02292134175236893
8074,0.037862738465324286
8075,0.006621182536535479
8076,0.1218648686650171
8077,0.028946993088060338
8078,0.018046084866084156
8079,0.013109784218608228
8080,0.03562431192047953
8081,0.04240627725572255
8082,0.0038521734550814343
8083,0.009364052073399694
8084,0.003253139396635531
8085,0.0067509867331462985
8086,0.005050904491855707
8087,0.01365371835293279
8088,0.03609845931831689
8089,0.12721867197686718
8090,0.011274539956539875
8091,0.03539414541130946
8092,0.030843245625867998
8093,0.0394085667697019
8094,0.45898976646575845
8095,0.04458006798379425
8096,0.1864349710073711
8097,0.0053803091621578165
8098,0.006881575214774877
8099,0.07342217728547552
8100,0.011485318927402307
8101,0.017023888577004653
8102,0.04720449321729368
8103,0.26079168301880246
8104,0.011682178393399228
8105,0.0714993417688215
8106,0.01534284812714941
8107,0.08201434806438898
8108,0.09208647641548476
8109,0.012665558367413189
8110,0.005479238795561139
8111,0.021402932903512358
8112,0.007573889833233455
8113,0.29184067095536603
8114,0.02862574986085157
8115,0.015570774601638986
8116,0.008170368179499479
8117,0.029716578955692203
8118,0.028849846818382062
8119,0.019821570895375954
8120,0.006205240131392791
8121,0.00508239683498503
8122,0.03354999175324063
8123,0.0580375957238275
8124,0.07238575149909066
8125,0.034079267072854386
8126,0.03477764048061608
8127,0.007994648551777048
8128,0.024516415951389193
8129,0.014477050740827129
8130,0.067485526688648
8131,0.04138660857628862
8132,0.012824633044301245
8133,0.46400963057707395
8134,0.02185710690622429
8135,0.026858190079164266
8136,0.029707583830121412
8137,0.006411322215069062
8138,0.00879711582834567
8139,0.006268024464154265
8140,0.0732981676337608
8141,0.025332833187180603
8142,0.0178801225584824
8143,0.020973505255469555
8144,0.008718252678146635
8145,0.33673416536546463
8146,0.0015766358127968889
8147,0.00885749696071322
8148,0.019223966524223438
8149,0.007815551684690104
8150,0.03457346062287987
8151,0.02526354408638913
8152,0.054511793020324766
8153,0.041616540308885036
8154,0.028448951249124988
8155,0.009312519603745803
8156,0.01737649032534642
8157,0.013641975943030826
8158,0.031187665314126235
8159,0.046924019841827626
8160,0.053475931654585085
8161,0.0051842689972803665
8162,0.016456939581966753
8163,0.0033734810206146096
8164,0.008048670451044392
8165,0.005574707087780871
8166,0.03788534718433547
8167,0.011246631497838555
8168,0.04525575700633643
8169,0.058396831709042106
8170,0.044047390417192744
8171,0.021371083650053913
8172,0.011606219249486936
8173,0.07751885126802079
8174,0.015639026046261963
8175,0.052482577149444765
8176,0.013060348100106794
8177,0.0040026412912498
8178,0.011604014801887032
8179,0.011744184935949167
8180,0.07555554336059454
8181,0.01844794341120842
8182,0.054900714920526276
8183,0.11041814230085585
8184,0.01223091569800763
8185,0.005589809097234089
8186,0.06770401704084236
8187,0.014494488666339867
8188,0.054341736610302185
8189,0.0014040011434599679
8190,0.002655893807566021
8191,0.0013128506920819455
8192,0.07762566107469109
8193,0.0388820612162278
8194,0.03952477213073584
8195,0.007117180819182278
8196,0.015118642185243178
8197,0.35299480028938623
8198,0.005067264524477463
8199,0.34609468761555584
8200,0.06613786121766138
8201,0.018346683258152714
8202,0.019244223891485442
8203,0.12478941582221804
8204,0.04456820107860786
8205,0.026249849333939878
8206,0.023663316638153884
8207,0.018686612392334708
8208,0.058349371809616225
8209,0.07850704983326984
8210,0.009251230427605884
8211,0.008428941548888168
8212,0.06395103400666419
8213,0.0024407199752418747
8214,0.008913168825738612
8215,0.027822828692519078
8216,0.026155616466636184
8217,0.10477848732492533
8218,0.009324162185368459
8219,0.1198324993172401
8220,0.06955735463814039
8221,0.031378498041370974
8222,0.028791758715569254
8223,0.12187560700807913
8224,0.013015285188874239
8225,0.01867424457155055
8226,0.01157980842573904
8227,0.004776764756128549
8228,0.2798324434508373
8229,0.016059033633007643
8230,0.019672983906566462
8231,0.060631954329237306
8232,0.013344050763898267
8233,0.013867501833014169
8234,0.011328959426684796
8235,0.029759874965087665
8236,0.07125947470600803
8237,0.01756714368672909
8238,0.08901020918258722
8239,0.006977702443342368
8240,0.0984744912964767
8241,0.014056873633072568
8242,0.09943116936856641
8243,0.009655959867625536
8244,0.010340860857534304
8245,0.022468044728466394
8246,0.012558050166751088
8247,0.08151915225279692
8248,0.013272213782267336
8249,0.009679722519814877
8250,0.0034631920250142753
8251,0.009977910508098868
8252,0.013860679958032807
8253,0.023142867071893298
8254,0.017658377066945636
8255,0.07545208037885724
8256,0.01853926843757643
8257,0.013345126721735535
8258,0.046322768535512766
8259,0.03629716852915565
8260,0.011375819299873116
8261,0.01639370694979538
8262,0.08830416521020458
8263,0.017442057956695678
8264,0.029009766158902557
8265,0.027581689430475002
8266,0.09710587050120761
8267,0.0007997534590692667
8268,0.02078919277936934
8269,0.059549131862338275
8270,0.0023505123563299186
8271,0.013724468213921965
8272,0.023979551523242503
8273,0.011490019038928562
8274,0.011060250892852902
8275,0.008019145779839861
8276,0.014866845293487625
8277,0.09673874853840836
8278,0.06352945873745015
8279,0.01661125228368378
8280,0.015430522810314942
8281,0.2390775671694996
8282,0.018972564160146414
8283,0.003963193269525749
8284,0.07913282847838231
8285,0.03438606191523589
8286,0.006449285575175982
8287,0.010388889100746685
8288,0.06106575589422812
8289,0.03928935380383556
8290,0.021803710952710307
8291,0.2452135528400455
8292,0.007632276482133343
8293,0.01878383337231536
8294,0.0034180944229985836
8295,0.049225198648737645
8296,0.009507168496022247
8297,0.02066845621693108
8298,0.06472852675911749
8299,0.003151846006518325
8300,0.04404723617426126
8301,0.005751097380564274
8302,0.011796726025661071
8303,0.07997061216757013
8304,0.0071517805951359596
8305,0.008189591101539289
8306,0.13226061379232903
8307,0.015142041803045724
8308,0.012741797488650767
8309,0.010918416927551895
8310,0.04053736238867925
8311,0.08274312496557973
8312,0.08307170512523598
8313,0.01774950205894059
8314,0.016385967770373235
8315,0.003349632442428212
8316,0.013160093595826435
8317,0.13153416429614384
8318,0.005699486827547859
8319,0.01061773999081228
8320,0.011816031936349822
8321,0.03081413922104089
8322,0.030094624480549635
8323,0.01048774741244184
8324,0.16282330285245672
8325,0.04451250160589702
8326,0.017066404112469635
8327,0.010295186669164019
8328,0.012937073473200396
8329,0.053723280234653475
8330,0.007386203769705223
8331,0.014686207741001307
8332,0.005436423027174062
8333,0.011649868114340088
8334,0.024764153815904553
8335,0.007968359714033752
8336,0.006088002212029415
8337,0.02040526275680897
8338,0.15550411413833873
8339,0.07931995673789956
8340,0.024158091077616645
8341,0.016612337928579832
8342,0.019619667621015312
8343,0.03331848438063912
8344,0.019275903315505386
8345,0.01572351485160103
8346,0.04246222200506094
8347,0.03111030243336047
8348,0.028709533756186876
8349,0.10271281761891335
8350,0.005915884604922663
8351,0.02365867413859463
8352,0.014857626370258501
8353,0.038527897844576504
8354,0.011453223615761015
8355,0.011685149788462405
8356,0.01244687128632431
8357,0.037956986923472956
8358,0.026132177756104415
8359,0.01223582792201993
8360,0.13927637339648602
8361,0.1243385092669502
8362,0.014117733190029931
8363,0.015445503821891682
8364,0.0636509029722615
8365,0.14329515263711662
8366,0.0835206746802778
8367,0.024940080978461426
8368,0.012922878937625549
8369,0.014162456414958332
8370,0.011806555196334346
8371,0.01833655071678115
8372,0.005561960173887029
8373,0.05588324109333141
8374,0.013665072393731666
8375,0.021828232765211057
8376,0.01552196549927962
8377,0.033621771715924495
8378,0.03112651746691878
8379,0.038676764137645384
8380,0.016441967130693493
8381,0.04693580170935862
8382,0.019996481311904277
8383,0.04068838240498883
8384,0.03550629602661265
8385,0.026595441730053043
8386,0.01190914927759623
8387,0.03428851942552402
8388,0.0726677678011192
8389,0.06882280602131474
8390,0.006018158491749203
8391,0.007305191119598356
8392,0.008551780000395057
8393,0.11315790063833708
8394,0.08797548487320628
8395,0.022122746835158788
8396,0.01299237372413544
8397,0.044675299889797175
8398,0.06315537917637956
8399,0.011277780878305796
8400,0.01696451626103953
8401,0.025156421199277926
8402,0.03960780951476358
8403,0.01574425883749338
8404,0.023368526883693678
8405,0.04557615990565848
8406,0.012860497579361833
8407,0.017887325650474628
8408,0.0047180104452265795
8409,0.005042538935487259
8410,0.015057653909072242
8411,0.037099793078548646
8412,0.06954836578600197
8413,0.04556845792602228
8414,0.047368413700790465
8415,0.027652389067785416
8416,0.01598279578553926
8417,0.10230171061626925
8418,0.01955124483069258
8419,0.026966276010536253
8420,0.0678873947748971
8421,0.10214402249889878
8422,0.010957072965890883
8423,0.041675416632071256
8424,0.04729654008773052
8425,0.01938386762503569
8426,0.018857054705526663
8427,0.012998786997925395
8428,0.13758583105471756
8429,0.01617406762725438
8430,0.04623399166866388
8431,0.03598709765589331
8432,0.041425419815787796
8433,0.0043901476621264176
8434,0.0068736256364247085
8435,0.0071279454342201105
8436,0.039822569363925295
8437,0.03210774470703877
8438,0.01711217476786898
8439,0.011843596591543035
8440,0.07100975780861911
8441,0.012177020544518862
8442,0.02345861010267963
8443,0.011262803163669878
8444,0.07582835933461549
8445,0.015357255593044565
8446,0.08595249496452399
8447,0.02485683512648143
8448,0.0413726924685606
8449,0.007062862214735597
8450,0.29489224944283754
8451,0.023948502083527137
8452,0.04907758550090527
8453,0.017615946168992574
8454,0.05383876883215308
8455,0.013292706695564774
8456,0.035749314337819305
8457,0.019771774343868977
8458,0.04448978777341473
8459,0.011474352693024088
8460,0.008924309025290471
8461,0.011179388418394184
8462,0.017940793219574477
8463,0.031847261350554046
8464,0.021779735972073562
8465,0.051157930955249446
8466,0.14200441107338133
8467,0.01681240038418132
8468,0.07486485755330907
8469,0.006688133167924155
8470,0.024725340160908434
8471,0.0029872553144805873
8472,0.0189503899258502
8473,0.08966514342927986
8474,0.016274717833793
8475,0.007384156095482889
8476,0.0016250771471459776
8477,0.042710592633857396
8478,0.019632586413055982
8479,0.1821688303878623
8480,0.012630003361308862
8481,0.017775751911434743
8482,0.010516340793704977
8483,0.09755329501433228
8484,0.05970773594779106
8485,0.01379721978616383
8486,0.025254209433164147
8487,0.0641097596761865
8488,0.06436446811434207
8489,0.019659213455048098
8490,0.011604049968722347
8491,0.08207300376717958
8492,0.02387342904842955
8493,0.010776487511815713
8494,0.0027264647648926298
8495,0.06374280108789768
8496,0.0073666648919859384
8497,0.06570448089638777
8498,0.019709462039312255
8499,0.012549336341227993
8500,0.013087841520399485
8501,0.015986816966846683
8502,0.008307593307464091
8503,0.01555018598655038
8504,0.03760220401038856
8505,0.023444145750020247
8506,0.015568654948313757
8507,0.004112054806636426
8508,0.012211763336902428
8509,0.02329973689759206
8510,0.026056301839681023
8511,0.010867351119732534
8512,0.005652435711181817
8513,0.030386178392222372
8514,0.010601643320719221
8515,0.016010197021921725
8516,0.012913259705678196
8517,0.0863782923914607
8518,0.023610042216816826
8519,0.07885095557577557
8520,0.029644082769639833
8521,0.007002441263213089
8522,0.016904579290071695
8523,0.012075072623996467
8524,0.05350878047013695
8525,0.012611794023052137
8526,0.05442773929402672
8527,0.03158503981338008
8528,0.05465291723683054
8529,0.006994953658516463
8530,0.0015566043946411692
8531,0.04151879118132914
8532,0.018412903052162578
8533,0.01013141458132322
8534,0.028779142661394738
8535,0.023188925415047534
8536,0.09496742995780111
8537,0.009420790291446839
8538,0.03171406591861455
8539,0.02384936003066418
8540,0.008010937867996922
8541,0.02901367225796927
8542,0.005873738928406376
8543,0.03110214475670743
8544,0.012377916145952284
8545,0.006505355414653918
8546,0.041611735385807105
8547,0.008129035683021747
8548,0.0730732539125081
8549,0.008918859625825046
8550,0.005654656029171684
8551,0.04907970709790621
8552,0.005624054463217172
8553,0.005863808962127163
8554,0.023021165093872985
8555,0.01688827173697305
8556,0.014792419454034504
8557,0.01578434691296188
8558,0.0038972271385543118
8559,0.02781271661164686
8560,0.00662552846640614
8561,0.01771209399216776
8562,0.0961019571665383
8563,0.04974691263168507
8564,0.12261860496172966
8565,0.0168599787893664
8566,0.004458210542298112
8567,0.010411607116074827
8568,0.08000279224454734
8569,0.018475669587537404
8570,0.03859784407334162
8571,0.03993349444738544
8572,0.049792896872992466
8573,0.00998120067192247
8574,0.2801633760206192
8575,0.021439389700647543
8576,0.13293171643146157
8577,0.08850360525772534
8578,0.05291610584327516
8579,0.07472579107961862
8580,0.03936450087523757
8581,0.0683847341095121
8582,0.08250477006982007
8583,0.03138500513585351
8584,0.08026814637254001
8585,0.005213980807600589
8586,0.0016921939365942176
8587,0.017096026448136157
8588,0.015098217920097119
8589,0.1240268310163116
8590,0.034768309119397246
8591,0.05496835338460007
8592,0.06173953436162649
8593,0.01030640738620627
8594,0.05429873100818254
8595,0.008767148328014153
8596,0.015338694879511401
8597,0.005054536740479513
8598,0.014430850564013149
8599,0.006320206847892862
8600,0.019978542249621537
8601,0.01738473283638904
8602,0.03711707335661033
8603,0.024776842031304105
8604,0.011450001666789271
8605,0.010746454374404996
8606,0.04576522440946072
8607,0.0047569093560679695
8608,0.01419247651897763
8609,0.0038978771677338287
8610,0.025340657441620725
8611,0.0028314687683941857
8612,0.019507511557083315
8613,0.061490482129314065
8614,0.036896965702233095
8615,0.02646334309872386
8616,0.0020900878058391936
8617,0.05487651725422097
8618,0.015682376024635666
8619,0.0047070411991498055
8620,0.005616580394767749
8621,0.07815185980128968
8622,0.021882378272111334
8623,0.01017673942960966
8624,0.013069468315158728
8625,0.019706536656241728
8626,0.01046985958504408
8627,0.0848587889800831
8628,0.11447229010894698
8629,0.015016403877464791
8630,0.008721762543074158
8631,0.018017102810800104
8632,0.012277994279494532
8633,0.015581304837758526
8634,0.011872031863413311
8635,0.11039602816455951
8636,0.013436380521457576
8637,0.15273780502631024
8638,0.011425839763392296
8639,0.013425316937219964
8640,0.0528579282821505
8641,0.038174442880787494
8642,0.014917077814319155
8643,0.02030471305899138
8644,0.04990628952858275
8645,0.03584151724072197
8646,0.001137713627931865
8647,0.006287824625929635
8648,0.06030150682390958
8649,0.02892781648018428
8650,0.002138794596822932
8651,0.0784130946490795
8652,0.1395832041507503
8653,0.06484737703939455
8654,0.397801975902653
8655,0.017705236610083847
8656,0.1178034535905001
8657,0.01887091108930093
8658,0.03519860854177573
8659,0.018364121372785005
8660,0.026301113558129606
8661,0.022962302852619146
8662,0.08017617663207494
8663,0.011620010060724032
8664,0.027395530092737725
8665,0.01855451328456269
8666,0.02321288953460521
8667,0.06927211105335201
8668,0.2306234787415137
8669,0.02034383746033668
8670,0.01764666929953809
8671,0.011433234646499963
8672,0.022186339705029073
8673,0.028524863130864338
8674,0.022488320758623177
8675,0.012396344130413713
8676,0.009542055867438216
8677,0.008828124005531224
8678,0.009088618746847023
8679,0.24574420399242303
8680,0.06010261438361878
8681,0.09196993087045087
8682,0.03970087718164487
8683,0.004169008746579767
8684,0.01071021024484692
8685,0.06085095644024316
8686,0.0617000803350246
8687,0.009485453709080967
8688,0.047694536640879526
8689,0.07097143029926742
8690,0.06687549061990046
8691,0.020606221979418672
8692,0.01544478840684786
8693,0.006462001275523726
8694,0.018444535989076465
8695,0.016087346391061238
8696,0.06813766873161793
8697,0.062385019345383375
8698,0.10469147009030405
8699,0.16304183648684378
8700,0.04718084642432894
8701,0.030198902373246007
8702,0.01202669007585025
8703,0.14599657681171518
8704,0.008392716592245738
8705,0.012430989964162378
8706,0.0008545250438785986
8707,0.016799143532058837
8708,0.11537704725408231
8709,0.03544613924880963
8710,0.024158217495096803
8711,0.17411647832311478
8712,0.008799694846142521
8713,0.011455949913922714
8714,0.01056035204809732
8715,0.014636593085483438
8716,0.011652150091129881
8717,0.026249754511175793
8718,0.1359704034741542
8719,0.006988291308210104
8720,0.009425365609436302
8721,0.011334276173729828
8722,0.008668757562654514
8723,0.005961324881517074
8724,0.24801190350981134
8725,0.010700453645164181
8726,0.014553388764049375
8727,0.0721076123773483
8728,0.00568002454141894
8729,0.008762522388503917
8730,0.009584078848206957
8731,0.004816483887208744
8732,0.015265099366960227
8733,0.00731700108157852
8734,0.014849043910538644
8735,0.021932313470428254
8736,0.022221479384850956
8737,0.003570014236267487
8738,0.14160416969128933
8739,0.03309416731624254
8740,0.04704191180714402
8741,0.09534592796355955
8742,0.01203719264521514
8743,0.018687466743607644
8744,0.021623780826785836
8745,0.04303732580013615
8746,0.02177494756932487
8747,0.004261020846571763
8748,0.08878450150793005
8749,0.015379641112123872
8750,0.005826727812041621
8751,0.0063776830924403855
8752,0.017074504991470472
8753,0.010336061558707643
8754,0.06542702418423434
8755,0.008694993097680037
8756,0.007376870703481369
8757,0.0067004920484056195
8758,0.009961629122590668
8759,0.021513523808078895
8760,0.08055333559107883
8761,0.023196352860432673
8762,0.027235119679993723
8763,0.006233828609869242
8764,0.014645429078994963
8765,0.0015737144610604593
8766,0.015340745518253856
8767,0.005475667052860016
8768,0.0010548875106290206
8769,0.12277788556062315
8770,0.02112305760489516
8771,0.009323533732423143
8772,0.04143789339671274
8773,0.007424883147794328
8774,0.015149249402536152
8775,0.2072302411189153
8776,0.023458177579798973
8777,0.02945322033594971
8778,0.08388219557914063
8779,0.005741580301275384
8780,0.0348002627141739
8781,0.009321589337000093
8782,0.01490519117844871
8783,0.013398734265578064
8784,0.07633425009031017
8785,0.010545399490936655
8786,0.020566201442105
8787,0.009005356067973813
8788,0.013840072426410104
8789,0.007297540548620596
8790,0.0033417340943603393
8791,0.031537847475024985
8792,0.015892959999200075
8793,0.0177093781890864
8794,0.03350870523809703
8795,0.025419478223069128
8796,0.026200826858992603
8797,0.015230219740659827
8798,0.01820448786235303
8799,0.015349832283593752
8800,0.006830902721088295
8801,0.016746651715978566
8802,0.009223782238747527
8803,0.021390803400674605
8804,0.011915305334177706
8805,0.0013080562843104453
8806,0.0674825511199886
8807,0.013745981739028997
8808,0.028677218666534963
8809,0.005305365073144283
8810,0.0009563763436265957
8811,0.012678603953941261
8812,0.05337835005120295
8813,0.015964712946869172
8814,0.009530139446594591
8815,0.027281981370872024
8816,0.1280446559090823
8817,0.07234533959467884
8818,0.005836766538377852
8819,0.08088928898783977
8820,0.026037171192405485
8821,0.0038844011231173206
8822,0.0027337831528748894
8823,0.00980116507598214
8824,0.08630529800494137
8825,0.0037379222258168677
8826,0.01561844708552607
8827,0.00590141218403015
8828,0.033535606756800986
8829,0.035560906440397014
8830,0.022499554893749205
8831,0.03236841735124879
8832,0.006031591052776615
8833,0.08023218101018599
8834,0.2375902865051965
8835,0.12179044192395488
8836,0.014694844496830103
8837,0.015996565179007646
8838,0.02579355052403402
8839,0.07107276644364538
8840,0.002271874886153613
8841,0.1037238691136326
8842,0.023852645944106344
8843,0.06465091148508441
8844,0.027553174226242143
8845,0.04110881215991396
8846,0.008676704032685046
8847,0.009659638641799171
8848,0.045964431096507025
8849,0.019082627003648687
8850,0.03977698693616745
8851,0.012005219259325179
8852,0.011452680487243986
8853,0.009855462228619806
8854,0.03956417983372128
8855,0.11842675911459576
8856,0.014490847662767764
8857,0.008599197327180862
8858,0.12028476105262643
8859,0.04341268627766035
8860,0.03262790466684693
8861,0.006813844944602387
8862,0.10479260389813855
8863,0.056896573668642626
8864,0.006896443664386762
8865,0.16669341060989304
8866,0.049910306593409025
8867,0.011640630988276845
8868,0.23782365365492547
8869,0.0035677096533986374
8870,0.09393145529437485
8871,0.02226829064810101
8872,0.053913211142041055
8873,0.004697556607079369
8874,0.003408465841710873
8875,0.010425932096730229
8876,0.02938746297910554
8877,0.04952514271610648
8878,0.18824519060414222
8879,0.027122815327018747
8880,0.004992948878961522
8881,0.002650098036435112
8882,0.005430813300420988
8883,0.008764115262404927
8884,0.029282034455497024
8885,0.01373931597296366
8886,0.041418946613702864
8887,0.03240332788622781
8888,0.004780914129306864
8889,0.011561156836289384
8890,0.010554500465182031
8891,0.023821640242402346
8892,0.04279249831714614
8893,0.006063706308610352
8894,0.014913187687823631
8895,0.022406318464231058
8896,0.011396894752495463
8897,0.002521452194239222
8898,0.004550488356146548
8899,0.01439019291610923
8900,0.007789713961517174
8901,0.039748691923011364
8902,0.010175136697245526
8903,0.053157374373208215
8904,0.12186717615707776
8905,0.008605048574850492
8906,0.07342453586337429
8907,0.08444009452972437
8908,0.07217746818100583
8909,0.031442708525184535
8910,0.012059907649482102
8911,0.03271302648349993
8912,0.03308916473775689
8913,0.008171201543028996
8914,0.016639961438088994
8915,0.021752285373844275
8916,0.005560303965174123
8917,0.002471811473959047
8918,0.06873716705266203
8919,0.014345041372477217
8920,0.02067888309867848
8921,0.011246056716752622
8922,0.20505906561091275
8923,0.008837748430469649
8924,0.06221355175693598
8925,0.09513970573326087
8926,0.02736572808743468
8927,0.008386781284683094
8928,0.04384658404652974
8929,0.017455938295944513
8930,0.0017078877691335706
8931,0.00876193529156031
8932,0.0253907056876658
8933,0.006840582276288259
8934,0.19914845022712502
8935,0.040370802929080775
8936,0.007379703155712289
8937,0.010384066538234994
8938,0.004690599440881944
8939,0.07880459664515627
8940,0.012061039628130045
8941,0.012798241383162602
8942,0.012960318712536696
8943,0.0029806036194107194
8944,0.017180556784562102
8945,0.01632723789294575
8946,0.019236103753413496
8947,0.012260868716946252
8948,0.02863560548200679
8949,0.0616619304878449
8950,0.06409368968584905
8951,0.005434230609740229
8952,0.05284544009563409
8953,0.03096742242423591
8954,0.06221151919644413
8955,0.012796211509633759
8956,0.015698982023575527
8957,0.016294330760091187
8958,0.019908464926482152
8959,0.02127884710926478
8960,0.023040991869900832
8961,0.03394147893026168
8962,0.03743622637506304
8963,0.011961502825142571
8964,0.1607195852053111
8965,0.018262827675717276
8966,0.01820408679726744
8967,0.15253501155088592
8968,0.1177045296877177
8969,0.028258985133044225
8970,0.042524459514368895
8971,0.006085489665167852
8972,0.014949012938398074
8973,0.0065553746932979
8974,0.01823687706266693
8975,0.04453828382586009
8976,0.06906228879799002
8977,0.2687342382379192
8978,0.039329978097424424
8979,0.06046026499594987
8980,0.0064275672793059424
8981,0.005073322152155317
8982,0.01148481786680851
8983,0.08190925794040689
8984,0.09860610083512115
8985,0.012976361302166417
8986,0.0014745837172196806
8987,0.06584093334371917
8988,0.07507614092784785
8989,0.019227805164893214
8990,0.017183185666450825
8991,0.0064916162574418495
8992,0.06776801321557334
8993,0.00791152403468327
8994,0.06377543926271131
8995,0.050585814804300015
8996,0.021742820964093513
8997,0.02368587594030669
8998,0.01255242575290041
8999,0.0066625247826494075
9000,0.01722220314219847
9001,0.00606224485561325
9002,0.44451739510937466
9003,0.013506983353166312
9004,0.009870461740752021
9005,0.005865776592993035
9006,0.06078658842130434
9007,0.22491629428455467
9008,0.015663702694699577
9009,0.037888823977110034
9010,0.021406800057621213
9011,0.05234109327670044
9012,0.009305264460714066
9013,0.010745915449922695
9014,0.05061181088059545
9015,0.07350815793932229
9016,0.0738351583969701
9017,0.12530620726284547
9018,0.01323227114324961
9019,0.036576726809290534
9020,0.022581421619213688
9021,0.04236691383335278
9022,0.0026428842397775943
9023,0.027665902972383083
9024,0.09861608630449416
9025,0.05461423914753552
9026,0.007961989418271843
9027,0.02925807521716374
9028,0.07088874802492928
9029,0.020833116212103125
9030,0.04368797465482496
9031,0.031207423700947933
9032,0.02950911012114035
9033,0.0916251570158403
9034,0.0415671182984665
9035,0.005588558015420788
9036,0.00854566157424456
9037,0.06662051209200749
9038,0.11744821248408287
9039,0.023923273455739476
9040,0.0345715349407506
9041,0.0782998603215952
9042,0.020759371301601964
9043,0.09222360556066664
9044,0.016608691336843066
9045,0.030815929876232814
9046,0.018943128397907162
9047,0.08277533989983657
9048,0.006827268689412789
9049,0.019821679586863594
9050,0.06963625805741597
9051,0.01842152860775338
9052,0.04058093956789579
9053,0.011476675862026529
9054,0.011734205871396215
9055,0.014670177150452489
9056,0.004652409646435994
9057,0.0026952212357280445
9058,0.010457781757131066
9059,0.057505649585059854
9060,0.012688893825247639
9061,0.009206560252631533
9062,0.019362966843154698
9063,0.015483806680844607
9064,0.006566268058957444
9065,0.05683637412601722
9066,0.02087954533547706
9067,0.01864809800509501
9068,0.019165505684909205
9069,0.0027388918126036448
9070,0.004377224431836517
9071,0.013890664099662333
9072,0.004549690432403079
9073,0.17345753415168697
9074,0.0036280938816919874
9075,0.016474100811615777
9076,0.007322992521107789
9077,0.06243130032220788
9078,0.2642505455221776
9079,0.006642855316105917
9080,0.019937814772918453
9081,0.38917580367498633
9082,0.011755970247431677
9083,0.005861741172584588
9084,0.014258798778026905
9085,0.006491034173613694
9086,0.059480780108719225
9087,0.11882356900210388
9088,0.03248217564972231
9089,0.03279612463928333
9090,0.0037559016554530463
9091,0.021738818693989585
9092,0.0684222367877015
9093,0.003809551363084628
9094,0.008289127779421951
9095,0.04443902740939642
9096,0.06450981038494007
9097,0.0028493795926637705
9098,0.04129807352043394
9099,0.010782962229044912
9100,0.05114477264064256
9101,0.012961299493384357
9102,0.13070397253551086
9103,0.06091213144970376
9104,0.003975484318348342
9105,0.02715054074743918
9106,0.070602345678954
9107,0.006797239505490278
9108,0.01704598013385044
9109,0.01605521904016706
9110,0.018060666290680767
9111,0.03285491432392411
9112,0.009250138760502905
9113,0.025196181305285063
9114,0.004729746230437478
9115,0.017776528075011247
9116,0.0014481077708061805
9117,0.013990440809230986
9118,0.11996299171035324
9119,0.18303169575867528
9120,0.030380419531301817
9121,0.03859164474040548
9122,0.0024005795834708206
9123,0.05505467601100476
9124,0.014418021198823735
9125,0.06364780616432851
9126,0.015637259473442727
9127,0.034482866011460694
9128,0.1041759000653798
9129,0.03536091967168204
9130,0.014071791211579497
9131,0.015012219375788931
9132,0.017264702858427492
9133,0.006104568594822393
9134,0.012837856322933792
9135,0.01940510433454556
9136,0.010480687107163638
9137,0.012172262715702152
9138,0.0038320491061612895
9139,0.12074910034805851
9140,0.03315118181751356
9141,0.013093563888430998
9142,0.010124594169218586
9143,0.002971889736382413
9144,0.11099875863365952
9145,0.02468499804483106
9146,0.13712929749085612
9147,0.03965728754838972
9148,0.01889904809296908
9149,0.007345005068202063
9150,0.0220865375037737
9151,0.015684231924562992
9152,0.028632282826582044
9153,0.023061965472381867
9154,0.008405178994389521
9155,0.047724395937955584
9156,0.054794808205417704
9157,0.014426742446692049
9158,0.01373579517173388
9159,0.011706266523373511
9160,0.018451862755313863
9161,0.015497809162803678
9162,0.019370866585137217
9163,0.029878915140721482
9164,0.01038888979717324
9165,0.04604993581168718
9166,0.030834237046563927
9167,0.006869337791373028
9168,0.02321043579760689
9169,0.018897972097491944
9170,0.1665761747911219
9171,0.14875920204722967
9172,0.012046677863750655
9173,0.05469831777387614
9174,0.03605656026581995
9175,0.12854499892646662
9176,0.0030303912020971813
9177,0.048468236769617576
9178,0.00460230398831333
9179,0.02477768073762712
9180,0.05310994949744189
9181,0.01535849853874468
9182,0.024312335908511527
9183,0.03129782043633269
9184,0.026797550764234793
9185,0.007898952276280574
9186,0.02239260229928486
9187,0.03273414653063205
9188,0.0057345569995965046
9189,0.021003751754366442
9190,0.02524336007662552
9191,0.05160819808014936
9192,0.029720742811523024
9193,0.01765304195179487
9194,0.037917524420650876
9195,0.008736012876821643
9196,0.02751756479092007
9197,0.006679374892380892
9198,0.02696677014770158
9199,0.012519877725181152
9200,0.01903597601938239
9201,0.023860472008006593
9202,0.07828942750376468
9203,0.009925527168740641
9204,0.01259903493287288
9205,0.020861699914200272
9206,0.06051884864442301
9207,0.004627718480829762
9208,0.019003805870314583
9209,0.010102931914164464
9210,0.03213065031361244
9211,0.04531251188308919
9212,0.11133954273546344
9213,0.4202519531006208
9214,0.013538456998278988
9215,0.016039354497483418
9216,0.016086426181197617
9217,0.013916403173495129
9218,0.01679416829998557
9219,0.0030448287603853015
9220,0.10134223899059955
9221,0.01229132795894214
9222,0.34261989463955506
9223,0.003628386813345709
9224,0.008191269742048009
9225,0.035858882253471405
9226,0.029242158949763463
9227,0.1023141324411614
9228,0.015828112219579808
9229,0.09605417543516626
9230,0.026678059437572114
9231,0.01815360371186973
9232,0.0662901920663864
9233,0.1130145796996147
9234,0.190746831959881
9235,0.06975065519986116
9236,0.02554316066619667
9237,0.16359202430202568
9238,0.02231032122633565
9239,0.0041968379100807696
9240,0.016235471712041726
9241,0.02137288640004101
9242,0.0027064085673656883
9243,0.17682302036004524
9244,0.01701299455101095
9245,0.007645783295390496
9246,0.02388647791249496
9247,0.01463582036601702
9248,0.007352900263331984
9249,0.06278772097293724
9250,0.00650945872190441
9251,0.3950673847003723
9252,0.05700146728027301
9253,0.01584550771306832
9254,0.032517478628346974
9255,0.012247582003833664
9256,0.009894936116231606
9257,0.013233402424832924
9258,0.014108446292387687
9259,0.024853193284082486
9260,0.10784369889163109
9261,0.00012350025551101777
9262,0.012997564707163034
9263,0.014916461025748298
9264,0.0074141086388604316
9265,0.056882748890221636
9266,0.004831543985411063
9267,0.0053304060138224
9268,0.007935044606817012
9269,0.012430119567867109
9270,0.36811975319668827
9271,0.06189925122059613
9272,0.023346703332022038
9273,0.02066456873669086
9274,0.022824058928045718
9275,0.02424367085914133
9276,0.026963853665704265
9277,0.015342999474826676
9278,0.041680048886922894
9279,0.04062052860693499
9280,0.014925352459969923
9281,0.08033260813169234
9282,0.01991229789523799
9283,0.017049288308866893
9284,0.0063488208837963
9285,0.09558506875340456
9286,0.030304375315073753
9287,0.02074453195624302
9288,0.013027481980289099
9289,0.020783383837378464
9290,0.013061069135583785
9291,0.09455211459842856
9292,0.007527287827439349
9293,0.008447929550872682
9294,0.02692941909597779
9295,0.014427261943895446
9296,0.014690883550017643
9297,0.0031269670909898875
9298,0.03104598351600415
9299,0.0269006137612841
9300,0.08631922713203194
9301,0.0218671150036664
9302,0.003590249408463818
9303,0.024904034843286214
9304,0.0025777217226083966
9305,0.08789366086898562
9306,0.019670743312843825
9307,0.013525511702950653
9308,0.005705722352264481
9309,0.017972349594371974
9310,0.008791104159689445
9311,0.13173968389341034
9312,0.06370070491986311
9313,0.026779757756472882
9314,0.013284569595889825
9315,0.02037892358962352
9316,0.045945244637112206
9317,0.02474966941265742
9318,0.13399537052978575
9319,0.017279456557520164
9320,0.10582219402595255
9321,0.06088953014005886
9322,0.00553166113062213
9323,0.03040468351095957
9324,0.012353594199460033
9325,0.004471764665123671
9326,0.013818834410949846
9327,0.010677710131037273
9328,0.01886948028995137
9329,0.04949011609463858
9330,0.050243747103860766
9331,0.06864496127611809
9332,0.102976686721452
9333,0.016302153538371767
9334,0.028414994493625105
9335,0.14545368378626994
9336,0.06435245347375955
9337,0.034300943823446076
9338,0.01707167232831283
9339,0.11052459329383528
9340,0.01565740483013002
9341,0.03163053815934342
9342,0.01646634034794788
9343,0.00905771369321209
9344,0.003574966995906511
9345,0.05416682446829911
9346,0.014382224965999979
9347,0.05264022536804718
9348,0.06568091756185579
9349,0.05517509813012201
9350,0.032328963635586606
9351,0.014592337378900746
9352,0.008010521646931503
9353,0.029411067757222117
9354,0.013371687853435642
9355,0.03547135583869375
9356,0.03373553473942499
9357,0.013476924342659369
9358,0.007816520281941053
9359,0.0020286328192272566
9360,0.019510887422680288
9361,0.027403682636894522
9362,0.022312827288213023
9363,0.012769688447562952
9364,0.01711968593046077
9365,0.1079465768117785
9366,0.03388104064595658
9367,0.00584093529045369
9368,0.00850688407259606
9369,0.01955893763482139
9370,0.08518909618641116
9371,0.003479054392513932
9372,0.048472712459238385
9373,0.009552004479002436
9374,0.013986241296839222
9375,0.02394956661511285
9376,0.014323186402245232
9377,0.13374849586394444
9378,0.004553618400790644
9379,0.04957785082177858
9380,0.011810016599834666
9381,0.06297564981741989
9382,0.00869818839614708
9383,0.014821516225433939
9384,0.015711980201830695
9385,0.014006083633013594
9386,0.0038120937262951116
9387,0.010574123551966642
9388,0.010989526430785511
9389,0.13913472432174662
9390,0.016418561409437486
9391,0.02772607532759633
9392,0.011013443480378323
9393,0.005638308503448046
9394,0.012037494523998552
9395,0.03071769562310953
9396,0.005041094738668481
9397,0.06326537742602223
9398,0.019179851726251855
9399,0.0026915583345551203
9400,0.07518593305317829
9401,0.031499381072006206
9402,0.04809810775518265
9403,0.022593146033305263
9404,0.059775033391507824
9405,0.005462363446605389
9406,0.01131992017587903
9407,0.011019057716555565
9408,0.007433164686219086
9409,0.11109863843153545
9410,0.005810351545195979
9411,0.05678883078165107
9412,0.035453584854257494
9413,0.007325011366642995
9414,0.006687148037316425
9415,0.00720334599893669
9416,0.01073204493501136
9417,0.006815698608894038
9418,0.047395988636197005
9419,0.005442143233734066
9420,0.020877800452266858
9421,0.010222529777345009
9422,0.010476341946140165
9423,0.011196666887451
9424,0.006804899704143841
9425,0.0897424052832326
9426,0.013018946953423122
9427,0.00848276505841472
9428,0.02573530445690512
9429,0.00834350926360338
9430,0.03856519400590479
9431,0.27326443199871975
9432,0.12068851781513773
9433,0.3354960188728001
9434,0.06520082843120076
9435,0.008050329950345755
9436,0.018313483123061254
9437,0.01959110411126233
9438,0.0421866485264513
9439,0.053131596114996196
9440,0.018441174259602722
9441,0.030287871039365602
9442,0.0688894166844811
9443,0.06668057199779488
9444,0.10774019696312308
9445,0.034258667126171975
9446,0.03447311239648315
9447,0.053797404137510614
9448,0.04869624020592005
9449,0.01125767011372757
9450,0.002029168957290922
9451,0.006784887244977289
9452,0.009328008122953299
9453,0.030454870370920192
9454,0.15827131178008383
9455,0.03309440811126616
9456,0.006105802071342491
9457,0.037410110856834405
9458,0.008598906543250212
9459,0.051462731707251866
9460,0.012447282387336127
9461,0.016171215592594913
9462,0.01146220575455332
9463,0.026991254014357834
9464,0.017164480271525367
9465,0.0458655716282208
9466,0.010800421624940222
9467,0.05076628841437015
9468,0.01653848369770421
9469,0.019315899876924576
9470,0.025870094012327795
9471,0.008126924219059398
9472,0.1378588911688347
9473,0.039966183923898904
9474,0.0316940819095024
9475,0.01300078387410933
9476,0.01561566554722952
9477,0.017826059007010574
9478,0.07007100227885697
9479,0.19701777678265409
9480,0.0023833627290052277
9481,0.005781232511031963
9482,0.012865159789641154
9483,0.05719558876490158
9484,0.023430969301385197
9485,0.010954077737117155
9486,0.03063639256653102
9487,0.027044038072956852
9488,0.011862572204499206
9489,0.014161158559051885
9490,0.013902363469745932
9491,0.012283249277715774
9492,0.013640559670162342
9493,0.012667284539448242
9494,0.00845986356003166
9495,0.07093136989091166
9496,0.054987081050580665
9497,0.026739796004078803
9498,0.007979620121322202
9499,0.04133148542182792
9500,0.011265964367508227
9501,0.014972406396752753
9502,0.011597691012242397
9503,0.013602495743029295
9504,0.022085406652321792
9505,0.011332222453256288
9506,0.01584804742028813
9507,0.014736932467512143
9508,0.014213102312987573
9509,0.06311713661572968
9510,0.054535706836111246
9511,0.02252139821787681
9512,0.006454164827843207
9513,0.013668872104241808
9514,0.09711380084147621
9515,0.06764304010743095
9516,0.10324265103935543
9517,0.01266926601406921
9518,0.012450647396598262
9519,0.012391371152864214
9520,0.016205328446813893
9521,0.011937832550280136
9522,0.003872835185407191
9523,0.01156980467183311
9524,0.08280905421274368
9525,0.03367412533037154
9526,0.024079927273432212
9527,0.10042118519973003
9528,0.019487057319942373
9529,0.04346499166461371
9530,0.013820634569574598
9531,0.06340505152844125
9532,0.013057883763322606
9533,0.058868340356678484
9534,0.02081753271101699
9535,0.21567149602714428
9536,0.018469877146667483
9537,0.03758004490475232
9538,0.010593514387168124
9539,0.002404883961798899
9540,0.06094783441292344
9541,0.0224601665462019
9542,0.08665642984800537
9543,0.02714080658618299
9544,0.07813888272027397
9545,0.002254413958555102
9546,0.013552900245358058
9547,0.008027539913114804
9548,0.02090143357035254
9549,0.03911256172744546
9550,0.09184509986949754
9551,0.006285657113953578
9552,0.009954828712278666
9553,0.008400009118474177
9554,0.031159558883378544
9555,0.008349462269891127
9556,0.3359788254699886
9557,0.003325046252760709
9558,0.006533962925409757
9559,0.08153943578820093
9560,0.01777793422860212
9561,0.02512780666855017
9562,0.10397191020905355
9563,0.04467641346168327
9564,0.007418252437353341
9565,0.023807091085344262
9566,0.01488730043913513
9567,0.007309764203411293
9568,0.024781690876759774
9569,0.012693852725703197
9570,0.031764852397542516
9571,0.08229073036764128
9572,0.013294126170881418
9573,0.08803412016820761
9574,0.06099099549542878
9575,0.061454414291333206
9576,0.0337971964954074
9577,0.03246883449620657
9578,0.020209229584340953
9579,0.01692138561924458
9580,0.08967602149485204
9581,0.004520590719136753
9582,0.006934268974214747
9583,0.057265406209712044
9584,0.007410673544919681
9585,0.06685585809363903
9586,0.012289945779286998
9587,0.07419056602350266
9588,0.07023022454968365
9589,0.029457814216301725
9590,0.013103842560476574
9591,0.029664921656807678
9592,0.10276997559100286
9593,0.02402015377245139
9594,0.029588231186162075
9595,0.07635870166129342
9596,0.05534683465457049
9597,0.02776048298256332
9598,0.016368378314563854
9599,0.05211248080685321
9600,0.059390320878248457
9601,0.058215020258718324
9602,0.08445912865332121
9603,0.01567077541156483
9604,0.010587884779770764
9605,0.02619970367877543
9606,0.10664720011137627
9607,0.003759509881815977
9608,0.03058642348398833
9609,0.08273138751868503
9610,0.029735771614836766
9611,0.010448479023799062
9612,0.057542587065707085
9613,0.014250395929570867
9614,0.09479604281727984
9615,0.0060933896959411635
9616,0.01433835671236211
9617,0.00561017107762666
9618,0.0025266759583274455
9619,0.06372715983966605
9620,0.10854851965928304
9621,0.1006335577619071
9622,0.03320428103577373
9623,0.012263825265802383
9624,0.022663570735782217
9625,0.031245118228124556
9626,0.01959478040662231
9627,0.0400032053774046
9628,0.008199188227072059
9629,0.013090609287375685
9630,0.015890537050352507
9631,0.045460558298233325
9632,0.027635887602907014
9633,0.005929979276261364
9634,0.0038145459309340706
9635,0.1822778513871289
9636,0.015896355883141314
9637,0.030870416638451404
9638,0.048892349397110714
9639,0.030763471471784504
9640,0.04028596406091085
9641,0.024243929292998977
9642,0.02556073267430123
9643,0.00773303676275425
9644,0.02882261014937389
9645,0.024515093093847924
9646,0.024518136917780268
9647,0.015628091168376143
9648,0.07070593773082771
9649,0.02795974677796825
9650,0.0063793044044964
9651,0.04336890030708475
9652,0.012322346010575523
9653,0.043090516011901364
9654,0.0173970840776434
9655,0.03170072010959848
9656,0.03175651156992768
9657,0.034401101255411334
9658,0.0319970977370134
9659,0.0067845474832833215
9660,0.06433359565381702
9661,0.06099945623378831
9662,0.02565876388895826
9663,0.015401219689384222
9664,0.008556688236223714
9665,0.05003780771928779
9666,0.05956121922749483
9667,0.09752605674756482
9668,0.05745185109291412
9669,0.042129259833790865
9670,0.032412540134885655
9671,0.14044752581574443
9672,0.0528266632326705
9673,0.003931536725800955
9674,0.035660238028333985
9675,0.01639992364493803
9676,0.019573382632396944
9677,0.008380748364327851
9678,0.003247283321084709
9679,0.02915619475100087
9680,0.023243968387118875
9681,0.02473002252467694
9682,0.06000132447855124
9683,0.08703728648980733
9684,0.056821468294748004
9685,0.003350908243550849
9686,0.009835842390193009
9687,0.034068052729396045
9688,0.025750827948564346
9689,0.133809139703633
9690,0.1585660346689208
9691,0.00633608601775137
9692,0.010943784366219029
9693,0.05383543992807145
9694,0.014324626877264905
9695,0.04105313397540416
9696,0.006678441972472008
9697,0.01833742804675844
9698,0.019776007015109592
9699,0.08577728248002275
9700,0.012350236909866603
9701,0.013599698597278385
9702,0.0765378520971291
9703,0.12981552679996788
9704,0.05113359067041733
9705,0.00886015789809564
9706,0.027577659041561658
9707,0.003497796954040575
9708,0.09273685532787776
9709,0.008644285040747629
9710,0.017207103320628615
9711,0.15936050161265
9712,0.0059284308623667615
9713,0.07572616100701667
9714,0.02096212468558789
9715,0.035383565906542236
9716,0.015319328103701171
9717,0.01780239650616378
9718,0.013855525257779847
9719,0.015408325995571374
9720,0.01105149174623838
9721,0.002791578564725623
9722,0.012384238879838064
9723,0.28243001342150553
9724,0.002202912549074054
9725,0.006132022958897023
9726,0.09696972540615385
9727,0.012525909290064332
9728,0.005233554263429606
9729,0.02975032685315195
9730,0.014167314324592954
9731,0.02059798491228969
9732,0.006632067721420544
9733,0.00725697889056097
9734,0.006790079244680485
9735,0.14580011408225615
9736,0.01319997262432335
9737,0.04470138467789882
9738,0.07043866423723913
9739,0.043104857007360164
9740,0.08576771907863878
9741,0.0057813547064992045
9742,0.014164258921446241
9743,0.035735796039261074
9744,0.011714149036767707
9745,0.02082355277005701
9746,0.016875316018544285
9747,0.017529528096309394
9748,0.18049123803115738
9749,0.06843319926691696
9750,0.013085776778039975
9751,0.007055364736596115
9752,0.015944945649052026
9753,0.010054631264905209
9754,0.3518730560405621
9755,0.014308980927236132
9756,0.009493135147015809
9757,0.018781018688773517
9758,0.009691477581613239
9759,0.006305338456306762
9760,0.01727914857751396
9761,0.0180482850146304
9762,0.018905135155916408
9763,0.004624100386830792
9764,0.01365738785654648
9765,0.002418571996028774
9766,0.02355806019025551
9767,0.02341383886545986
9768,0.045023740112917265
9769,0.008673264547104027
9770,0.20743367892275003
9771,0.023498675073746565
9772,0.0029618373311440164
9773,0.14607955563550254
9774,0.017146748118208047
9775,0.029797155058355722
9776,0.32105737398621226
9777,0.06431041749771027
9778,0.0151618846419805
9779,0.01643996188399244
9780,0.015284867908430642
9781,0.019440970702162382
9782,0.009596916764755737
9783,0.0697127564214788
9784,0.02485603895726113
9785,0.00750761059217003
9786,0.028094172600513282
9787,0.011878175412130178
9788,0.21960238500621743
9789,0.021159117640305317
9790,0.020294082675535657
9791,0.023036984918866875
9792,0.009935607332711777
9793,0.010406850590375489
9794,0.16688985617006563
9795,0.05602181979489047
9796,0.02206802521328058
9797,0.027079930798797246
9798,0.014525906636480292
9799,0.005877854649900662
9800,0.01837689299015798
9801,0.17039607115010277
9802,0.020081808251438866
9803,0.00823433111784768
9804,0.08199501821451946
9805,0.004245223573215576
9806,0.022403743902706694
9807,0.016994382651353248
9808,0.005524433622941574
9809,0.014445122425778143
9810,0.058899856570187564
9811,0.008846244240162681
9812,0.0047967118128023475
9813,0.13543494833196268
9814,0.0076511625376472665
9815,0.002823820731063015
9816,0.019287262332039538
9817,0.0167217624525829
9818,0.01262437055107406
9819,0.019401186353816872
9820,0.06826459218278452
9821,0.023526421362248296
9822,0.006812144931002071
9823,0.032029591519552224
9824,0.005095732530497395
9825,0.06525188841940413
9826,0.013722795076324555
9827,0.006466133775888735
9828,0.050422235783430275
9829,0.012026472469431325
9830,0.02787617917922726
9831,0.0757963502823471
9832,0.020053613587449875
9833,0.010648540270365282
9834,0.022251762201316725
9835,0.017687673259504724
9836,0.010288240269906065
9837,0.00842452104189231
9838,0.03396580099910486
9839,0.16390351647710125
9840,0.058273745688896594
9841,0.004017672037987539
9842,0.042606001899177424
9843,0.07772816242838561
9844,0.1264363479044218
9845,0.020066324155938006
9846,0.013427349061868292
9847,0.2546624799704273
9848,0.02590868556551909
9849,0.14352805231434726
9850,0.016083639364313864
9851,0.024999839993128124
9852,0.04171766124140376
9853,0.040498991390011334
9854,0.08230244379516809
9855,0.014754726363843326
9856,0.015559370694814771
9857,0.014150691448598051
9858,0.0113171506229565
9859,0.013279437315641317
9860,0.03159254308559318
9861,0.01556097362793655
9862,0.051184541101129674
9863,0.007851416951725247
9864,0.0037290864779914953
9865,0.02657769022369681
9866,0.0646504843200445
9867,0.006457616450457061
9868,0.0025639508432656064
9869,0.020848293688317292
9870,0.011529177019479173
9871,0.008273026316242422
9872,0.003003156400505694
9873,0.0021960050158771572
9874,0.012556097391763811
9875,0.039611989938965884
9876,0.022956108302779332
9877,0.036194410320252925
9878,0.015710454460810874
9879,0.03702069680617284
9880,0.020473656869818474
9881,0.021142549476345834
9882,0.01687568892471986
9883,0.009034444048368511
9884,0.18289754539800449
9885,0.06757989329524813
9886,0.0722641873266818
9887,0.015071061414647298
9888,0.009531143673936253
9889,0.0772345469737721
9890,0.07505127593220132
9891,0.008522066523467894
9892,0.014069016125614271
9893,0.01586618234285837
9894,0.0069366846796624065
9895,0.018314496825390724
9896,0.008307266428628666
9897,0.06556731838483787
9898,0.031181382090041457
9899,0.012687563000829523
9900,0.01154262118622164
9901,0.013265723199309411
9902,0.019441209774150748
9903,0.0057139217537312435
9904,0.08428719300752575
9905,0.01716812036484641
9906,0.05711481516924438
9907,0.08342457041554056
9908,0.004325772261156599
9909,0.006177615759444407
9910,0.009151454763429528
9911,0.03859467811423327
9912,0.076386169534149
9913,0.015596332839215878
9914,0.049690033735618096
9915,0.08076010329538132
9916,0.1386102601469562
9917,0.028445319291005057
9918,0.004575518646276519
9919,0.0031595290687812293
9920,0.008568629215916754
9921,0.014691630111483927
9922,0.02182763107148865
9923,0.016305977487988076
9924,0.07370199176763421
9925,0.03130982870917245
9926,0.01582786319525523
9927,0.011248579262559188
9928,0.01314517830690883
9929,0.0029839865547471494
9930,0.005899324994611213
9931,0.029158071108339553
9932,0.23797777633173228
9933,0.028000197343680262
9934,0.002950686751884472
9935,0.030972836520284944
9936,0.013341137530786572
9937,0.016746025926377167
9938,0.0072508589339243725
9939,0.15187261412556916
9940,0.0495582010004956
9941,0.038922997736240944
9942,0.006540805016530573
9943,0.03569344695716355
9944,0.039212118841108444
9945,0.7952058468019906
9946,0.008401022215348627
9947,0.039618976625700957
9948,0.06544602164529163
9949,0.012854882772392589
9950,0.049779219073033384
9951,0.068429877126719
9952,0.008060119437902944
9953,0.13572045573626132
9954,0.006712255309852027
9955,0.003143421312019488
9956,0.014968936749884917
9957,0.02165005632148087
9958,0.1467108080428043
9959,0.006324405052451168
9960,0.013787475790611469
9961,0.04403275425161919
9962,0.06458820465097806
9963,0.06012072718240357
9964,0.02290241056359757
9965,0.016013419671791797
9966,0.3173609269614999
9967,0.04004089538605077
9968,0.017585521190116506
9969,0.05524552548119323
9970,0.013682474157265504
9971,0.013374293995264583
9972,0.008756893332568873
9973,0.04701828549339487
9974,0.003066253385537653
9975,0.008930449222213182
9976,0.009653506493814423
9977,0.03147710152198202
9978,0.005482884069190354
9979,0.0893639659253373
9980,0.017520841119667376
9981,0.05740401652055879
9982,0.06797706371492913
9983,0.05341883298895075
9984,0.015331627225713152
9985,0.2417978067499736
9986,0.21061378164495523
9987,0.010418578889417274
9988,0.003419029652285268
9989,0.013962186357213816
9990,0.01286997825326658
9991,0.008373695009510917
9992,0.025525906508794112
9993,0.05458297186012387
9994,0.015955384381011777
9995,0.014277943402455898
9996,0.0009352042149317228
9997,0.012830601654282533
9998,0.010683469294414888
9999,0.03430863817764752
10000,0.0043861372791426986
10001,0.009357751634693708
10002,0.11692759222466434
10003,0.005736293463183884
10004,0.09140296369153005
10005,0.00954953088874966
10006,0.021127631613881884
10007,0.03476673680653347
10008,0.0389975146034015
10009,0.05202705689005363
10010,0.0017504848863091637
10011,0.09464079607785689
10012,0.0150996199350332
10013,0.011451072735483583
10014,0.07349420815408199
10015,0.07760483590539737
10016,0.10516211386811146
10017,0.0930681174259408
10018,0.022733980808570215
10019,0.01675565435217518
10020,0.015086811479906802
10021,0.1607541510921218
10022,0.09088011534608101
10023,0.015439448407295464
10024,0.015951265966099488
10025,0.08583032277668805
10026,0.005794023910996682
10027,0.5165234434853925
10028,0.0020829981510539788
10029,0.019925291081477607
10030,0.03558215549976123
10031,0.020788579197151616
10032,0.07258636979016081
10033,0.004654631145274164
10034,0.006331046797913608
10035,0.006189710351629653
10036,0.061301652565799426
10037,0.133801980695002
10038,0.02065147999089322
10039,0.05889766505788022
10040,0.0031588359097845208
10041,0.010993375844435454
10042,0.04103635506602831
10043,0.07340182223344591
10044,0.11752490525100341
10045,0.0333681057330468
10046,0.0011186206357879883
10047,0.01018258969953481
10048,0.024775695227884878
10049,0.009882649350115779
10050,0.03164416002984943
10051,0.017601132330161976
10052,0.02289158864432137
10053,0.012646863521891183
10054,0.006425573717275757
10055,0.008283256599566646
10056,0.030969478368487305
10057,0.002830095655541819
10058,0.017599983540832302
10059,0.11334218681176347
10060,0.005477549028316737
10061,0.03384966951821631
10062,0.10332649269848496
10063,0.02234916513875202
10064,0.014188834951881266
10065,0.004879622470722131
10066,0.0066332353114854
10067,0.14928175617863707
10068,0.017509063869058414
10069,0.009370536962467573
10070,0.10735937888203197
10071,0.016051863248761757
10072,0.019155867534152583
10073,0.08564855442102026
10074,0.004634385508557384
10075,0.003414421610966632
10076,0.009357915733354621
10077,0.06509533542745007
10078,0.026338040462059915
10079,0.02576622046222887
10080,0.04471372977933422
10081,0.037708093309349565
10082,0.018378983902436773
10083,0.060679506673122406
10084,0.006777923227232419
10085,0.21152403877171208
10086,0.08785540038271893
10087,0.22413208097412748
10088,0.02001672109512356
10089,0.07433289867719674
10090,0.007027789273408307
10091,0.016594687188105788
10092,0.06613042894653129
10093,0.043287913993770744
10094,0.0480334370530972
10095,0.010529201668733307
10096,0.055334201149918834
10097,0.030985616898271034
10098,0.03103404402207094
10099,0.006887364668756933
10100,0.005328313934101813
10101,0.026605787830564845
10102,0.0030463922627220158
10103,0.006540746207946629
10104,0.04815385684845138
10105,0.008095414405544166
10106,0.07517287672849429
10107,0.008048803543438576
10108,0.01083964657837095
10109,0.00977325186987993
10110,0.020196858206726367
10111,0.02277159867260372
10112,0.011458667257005253
10113,0.007511782411894112
10114,0.00676740439867719
10115,0.02270432343481676
10116,0.007505584322027536
10117,0.00046955133166281653
10118,0.022827283867757776
10119,0.0066568474530057055
10120,0.08277746192455167
10121,0.004453579486792843
10122,0.04532917146958037
10123,0.020052543501214937
10124,0.05727372000834072
10125,0.007819048419367466
10126,0.0039027375636285894
10127,0.01766283241606989
10128,0.026798960033952095
10129,0.053940770382588654
10130,0.0081391479762526
10131,0.03340512289798441
10132,0.004078957371479457
10133,0.014492301884944124
10134,0.0037520103897290534
10135,0.013889947534387687
10136,0.016746762318026003
10137,0.15800870930147462
10138,0.012154918809937867
10139,0.013182097261045377
10140,0.013480363857443079
10141,0.007457185583425386
10142,0.005953827503048124
10143,0.020111021130275974
10144,0.012584217065546001
10145,0.012811682290981822
10146,0.03134722527558903
10147,0.01255885092280357
10148,0.03287736635681587
10149,0.0052048817051778854
10150,0.08431522576327509
10151,0.13116728687810297
10152,0.040037095840008474
10153,0.013288306269649903
10154,0.041461599790424644
10155,0.004589252094854129
10156,0.03733709990938687
10157,0.07151024780741269
10158,0.020079178802582715
10159,0.09130933532880198
10160,0.011074553823285116
10161,0.07586751265763282
10162,0.014527020713456013
10163,0.007530941478556048
10164,0.05703299817187387
10165,0.1345638050333385
10166,0.014050291087037878
10167,0.005930371108717443
10168,0.015313549599302041
10169,0.008754866908166032
10170,0.010550306945185764
10171,0.01366364637496161
10172,0.05277750524810406
10173,0.1412565609227784
10174,0.005342463767329988
10175,0.014683931401051281
10176,0.019922844095263185
10177,0.021913126131122666
10178,0.031084525985300572
10179,0.004918423901729213
10180,0.07719663245698158
10181,0.012632842027951527
10182,0.007771888074618897
10183,0.01073334353840606
10184,0.04279230767561402
10185,0.009631107503661827
10186,0.12839601175092097
10187,0.024679657333439402
10188,0.03343861478646691
10189,0.039945200721812596
10190,0.00944282287072345
10191,0.03470540971621633
10192,0.15200465474204555
10193,0.002190982097043995
10194,0.02231790160832532
10195,0.006870177252043112
10196,0.01687780018003112
10197,0.014281622540459837
10198,0.05347341382814337
10199,0.014321580194931818
10200,0.014675710541169241
10201,0.008638436045533283
10202,0.032401969084510845
10203,0.013890572377812094
10204,0.010813007064950402
10205,0.024579725107446555
10206,0.03319949208697171
10207,0.04244662169778416
10208,0.0315288870256588
10209,0.0479363839046963
10210,0.03984337829743026
10211,0.06747114172918581
10212,0.017299174131264996
10213,0.011479804085557432
10214,0.009822699160271177
10215,0.005510452479067355
10216,0.12568912278146213
10217,0.007268113703907493
10218,0.08206224518246112
10219,0.052598716669246974
10220,0.21008752662902044
10221,0.031178996273530876
10222,0.11816456323220913
10223,0.003707382637679767
10224,0.18483963541351606
10225,0.024338985284450686
10226,0.07710078646219176
10227,0.08228458407608116
10228,0.32982428147622833
10229,0.08975772344952075
10230,0.21019502661606607
10231,0.04140633806195007
10232,0.03248375659760797
10233,0.0065751792716907875
10234,0.012977807474909706
10235,0.008042357111462811
10236,0.005709634810594482
10237,0.0027759774237517115
10238,0.01204389955566485
10239,0.06487687503374875
10240,0.1879161651278935
10241,0.09915503546408609
10242,0.09099555574252263
10243,0.008588729139783912
10244,0.028491046008884226
10245,0.010793367697478656
10246,0.008097105185608182
10247,0.05607078830019964
10248,0.018775768984221876
10249,0.02474101485936498
10250,0.07645818130038855
10251,0.022862784542495285
10252,0.022482719761101305
10253,0.012074277718623308
10254,0.009066166794441922
10255,0.09463607073320894
10256,0.020206388502882873
10257,0.006301435557151704
10258,0.01329258746433793
10259,0.01454234618525895
10260,0.0842349896455813
10261,0.08942777838213894
10262,0.011367131379058848
10263,0.00494412053410811
10264,0.021825224957030445
10265,0.021564702124324216
10266,0.02710924532117555
10267,0.04045800327863441
10268,0.0165552815162366
10269,0.02617178436383385
10270,0.017797952892884217
10271,0.04894098884179808
10272,0.062200910204985686
10273,0.04369674618637126
10274,0.0061803463490597765
10275,0.012403998920575135
10276,0.14633807810959995
10277,0.05772445168803192
10278,0.003907593520868145
10279,0.10569303546022754
10280,0.013925182130716683
10281,0.003051327173676945
10282,0.014318871776076589
10283,0.014150669927157881
10284,0.04642985031619455
10285,0.013700111015528826
10286,0.020061602820547104
10287,0.03510588067174194
10288,0.08744926619552906
10289,0.021033293533917405
10290,0.05193505577391349
10291,0.03543082602185273
10292,0.009211308679935167
10293,0.05103479543944796
10294,0.04314972457927384
10295,0.007696418887564337
10296,0.06775582159751367
10297,0.1131107017195769
10298,0.04622521753822453
10299,0.12348524771530421
10300,0.014370474495257248
10301,0.01931224108422267
10302,0.0607326925851256
10303,0.06298617734793027
10304,0.013443802958355318
10305,0.020984177168422682
10306,0.0977496453023912
10307,0.04602538910096902
10308,0.0506120930082878
10309,0.07999534112793315
10310,0.03746888370616658
10311,0.0034397786747992634
10312,0.013907695847248132
10313,0.004307376107855294
10314,0.02329716655251325
10315,0.02170184626760518
10316,0.042478889142109226
10317,0.009333172559183695
10318,0.011430916029433772
10319,0.002315868085368974
10320,0.02184962813478844
10321,0.0056981940246749055
10322,0.10330909488818785
10323,0.011202225306803277
10324,0.12055100906713573
10325,0.07812918141914707
10326,0.0037245359615135283
10327,0.00988283546244158
10328,0.08545475538528995
10329,0.0557353138277089
10330,0.015319522442217055
10331,0.0277774241440604
10332,0.014941838445395449
10333,0.18976849392371412
10334,0.00667347893067183
10335,0.01562159502007102
10336,0.011037294264571711
10337,0.10967592684661673
10338,0.01121808480688618
10339,0.04951914889114427
10340,0.005455758821137848
10341,0.07233855487360105
10342,0.01269889652793643
10343,0.061019949216803177
10344,0.007887406222740707
10345,0.013268457781317447
10346,0.03665895571541705
10347,0.0044358724319831545
10348,0.004986881640785556
10349,0.01680339239675829
10350,0.01101321286417442
10351,0.027809997743879253
10352,0.010972123202971274
10353,0.01953501617048159
10354,0.018308394890910264
10355,0.05515122748017557
10356,0.23948298956602676
10357,0.05043836704765298
10358,0.005552396249413078
10359,0.22107028160251607
10360,0.0421385158471154
10361,0.48976849481185736
10362,0.03916682799258356
10363,0.024902251788797156
10364,0.007055771800744809
10365,0.06733715410246045
10366,0.00819116227339137
10367,0.006660564622882885
10368,0.10376418094568632
10369,0.005046286179005258
10370,0.012558339946367488
10371,0.00552494736047687
10372,0.03554705753739297
10373,0.06480075629746752
10374,0.010562396337745233
10375,0.13362956475703971
10376,0.022775911107827163
10377,0.051392471481130055
10378,0.02149488463046557
10379,0.024015000844708506
10380,0.0547262003693713
10381,0.006726232195501738
10382,0.019470647011650494
10383,0.03782095968251613
10384,0.007542285252710915
10385,0.2847767362539574
10386,0.028624726123846075
10387,0.08490217279231368
10388,0.022339816937640294
10389,0.027819734167191867
10390,0.030736462747335092
10391,0.013195741602699129
10392,0.0129223688028758
10393,0.09197769261791451
10394,0.011238036452454324
10395,0.06276161182392323
10396,0.004709715954252168
10397,0.14016710386437675
10398,0.01844245185058434
10399,0.0033527929120160662
10400,0.002700741722098781
10401,0.040715653045815474
10402,0.031212687570583732
10403,0.029058490879137824
10404,0.008041837857943906
10405,0.1925865267932071
10406,0.003380597201039406
10407,0.09253938197381542
10408,0.08505773644635582
10409,0.022249206977987834
10410,0.025337067629332913
10411,0.033493039460610226
10412,0.01028874968054295
10413,0.080272513219946
10414,0.0036558317583115407
10415,0.02789204347068657
10416,0.011945850067243208
10417,0.019974521432622537
10418,0.12213046209503178
10419,0.042951666322477926
10420,0.009833609919771877
10421,0.004683592803029646
10422,0.01564950616560834
10423,0.01088493960815813
10424,0.0734018491634338
10425,0.2096021102776467
10426,0.012686078812761667
10427,0.020252708714771073
10428,0.11831607817109761
10429,0.17499794074975913
10430,0.04906944566388603
10431,0.007188262346960251
10432,0.01234777699969558
10433,0.027257774258708935
10434,0.008362849039325377
10435,0.012767883142653619
10436,0.014909109998587876
10437,0.010320788328838983
10438,0.017037031843327728
10439,0.022678605491027556
10440,0.023949756286083927
10441,0.05935759732275939
10442,0.005837683392241133
10443,0.0032136499123935425
10444,0.28838486187654216
10445,0.010418613062592353
10446,0.007747246669812162
10447,0.11709889046534083
10448,0.0740419814577723
10449,0.008697605759098838
10450,0.011340483548035374
10451,0.04840546363077944
10452,0.013017453408017993
10453,0.01485567319611349
10454,0.07957194594032221
10455,0.06633501253492394
10456,0.004323126248940266
10457,0.08461242109067812
10458,0.009392218025348972
10459,0.03195340230744727
10460,0.00523430740200419
10461,0.007551942627491859
10462,0.0035813212833508703
10463,0.10196589644613904
10464,0.048644381844139564
10465,0.011715618868330049
10466,0.013646273238806919
10467,0.042930572976280716
10468,0.011522286576895554
10469,0.0064293079344417145
10470,0.07049987490377391
10471,0.004192305671194624
10472,0.011113994093922013
10473,0.037441305204343064
10474,0.0042613813343739875
10475,0.030570449944808373
10476,0.015727211224860652
10477,0.019666713693475186
10478,0.12206888248946139
10479,0.01083071746448565
10480,0.010680507371622242
10481,0.00397006043740656
10482,0.010336310832167437
10483,0.05312714097221456
10484,0.012475258887070009
10485,0.0262192278985502
10486,0.01166995027683785
10487,0.03557813539258331
10488,0.13328284451933786
10489,0.04419071901763577
10490,0.01373869458712441
10491,0.0017532412976858204
10492,0.012040074093041418
10493,0.07101384854805703
10494,0.009996724628261454
10495,0.031910902673252584
10496,0.011067325744496573
10497,0.014591156274539687
10498,0.005007187863539938
10499,0.05087230476449942
10500,0.026513762071251383
10501,0.0774764846051134
10502,0.02353181317097183
10503,0.03263822327478063
10504,0.015101900642613906
10505,0.014221835646997302
10506,0.009216460449430012
10507,0.03264590505173746
10508,0.024571488260154935
10509,0.16887434558637238
10510,0.020975279812655054
10511,0.005454523959434009
10512,0.1749250399544135
10513,0.04984952839294103
10514,0.07797318320252174
10515,0.021997915281676744
10516,0.02227080315945387
10517,0.07562629581322787
10518,0.2224413373421522
10519,0.11551617805005183
10520,0.0034177154945392446
10521,0.2253857597275955
10522,0.026813158942352783
10523,0.013469385487395165
10524,0.003052634201689032
10525,0.01957499692216563
10526,0.015668165541196558
10527,0.02532537097296266
10528,0.0013096975784842955
10529,0.024489820248518625
10530,0.00258016636162893
10531,0.009491992678905936
10532,0.04912832732697839
10533,0.007283353745671755
10534,0.2620864914204156
10535,0.015453511658398035
10536,0.07872851776267166
10537,0.008633581447142056
10538,0.012206528976646196
10539,0.17510735425710844
10540,0.06315474129722072
10541,0.028861730224911113
10542,0.05791606885277471
10543,0.21811042347257809
10544,0.007804100571417401
10545,0.02106395024603645
10546,0.05766613575499079
10547,0.008196432223372727
10548,0.011057750564475213
10549,0.03899844391684405
10550,0.009924999173491902
10551,0.022454172021338932
10552,0.02109244862666279
10553,0.025080868771085292
10554,0.011303601048950802
10555,0.007597352640026741
10556,0.015595154571720051
10557,0.029473031003337695
10558,0.008969172096353239
10559,0.05706991650593001
10560,0.027941341201725468
10561,0.13703393137417855
10562,0.02926740529781586
10563,0.1254724442184486
10564,0.01788475406860141
10565,0.017961771979232353
10566,0.014930330326846415
10567,0.07107848523893293
10568,0.007399813091080043
10569,0.11252689823786713
10570,0.013970311116709426
10571,0.023929750628960723
10572,0.0157100749651313
10573,0.012268102915855932
10574,0.008636538761193335
10575,0.026635199305578686
10576,0.17255371134666975
10577,0.00503806440352152
10578,0.12275421008891388
10579,0.010066225089525236
10580,0.0034587354493392686
10581,0.03199801092544034
10582,0.004374973970886788
10583,0.018278814792656292
10584,0.045550079494074386
10585,0.005557811809823646
10586,0.013649670432405895
10587,0.01949944937574417
10588,0.004739007763862954
10589,0.026472540103202647
10590,0.015099929872315742
10591,0.10525723512133478
10592,0.0061216947927896816
10593,0.05196108354982948
10594,0.02854954428432886
10595,0.022941735836270537
10596,0.012212506241585607
10597,0.014082628823862802
10598,0.014844965335351732
10599,0.0030989881673882318
10600,0.004774413322728039
10601,0.0504345986150182
10602,0.026052295400489277
10603,0.08118470503279532
10604,0.014991217357012523
10605,0.02889701668451522
10606,0.0239000101274481
10607,0.07252179042525637
10608,0.02026803447947068
10609,0.023244695748163055
10610,0.036045428110871774
10611,0.02618767682474834
10612,0.025108824019907206
10613,0.03880427909214925
10614,0.037289300296115956
10615,0.012870154125336796
10616,0.02232513885251271
10617,0.014497321641456536
10618,0.005742641010814084
10619,0.019533933621582327
10620,0.019921506955097496
10621,0.018344458036383345
10622,0.00980442418491134
10623,0.021248849038500935
10624,0.004640715516638589
10625,0.04186801809375153
10626,0.024169931391450624
10627,0.1038796106685957
10628,0.014957674208355027
10629,0.07844320562103267
10630,0.04607147875588562
10631,0.05973959283086899
10632,0.1160450316543312
10633,0.020385856667673376
10634,0.008919039025610493
10635,0.014923475261513103
10636,0.0492169810030107
10637,0.05856416131157862
10638,0.006625214860622207
10639,0.006809726166557572
10640,0.015985417594549092
10641,0.018347613957083588
10642,0.041675938721449896
10643,0.017053781382717924
10644,0.017600612795133714
10645,0.04244564496534805
10646,0.008578880998870995
10647,0.20657603218561113
10648,0.031336011490528
10649,0.10053634488956181
10650,0.011035981613911342
10651,0.052449180559974426
10652,0.06044388643750267
10653,0.044189591320884944
10654,0.07321292937822646
10655,0.019141582489044226
10656,0.00884750981290808
10657,0.009849407170072037
10658,0.013916888791826225
10659,0.09417046668377688
10660,0.021487123205098803
10661,0.06786695385018428
10662,0.16732564933025978
10663,0.011179385442454257
10664,0.08148414821582863
10665,0.005284806073785792
10666,0.04080664271470711
10667,0.009834503088182725
10668,0.03361333782373541
10669,0.0967260237969155
10670,0.14213783234888222
10671,0.016996498759060983
10672,0.017194453702301802
10673,0.09922676726479801
10674,0.009096246359919735
10675,0.008011933338335655
10676,0.025907590330557374
10677,0.150642060254658
10678,0.018381877932367983
10679,0.021675099546598225
10680,0.005311679149876034
10681,0.04499095937431373
10682,0.0048468141204258955
10683,0.009908284263864881
10684,0.01103727272224205
10685,0.014781965112773599
10686,0.005123519308773819
10687,0.08767811315840064
10688,0.004972163510149781
10689,0.047610356357627726
10690,0.016624516947713178
10691,0.006406430491195163
10692,0.014336889930682228
10693,0.005234332046670202
10694,0.015572109548208434
10695,0.14395498967405596
10696,0.01617480293635713
10697,0.017305309420673855
10698,0.1794369030759204
10699,0.06572320032927782
10700,0.28222207594737947
10701,0.11661865593685876
10702,0.014206566132635953
10703,0.015775077979216793
10704,0.01678714950649887
10705,0.01363160996001228
10706,0.007542810845567146
10707,0.06844557398555001
10708,0.03815359106606178
10709,0.3414346420064403
10710,0.011410973865480997
10711,0.16358307899691524
10712,0.0854903855355802
10713,0.03497534716881359
10714,0.012639799353525228
10715,0.30437996464756517
10716,0.05949692972654031
10717,0.005112281692100874
10718,0.008481168922873516
10719,0.10162592432431093
10720,0.009323084089163075
10721,0.06546136615239234
10722,0.04444418065686934
10723,0.0200254126049618
10724,0.04883947560885576
10725,0.039010772130182544
10726,0.027805817940788378
10727,0.045280069592629826
10728,0.061197164332842724
10729,0.04402420008999025
10730,0.0032205516524936363
10731,0.011930921996105714
10732,0.09272470052498083
10733,0.007640938741510344
10734,0.002190966517671105
10735,0.009697557999267116
10736,0.014068557364899726
10737,0.02983428480723094
10738,0.024727256088380153
10739,0.058202585589399156
10740,0.014215667828680193
10741,0.053449926266706374
10742,0.011232083418876248
10743,0.048861287376091904
10744,0.01235504980735319
10745,0.007404344291667656
10746,0.01384379451418652
10747,0.02527844741646339
10748,0.018228676927705283
10749,0.0036488232085898423
10750,0.011287132319670044
10751,0.01702190902934771
10752,0.005795311427708375
10753,0.014783021293785632
10754,0.01329245314397259
10755,0.0532461857412747
10756,0.008288347064168634
10757,0.012126854246499596
10758,0.011189519143429241
10759,0.011492202486994806
10760,0.13658540416973217
10761,0.08044074057343233
10762,0.031268071492201524
10763,0.02120644098178101
10764,0.08113177126875375
10765,0.015189944852208084
10766,0.021973073424813493
10767,0.01113397197955375
10768,0.016781070778111706
10769,0.2877325110357593
10770,0.00408578066846577
10771,0.007179758839782935
10772,0.04708991828563626
10773,0.010565133915291987
10774,0.01056614479834916
10775,0.02461478892457486
10776,0.04209103146639898
10777,0.014169391155330247
10778,0.029404272715492934
10779,0.04702230294994273
10780,0.02337601435306911
10781,0.006079139457715085
10782,0.01061856718596383
10783,0.008302646371992682
10784,0.08785089190241611
10785,0.0703788646122253
10786,0.010737495417858952
10787,0.012051672641949122
10788,0.010520311059051383
10789,0.011126961198407215
10790,0.10423144742250702
10791,0.013080726866671326
10792,0.006450259283084599
10793,0.13622679308473457
10794,0.004404039212249191
10795,0.004882549497994694
10796,0.005068897363220708
10797,0.14490871627845905
10798,0.06232296694071661
10799,0.036828270994397595
10800,0.09439364239999087
10801,0.008164002067312506
10802,0.01587683966446486
10803,0.06904229199059556
10804,0.00691843619866103
10805,0.007352755010841709
10806,0.03002434305040647
10807,0.029469097332431034
10808,0.13237494520694368
10809,0.007423086764747087
10810,0.06897975393893595
10811,0.014073648482251708
10812,0.018139051507688006
10813,0.05080661033080542
10814,0.026212239389380533
10815,0.048636069802179625
10816,0.009270689227158783
10817,0.022433293485068798
10818,0.03833552821387153
10819,0.0064413839902516075
10820,0.008541278681277405
10821,0.009157003270760503
10822,0.01358476557478305
10823,0.011166137754878186
10824,0.021088695409205382
10825,0.4806055924303556
10826,0.034506488349739954
10827,0.03398642834445549
10828,0.056098625316171644
10829,0.02857794336406618
10830,0.012235287348395435
10831,0.13867928335497642
10832,0.01291601405900913
10833,0.024962886297975703
10834,0.007322746095470001
10835,0.07694666682584861
10836,0.018849378293369995
10837,0.029728915257097303
10838,0.00483468659480811
10839,0.009167661115587273
10840,0.013766854809735194
10841,0.0331905872521548
10842,0.005419009119028853
10843,0.017668241642797244
10844,0.010074067408772001
10845,0.022243824403156632
10846,0.017731436623397927
10847,0.012287999185869997
10848,0.013285561860351512
10849,0.07651126230290044
10850,0.05998591650051858
10851,0.1067055030922413
10852,0.014214516559917368
10853,0.10715506784446124
10854,0.012297220492615262
10855,0.018119492152476494
10856,0.04460224831485249
10857,0.00415549479061591
10858,0.014388713923652369
10859,0.02292491287584194
10860,0.07693480725357141
10861,0.009782702755159588
10862,0.12380197767273488
10863,0.012074115290848684
10864,0.01359191766266803
10865,0.011124722071590959
10866,0.02174902923391597
10867,0.01752300451152404
10868,0.02931037278392725
10869,0.042163738383183505
10870,0.022645010951647677
10871,0.013471858463564258
10872,0.015229293551663758
10873,0.014472275796700544
10874,0.003934746861786857
10875,0.0023184167318805095
10876,0.04286135502788584
10877,0.008907146565845273
10878,0.04641148080037502
10879,0.044980938140798656
10880,0.00701202790963624
10881,0.02362905424631293
10882,0.0036614087757965335
10883,0.002014835495555789
10884,0.003811911126402049
10885,0.14631605254739902
10886,0.053668018273462924
10887,0.04118011308858648
10888,0.0009747933666846162
10889,0.014504691505278567
10890,0.015280135550154695
10891,0.021059147987670692
10892,0.055348405405602624
10893,0.02490890661483897
10894,0.02159074783570862
10895,0.008180719788104016
10896,0.008959791978474784
10897,0.005323270177342528
10898,0.009945293784280555
10899,0.018356871406490508
10900,0.08961581254351635
10901,0.04738863093957192
10902,0.013525363501143504
10903,0.03048528797200462
10904,0.011642143655198854
10905,0.038621438605147496
10906,0.014087356701220554
10907,0.004552414654792012
10908,0.02044439510193042
10909,0.0037030151736241043
10910,0.019011871349906336
10911,0.0020793739130440924
10912,0.0019055043453634411
10913,0.07084851212546862
10914,0.3392371891961448
10915,0.042104181403818663
10916,0.00892292590995809
10917,0.008719243578148385
10918,0.036415446548340676
10919,0.08158998449002788
10920,0.013066903979351495
10921,0.013598899298066352
10922,0.026643368860473266
10923,0.0637038964263919
10924,0.014285532547584757
10925,0.05711379834442374
10926,0.012716244169288413
10927,0.00954583155837918
10928,0.07101451164611655
10929,0.017099726285646866
10930,0.007643027785389324
10931,0.017717688202183623
10932,0.006731789850827435
10933,0.04673470213191097
10934,0.006087292733996838
10935,0.01628895667743114
10936,0.014904221108731304
10937,0.013750866304333947
10938,0.0031049450283380754
10939,0.002309559758032192
10940,0.017495287113085553
10941,0.0742040683287957
10942,0.07263030069214678
10943,0.014925929532631416
10944,0.13524796252825072
10945,0.058714546926252345
10946,0.02326911062281341
10947,0.004480273773259522
10948,0.011192496867323166
10949,0.0032765586721796363
10950,0.008704227479918971
10951,0.02581772417237214
10952,0.017054606190541843
10953,0.01853145467784192
10954,0.027677608740917677
10955,0.008749375516177597
10956,0.010944275941969096
10957,0.12525122633469005
10958,0.01214322482448371
10959,0.01680049893539255
10960,0.10372037455093716
10961,0.4044516760482492
10962,0.006178871998610904
10963,0.013081811818642004
10964,0.004790040547721945
10965,0.01477079316888351
10966,0.058892765878562986
10967,0.027777691645198572
10968,0.007677853414847547
10969,0.015398607837431001
10970,0.027039046236904694
10971,0.013011936287221287
10972,0.02972110454831357
10973,0.06274037789007168
10974,0.13561596185679486
10975,0.015705594963579296
10976,0.010485259113351983
10977,0.010730835632106342
10978,0.005972804460383613
10979,0.017640929575476805
10980,0.043502984032555946
10981,0.0752792289294878
10982,0.02479653809284913
10983,0.04788886182894655
10984,0.010544109660915185
10985,0.006405229803263284
10986,0.00482279805353566
10987,0.01945848600149913
10988,0.008345594616787086
10989,0.016330955275861283
10990,0.020229672826683177
10991,0.2391000807926798
10992,0.02062836135214076
10993,0.017453767665180732
10994,0.006439686800868736
10995,0.013892569872751257
10996,0.008661386399534884
10997,0.015580312389778932
10998,0.11225962827475712
10999,0.05059826247019576
11000,0.01208926890640322
11001,0.005766680581884188
11002,0.008972371148880364
11003,0.003971796197178155
11004,0.05792906826086585
11005,0.011672207088083916
11006,0.009248557044554406
11007,0.005112685077772843
11008,0.1509450371965142
11009,0.0033880354274533385
11010,0.02524783594916455
11011,0.013412227597683474
11012,0.0036304786651950713
11013,0.34606474423381733
11014,0.01948038223022862
11015,0.0034913372396842618
11016,0.01590301088131556
11017,0.008870163704275097
11018,0.02196123351751538
11019,0.05516763558312294
11020,0.009496471817547257
11021,0.006762375095086836
11022,0.004589124625462162
11023,0.011850004175101653
11024,0.03154125966513965
11025,0.08481296488867646
11026,0.00852859901695922
11027,0.1012171928853467
11028,0.025698660186844875
11029,0.02441161323440247
11030,0.12579547489921647
11031,0.0006464297710416706
11032,0.025182650793736765
11033,0.087336851043509
11034,0.011881909063067863
11035,0.02293615155781536
11036,0.0034663708040320197
11037,0.014380216029194443
11038,0.018450507724730277
11039,0.05538884759064691
11040,0.009029131158581062
11041,0.07499808478567324
11042,0.06563274690291816
11043,0.01666259886257268
11044,0.04953728287723345
11045,0.27838114785608803
11046,0.019007240007417162
11047,0.016166293522443413
11048,0.04584808939174172
11049,0.025594023862944657
11050,0.06648607304010067
11051,0.006545604316434522
11052,0.02211806255599806
11053,0.033991228548986424
11054,0.03764379609510535
11055,0.002801642024682932
11056,0.5361745217115234
11057,0.04178493900828468
11058,0.009715894027991896
11059,0.005843105336612319
11060,0.01460310862457646
11061,0.010293733718939005
11062,0.023376550278025512
11063,0.025047632893363498
11064,0.015613079251868079
11065,0.010928694740135952
11066,0.025466574406596932
11067,0.015966862715714857
11068,0.09054261096150609
11069,0.0172505383349895
11070,0.02026215168283584
11071,0.05396732407958571
11072,0.013111721743428452
11073,0.008332248742266141
11074,0.09190211306072091
11075,0.0946877096727335
11076,0.024117305080075584
11077,0.021740653827657712
11078,0.0035894615351033453
11079,0.07267932616174165
11080,0.028330729801544927
11081,0.011643172558421344
11082,0.1128600894050506
11083,0.12362517693671972
11084,0.04480165238516892
11085,0.11129581749622174
11086,0.10178920941756316
11087,0.03782276615575992
11088,0.029111601932797528
11089,0.012882377842826373
11090,0.019023683986663216
11091,0.07225482140999999
11092,0.43220761904001415
11093,0.013204023175120212
11094,0.0047797112483656925
11095,0.0019049784762116197
11096,0.0020931738034515347
11097,0.0816806511451132
11098,0.016693765331770662
11099,0.015100724708503918
11100,0.0010386366382040483
11101,0.007170740463935961
11102,0.011042422513509394
11103,0.009655758079013846
11104,0.018578254916302907
11105,0.055160688943115786
11106,0.04292556978761045
11107,0.012074133598747396
11108,0.0507136271976511
11109,0.015371037176956932
11110,0.021876893527462103
11111,0.024000650369727757
11112,0.017928331283061864
11113,0.009168280880882384
11114,0.015154195813846829
11115,0.0074711511457815
11116,0.018421556965843803
11117,0.01051492731510202
11118,0.013036722406984648
11119,0.011405149348076304
11120,0.06094166074547106
11121,0.04445131715892935
11122,0.007102561445604326
11123,0.006910849500150101
11124,0.008986748632847196
11125,0.026409143112831063
11126,0.004972221228471508
11127,0.01585188706730607
11128,0.07359574636982363
11129,0.027401621569013844
11130,0.02369301929369275
11131,0.027184267784525103
11132,0.0914218799533293
11133,0.008324930802484818
11134,0.01689200082290353
11135,0.02974745248021227
11136,0.0016380989836509788
11137,0.025857114930298967
11138,0.03164131745599525
11139,0.020881011163208663
11140,0.013102846629253807
11141,0.01514669430786573
11142,0.004654739326185807
11143,0.007401304326580863
11144,0.31966123593200413
11145,0.0500917880633046
11146,0.06998173785435681
11147,0.004348413592539444
11148,0.033974814763882304
11149,0.007593320625105555
11150,0.003943679760798791
11151,0.020412595647166257
11152,0.003265781272966595
11153,0.11718382265730361
11154,0.015418014323361106
11155,0.4937678506091265
11156,0.015817343202550804
11157,0.25054729072496473
11158,0.09039943738315256
11159,0.11243848762232725
11160,0.011364697042025215
11161,0.0072074234258879405
11162,0.01044034543789792
11163,0.02748589505399399
11164,0.16490706386231058
11165,0.01411685451660971
11166,0.02123928574050638
11167,0.006316457431561899
11168,0.09916046623874762
11169,0.08264703337920039
11170,0.010003957557034877
11171,0.018382512491726392
11172,0.0326186291955655
11173,0.015756103735621557
11174,0.19637707810019056
11175,0.08831715848264872
11176,0.01891570531174821
11177,0.011945073154338475
11178,0.009946982904974765
11179,0.00401429861683674
11180,0.014215871189724984
11181,0.011849694674280674
11182,0.029954708850825053
11183,0.0662191905568163
11184,0.005696867006114176
11185,0.02218956190302412
11186,0.0133199281740543
11187,0.11879084201456776
11188,0.02761487947786495
11189,0.04501724862229583
11190,0.07253001646787326
11191,0.0260036679223085
11192,0.10100845850344775
11193,0.040388713483709336
11194,0.02438069946510248
11195,0.02769562118488438
11196,0.013138335355872645
11197,0.0369649886955583
11198,0.022673828105503595
11199,0.00925237419064746
11200,0.004319859455641023
11201,0.06055392754723392
11202,0.005188746006480675
11203,0.00934283057513008
11204,0.014241651691912719
11205,0.057582883757646176
11206,0.009492690125231537
11207,0.10671989769960392
11208,0.03553311888149761
11209,0.07818496298590095
11210,0.0027246804528507328
11211,0.04514571815443868
11212,0.08182669542159673
11213,0.29615460049484865
11214,0.05418928645549149
11215,0.008953857625834605
11216,0.0558398703294397
11217,0.031174215533528914
11218,0.02358407184260681
11219,0.006913454114089196
11220,0.033133398564559144
11221,0.002349552021054486
11222,0.029719841321441225
11223,0.022862797658244824
11224,0.07102139497550997
11225,0.11245568646653215
11226,0.09237179151649608
11227,0.00285295655699268
11228,0.0036767428966531777
11229,0.018763384083333588
11230,0.006082440201554378
11231,0.025358607639826065
11232,0.00593072820369799
11233,0.0047295413554132824
11234,0.016378520444288388
11235,0.05300098821683933
11236,0.010953112677960961
11237,0.013733890915273649
11238,0.06926931530598321
11239,0.006311352750516088
11240,0.12014077520147877
11241,0.038696130762163994
11242,0.004601466407939662
11243,0.04602013129214628
11244,0.007611519957720462
11245,0.053552854967235816
11246,0.008866863096018215
11247,0.010898673922547248
11248,0.008636523306758901
11249,0.013810083204067035
11250,0.08064866244250554
11251,0.02827747018934349
11252,0.02212756634341504
11253,0.06567045214552986
11254,0.04284353844978587
11255,0.0684056043126526
11256,0.05493699098179683
11257,0.023910571075727437
11258,0.17046696149633092
11259,0.017996879185098985
11260,0.012369272815462282
11261,0.026694707641062
11262,0.019677925694283383
11263,0.001341540240515146
11264,0.07743768183918524
11265,0.03229181809870758
11266,0.4643806518619015
11267,0.035997079456691956
11268,0.022312249073769483
11269,0.01910399628879223
11270,0.0545215422431703
11271,0.03530958272451344
11272,0.008121962604144634
11273,0.003869899166334341
11274,0.026470772146449596
11275,0.07529595777490213
11276,0.029264726822523773
11277,0.014090775715463503
11278,0.01742416906769935
11279,0.04982610524899041
11280,0.008524759842253945
11281,0.023282533138288215
11282,0.01097999406203677
11283,0.009535045646146306
11284,0.08668551835484585
11285,0.011874905192762686
11286,0.023738262874151032
11287,0.010302476324875399
11288,0.011931719448295257
11289,0.0023141312183641424
11290,0.01569798035251332
11291,0.015216669758167312
11292,0.025282062750865524
11293,0.02006169039551336
11294,0.019107607176577533
11295,0.0158178771385594
11296,0.007520668094679472
11297,0.022605074037828264
11298,0.008132039477015225
11299,0.03168626295680756
11300,0.0298537135895665
11301,0.03569985305650752
11302,0.014066455180097352
11303,0.004666969734326282
11304,0.004024737526700386
11305,0.014830861342022555
11306,0.016129395268494908
11307,0.11227921004745102
11308,0.010306963102354233
11309,0.03912929475041706
11310,0.025819102133724566
11311,0.031559556214047386
11312,0.03508796733598246
11313,0.22570186888268642
11314,0.01108287935257272
11315,0.12545444215857857
11316,0.00606718983572441
11317,0.014776169940077992
11318,0.004463675928297863
11319,0.04458165769411084
11320,0.042829747775146865
11321,0.011212852814198128
11322,0.004145921162778741
11323,0.048858444920573986
11324,0.018745797599772494
11325,0.043554567131574365
11326,0.027674910157260167
11327,0.009695765638019412
11328,0.012385982489527377
11329,0.0030997242862018056
11330,0.368525684058491
11331,0.0034693551745423423
11332,0.014207460041918822
11333,0.03802694927246636
11334,0.03211834713023384
11335,0.010620323928333385
11336,0.026444915503717817
11337,0.06859941223448607
11338,0.017103008567235494
11339,0.07864765039575061
11340,0.017358432150261945
11341,0.011337869889811981
11342,0.06772293893283828
11343,0.00924826617456857
11344,0.02922901844858897
11345,0.06814146577228919
11346,0.0037504463172487617
11347,0.006121555975800871
11348,0.035803194411965084
11349,0.044642539024778174
11350,0.007478178870795229
11351,0.004771655527023633
11352,0.007415628747186613
11353,0.014414079309825514
11354,0.020644130941299216
11355,0.09586486502992694
11356,0.013237231733278943
11357,0.06151738609015372
11358,0.005288313139513096
11359,0.004531438350180325
11360,0.014993880977501125
11361,0.016075025045644026
11362,0.008348944018275756
11363,0.01026696760913107
11364,0.0029478504818939493
11365,0.020751509627326446
11366,0.022131444786556292
11367,0.012501421518278938
11368,0.10762301889904348
11369,0.012713662720514636
11370,0.01884876493506599
11371,0.033711239221021545
11372,0.03915325668112618
11373,0.07500406856486755
11374,0.1722722460300407
11375,0.026371764636045004
11376,0.014465401673572352
11377,0.04387332549337427
11378,0.08420202392850039
11379,0.02552910305502553
11380,0.007758650267442082
11381,0.0074870196182500945
11382,0.021199427515800114
11383,0.035928927142149326
11384,0.01297823214327312
11385,0.012715408637581256
11386,0.040051999697439986
11387,0.05448413295882249
11388,0.06779991424607865
11389,0.012745592074116116
11390,0.023340702672164076
11391,0.00879058165988136
11392,0.0035519684855812436
11393,0.017208728188570464
11394,0.009657591341693679
11395,0.10827702830242616
11396,0.0743731285158635
11397,0.2748279821184678
11398,0.028314522272667363
11399,0.5654744647547302
11400,0.007579210292055354
11401,0.03962955106618099
11402,0.06596478391306737
11403,0.010343420946745787
11404,0.01644379945087726
11405,0.015120738836139408
11406,0.01054779520166664
11407,0.006224494259788104
11408,0.01625436201037912
11409,0.003439497970276788
11410,0.0077955000004378055
11411,0.01678604860256244
11412,0.004565172198562505
11413,0.08477292167796889
11414,0.04084409870875152
11415,0.008963976657657618
11416,0.014723632050507151
11417,0.005118510154861259
11418,0.015522483687111684
11419,0.0059435232742730765
11420,0.005959934073606906
11421,0.026303902656004487
11422,0.01031905787863199
11423,0.015980163267513506
11424,0.009073912960330673
11425,0.0356158168838745
11426,0.029784848465332355
11427,0.007795795549922612
11428,0.009283823714796774
11429,0.011678018113452843
11430,0.008623868598323208
11431,0.10216480819173415
11432,0.10110807243139386
11433,0.0031709246927682628
11434,0.07805664126174883
11435,0.026633356513994788
11436,0.18330671460481668
11437,0.015611276365095995
11438,0.004489408009005672
11439,0.0018970415574910895
11440,0.01006595646353848
11441,0.020601100046250785
11442,0.007522888842263477
11443,0.014924717297452096
11444,0.27183257382299403
11445,0.0061734805438635265
11446,0.42331276702397963
11447,0.021791819245065208
11448,0.014667125242472523
11449,0.003016526516483392
11450,0.07023146721702869
11451,0.02000668215400842
11452,0.0032874855923471537
11453,0.0281444796678861
11454,0.011467589745741115
11455,0.009294516069896048
11456,0.04327619574425603
11457,0.018687480274148783
11458,0.07023314028234669
11459,0.0012855461749765372
11460,0.011674770011082686
11461,0.013400090288207572
11462,0.17218505254307875
11463,0.0736163325110558
11464,0.014389119681459582
11465,0.012778701199616806
11466,0.009998090984048835
11467,0.12983625116644015
11468,0.06937202811611808
11469,0.11921898635721889
11470,0.013467874508334973
11471,0.01115514485827107
11472,0.05180628031637114
11473,0.028154343024877033
11474,0.12876831586352303
11475,0.024056027368708658
11476,0.013333298118344612
11477,0.0025645989291575378
11478,0.1585506442982904
11479,0.04180658056209723
11480,0.014674289067829062
11481,0.007688195371193947
11482,0.025949756200523706
11483,0.0037980179686923914
11484,0.009529555567531092
11485,0.0026688588308208944
11486,0.02026244701896705
11487,0.005844954282564554
11488,0.1253772300388199
11489,0.01543253633255166
11490,0.013506923504530028
11491,0.018186409478333047
11492,0.01020333139629597
11493,0.01850424632407672
11494,0.09483519864292678
11495,0.13795660420386488
11496,0.008822069291548195
11497,0.02895589295364298
11498,0.006367521332507994
11499,0.046160390138145845
11500,0.014062224963834058
11501,0.01723124318200972
11502,0.0222954220072234
11503,0.010989114441165524
11504,0.02067728960917691
11505,0.018686044690489734
11506,0.05254902247869334
11507,0.012395038529456831
11508,0.040697905157442905
11509,0.010956470664311416
11510,0.012097061847820882
11511,0.16650175083095448
11512,0.1397805799854115
11513,0.006774257840074097
11514,0.010219165035398544
11515,0.017307929371451748
11516,0.00495925459760315
11517,0.012341226332436285
11518,0.011382758338159032
11519,0.02361860152599805
11520,0.05510768069915035
11521,0.09304663595197452
11522,0.039293641938233106
11523,0.06212944063941572
11524,0.05504661586805091
11525,0.01672483508098671
11526,0.007610533204009551
11527,0.0237935388723341
11528,0.027568669898560886
11529,0.06105866449967334
11530,0.02912911003481896
11531,0.015707033080892302
11532,0.004151418166685541
11533,0.009368677088190702
11534,0.14777693672756056
11535,0.17155033632453365
11536,0.012456447199234449
11537,0.051627143615629555
11538,0.004089341892773783
11539,0.018023873166636756
11540,0.013983063945624529
11541,0.012687148552149167
11542,0.0607229936689618
11543,0.024221652209797526
11544,0.011508766634984895
11545,0.013864840924327899
11546,0.1887971602944781
11547,0.10094955610952984
11548,0.01064085437268916
11549,0.017104124544637462
11550,0.004345332925818916
11551,0.015775706764269107
11552,0.0035113578267521994
11553,0.10837067014521345
11554,0.032674698942353024
11555,0.06471955931995464
11556,0.06685162477753241
11557,0.017597983461823737
11558,0.06280707281577379
11559,0.11657315889793649
11560,0.011463210386964401
11561,0.03438907106481559
11562,0.02101926967214638
11563,0.012829125002580228
11564,0.00389511273671909
11565,0.010633370963924657
11566,0.043807428483667615
11567,0.015560266969147953
11568,0.08715610879155983
11569,0.07990155392068167
11570,0.030759317670875398
11571,0.03525801030810475
11572,0.02381830618237008
11573,0.023415401204408322
11574,0.007190010821349232
11575,0.008912936677299015
11576,0.06459767436228767
11577,0.004166411638191868
11578,0.010174181957469794
11579,0.02011298242930061
11580,0.01697686435717066
11581,0.025419400464820094
11582,0.07084370265476277
11583,0.08864745145282542
11584,0.006981413984270805
11585,0.02113887928112196
11586,0.006263506489428932
11587,0.011539295583233864
11588,0.006845574860634541
11589,0.0019310657420726952
11590,0.017266490867220253
11591,0.028317249476424562
11592,0.006116740045228879
11593,0.2509612244187544
11594,0.08229768532348523
11595,0.021274443813622437
11596,0.09644099205515007
11597,0.19611563702010235
11598,0.025709856071198394
11599,0.013228645695219733
11600,0.027037136310805187
11601,0.065892249242667
11602,0.021710997705358635
11603,0.004149082940096182
11604,0.10330466146576132
11605,0.03294461344337878
11606,0.01878403883549953
11607,0.030687004910600186
11608,0.1265106925995884
11609,0.005555570378619232
11610,0.017107507966397668
11611,0.010076632559740055
11612,0.0679421370789938
11613,0.022135361419894847
11614,0.2725072688552923
11615,0.023952256313109474
11616,0.021766850738016114
11617,0.0016017828642285695
11618,0.0366142899280241
11619,0.01399712271073265
11620,0.003910101749464513
11621,0.0031930010976396203
11622,0.11747450004504334
11623,0.042229114040877036
11624,0.014452826340426302
11625,0.015522878450226074
11626,0.02471484136870709
11627,0.038431095760177135
11628,0.010571318478519038
11629,0.003504979283613107
11630,0.018117663222278667
11631,0.008618545125128796
11632,0.02035435714703744
11633,0.0060199698228200005
11634,0.008599590439846564
11635,0.006484574176525364
11636,0.0914803833520694
11637,0.014973224095522793
11638,0.1273870108740007
11639,0.015922660977800217
11640,0.008862977135000684
11641,0.03372249679699421
11642,0.16933075509700096
11643,0.006008629867377569
11644,0.12600458642961201
11645,0.05409852753018365
11646,0.025785436197836128
11647,0.03409085341944799
11648,0.041195472481818526
11649,0.022652100961829826
11650,0.010432785340601257
11651,0.010841287443097068
11652,0.02093373084277131
11653,0.00726155255738131
11654,0.003906359362855945
11655,0.011363828229366067
11656,0.015250768757546058
11657,0.007340888712459444
11658,0.006943232395693965
11659,0.0024317591739422637
11660,0.00525292502457268
11661,0.036214303979024455
11662,0.016978839371340367
11663,0.3501649789221706
11664,0.016060318487387957
11665,0.05633397532716779
11666,0.00357541920306872
11667,0.054322275608202276
11668,0.026071307686027743
11669,0.005745668975266115
11670,0.017189219426383292
11671,0.034552389888246215
11672,0.006481579079559563
11673,0.009294387014954164
11674,0.18853525362540313
11675,0.0258795476626062
11676,0.035990123397948035
11677,0.01863411470329263
11678,0.01948039583045415
11679,0.015113178248556703
11680,0.015950396859132267
11681,0.012226467606385847
11682,0.0284269726285582
11683,0.008139004988985036
11684,0.008188319054504485
11685,0.014062125345374035
11686,0.13374070056005857
11687,0.017940694576483573
11688,0.00476890312417279
11689,0.027941463038936215
11690,0.10028223338720581
11691,0.00349019824956788
11692,0.04493897079782078
11693,0.011258450683473581
11694,0.006564965828087576
11695,0.021848289200296342
11696,0.004400819729358261
11697,0.1422233316722605
11698,0.033534242152605406
11699,0.018405155411948315
11700,0.024145365404684923
11701,0.016065852217254466
11702,0.010988360960990234
11703,0.14818401249587365
11704,0.3891676175421548
11705,0.07995660904088386
11706,0.04673258580528994
11707,0.04483691834122291
11708,0.016500288998825868
11709,0.01251824907046938
11710,0.10805829616122548
11711,0.20625338001329174
11712,0.010440870717439536
11713,0.006220068188760064
11714,0.04836659940551417
11715,0.003001772130713947
11716,0.017873474024455348
11717,0.09535483303555577
11718,0.056370444734360405
11719,0.023579368795196138
11720,0.014904937915381522
11721,0.012287922970102488
11722,0.023903857817968208
11723,0.07302929121253077
11724,0.010783162750770422
11725,0.004461642868204591
11726,0.037332009946600485
11727,0.03540433583038059
11728,0.0620060525667289
11729,0.017374453435295742
11730,0.018758281327904257
11731,0.00567969049266356
11732,0.004033537526578987
11733,0.02806023180241559
11734,0.012722935863939714
11735,0.021959097635137443
11736,0.011313054020191742
11737,0.006865821241777534
11738,0.014682946217282456
11739,0.06712639112651797
11740,0.021945004637926334
11741,0.015755782590286226
11742,0.003477273254668871
11743,0.043983887757918706
11744,0.003744824614054045
11745,0.011576283915386478
11746,0.016757803377562292
11747,0.007853706539573424
11748,0.0019248793525781566
11749,0.153934004125416
11750,0.2320914363176686
11751,0.014894917294047795
11752,0.017858930315063175
11753,0.012901735005543293
11754,0.03627484982824905
11755,0.010134513585714839
11756,0.012034391020452553
11757,0.006918597185536835
11758,0.06854866128993603
11759,0.06527558254893133
11760,0.09521291923927733
11761,0.004212943982768241
11762,0.012155614234650778
11763,0.005423527147270889
11764,0.014033977107007097
11765,0.018873066774374638
11766,0.019236289270115548
11767,0.11433568097781083
11768,0.053439765710890555
11769,0.08000900029618631
11770,0.024138123661767895
11771,0.0070787580940060565
11772,0.16989861873647438
11773,0.019157442167681563
11774,0.014821142293412186
11775,0.18217948267399725
11776,0.011107695092729178
11777,0.008989572316047327
11778,0.09525275193520603
11779,0.012833307141785398
11780,0.019074581412151168
11781,0.08209118589739425
11782,0.01500449483183984
11783,0.05096646334182888
11784,0.09084042858320537
11785,0.039224031364479446
11786,0.07379586830461163
11787,0.01774663759535326
11788,0.014238053758539542
11789,0.015564037991595217
11790,0.004197567306903836
11791,0.03508243405123472
11792,0.04889341693522131
11793,0.06285981887204733
11794,0.02333645208523015
11795,0.013201347143437604
11796,0.006248012051330492
11797,0.04226211280837016
11798,0.013744325292120356
11799,0.010634225747609407
11800,0.017335195236198208
11801,0.005673650905110411
11802,0.15778750685049533
11803,0.050610183311123685
11804,0.006672276223994172
11805,0.013019405262179793
11806,0.07648969873954135
11807,0.005142985875646699
11808,0.35075724867230157
11809,0.026752183101198312
11810,0.004416566241546524
11811,0.014907396040452955
11812,0.00453733756762423
11813,0.015907822160265886
11814,0.028623290664720507
11815,0.0812729964292753
11816,0.02300805155980854
11817,0.011481988020781153
11818,0.030798417656530873
11819,0.0036293609051079945
11820,0.008574223132764215
11821,0.1395034844472275
11822,0.016846805685484953
11823,0.012059121541256908
11824,0.013134518458040303
11825,0.018687282142451196
11826,0.009148662998972022
11827,0.010753808536776922
11828,0.044356153902750245
11829,0.0080965111935855
11830,0.014044242406310926
11831,0.009242492762283672
11832,0.03699798625640047
11833,0.012908477705693588
11834,0.016764874305930686
11835,0.020293558350927735
11836,0.03432733138182246
11837,0.006004517237706204
11838,0.004508894748965721
11839,0.013046622067534725
11840,0.01686694530775862
11841,0.010971712530452158
11842,0.003812336425646111
11843,0.020792036062358403
11844,0.005205935587950315
11845,0.023402833328245054
11846,0.01578188435596834
11847,0.01239711508496483
11848,0.017299298552550888
11849,0.0369328531525006
11850,0.004028955202144911
11851,0.0677371555292297
11852,0.011550356188024583
11853,0.014109010255184325
11854,0.002539909647792199
11855,0.06378189783703477
11856,0.018074747263531237
11857,0.02484208000243127
11858,0.16318800072017656
11859,0.028391524135499245
11860,0.0511089664222012
11861,0.005114954656524923
11862,0.01675088913502089
11863,0.010461762364648892
11864,0.0013044127991655489
11865,0.00871017628853169
11866,0.00367430541691809
11867,0.12632459122271908
11868,0.0031398066633817607
11869,0.01106095923636139
11870,0.11200278586418515
11871,0.005805688290444226
11872,0.009335684711337526
11873,0.06661646831546042
11874,0.019896411716877144
11875,0.028089207399151547
11876,0.012134882906204509
11877,0.0029612496370822524
11878,0.011416770689343799
11879,0.0951089053161881
11880,0.07897460856160678
11881,0.049271244444582245
11882,0.018039741464902226
11883,0.013973868629060361
11884,0.005723043154244746
11885,0.00855221731284163
11886,0.017147382648161257
11887,0.011698601507721139
11888,0.10433633515976119
11889,0.11397788532369914
11890,0.025371801592670634
11891,0.022112324119568646
11892,0.010448727220658932
11893,0.0077405703505515
11894,0.013289020109312688
11895,0.01217496255001893
11896,0.06879275209108611
11897,0.03317983617341561
11898,0.0363694754967141
11899,0.04544508624327575
11900,0.05859124024939596
11901,0.020303673643873518
11902,0.03565990144728157
11903,0.007648500450416699
11904,0.006572792295355354
11905,0.06996636075229995
11906,0.02051815423385695
11907,0.014573153142993563
11908,0.0073283482186381485
11909,0.018923749223393686
11910,0.061800752430693204
11911,0.1506664006957562
11912,0.008224951110972779
11913,0.00991160424681471
11914,0.010477911518100057
11915,0.02694309649955577
11916,0.013491097348163205
11917,0.01377313303043869
11918,0.024922906429164893
11919,0.0433833391086644
11920,0.06076430361229545
11921,0.012583226864663
11922,0.005060917837116045
11923,0.019595151544300728
11924,0.0013540594469922008
11925,0.01692126615242005
11926,0.006750359274498847
11927,0.02368651608572004
11928,0.054353646282172714
11929,0.014506716422187557
11930,0.01526787280099742
11931,0.02477942586740563
11932,0.03245097995447529
11933,0.01004215527948549
11934,0.01961540092019797
11935,0.0401627603439329
11936,0.03974450543068835
11937,0.04844742240896732
11938,0.006781576669783195
11939,0.019963698937091667
11940,0.029905288358643225
11941,0.010735331793666768
11942,0.010618702420976338
11943,0.014679684440537856
11944,0.011799723149158683
11945,0.004487789081415464
11946,0.027033836396551693
11947,0.01014287238913352
11948,0.025437040505871776
11949,0.02067889823782693
11950,0.011867157644185162
11951,0.011322902526513624
11952,0.10924105860639634
11953,0.07235937814271386
11954,0.030170565985816494
11955,0.36796128197095535
11956,0.00918691127675954
11957,0.020302751449304646
11958,0.04954325187985834
11959,0.0066094264364289605
11960,0.029783387614414222
11961,0.03324501999336969
11962,0.009619070299117242
11963,0.08788594593230059
11964,0.006040866412107572
11965,0.027172736966229863
11966,0.016996235815311997
11967,0.00885332457720675
11968,0.022473073390769035
11969,0.009192582072759577
11970,0.13351697469027163
11971,0.0024379400947489114
11972,0.007071836671177617
11973,0.0016281359937016773
11974,0.023446965770107374
11975,0.032990979914002544
11976,0.08818775657263794
11977,0.011115361563882962
11978,0.02510898555830691
11979,0.04656884845998735
11980,0.11066059712525243
11981,0.13176752077795095
11982,0.07950233351183991
11983,0.01250989171269641
11984,0.04162770729758187
11985,0.004737962211438902
11986,0.019216766704932376
11987,0.028364022390368625
11988,0.01840685583454567
11989,0.009408266747010285
11990,0.06216505438763245
11991,0.015591458013668994
11992,0.10713037333629707
11993,0.007396080494279635
11994,0.011540178468274657
11995,0.00659835669753996
11996,0.00854325389731137
11997,0.005490638133458883
11998,0.10753301922211052
11999,0.011090283072106296
12000,0.009521621333628163
12001,0.008734077984556063
12002,0.044755914560981616
12003,0.3639344664253195
12004,0.035135433007534606
12005,0.006460263688285264
12006,0.023412557089394336
12007,0.0746001242928234
12008,0.035142295237139756
12009,0.018279282660986402
12010,0.12005428716896004
12011,0.007080111503109754
12012,0.03775201221039104
12013,0.021146581409142697
12014,0.022888145960577762
12015,0.0031754642655542416
12016,0.004968324557200216
12017,0.019438070325100525
12018,0.019862079968691007
12019,0.0358405224042572
12020,0.09849982445652086
12021,0.019819396074148145
12022,0.09446219485819857
12023,0.008841954829742581
12024,0.07899638098694578
12025,0.020552820922684602
12026,0.01508959307101283
12027,0.031770001905194314
12028,0.0031763778311852705
12029,0.015081130249309625
12030,0.01934713498667102
12031,0.14671567138275057
12032,0.020551339921411504
12033,0.03348079769907054
12034,0.013679890849295818
12035,0.04158006916683599
12036,0.012131805663029339
12037,0.12982481271426044
12038,0.042523247112567275
12039,0.039485901164173956
12040,0.07425489678963067
12041,0.013323456891204198
12042,0.010771718651192749
12043,0.057550451542650205
12044,0.0404581601680131
12045,0.1077623025761623
12046,0.0599556368308455
12047,0.025885228907779737
12048,0.01741330031579374
12049,0.011242964467488618
12050,0.03357227737155561
12051,0.01003822831127767
12052,0.07384439109814715
12053,0.058530344904801385
12054,0.012660394073792514
12055,0.06967101689254698
12056,0.05884238316443452
12057,0.017025433879125296
12058,0.09318099593059123
12059,0.0628278929649974
12060,0.010660024224463278
12061,0.07958017123109852
12062,0.043514447136647365
12063,0.1048398462979255
12064,0.09221680961963416
12065,0.034712198797005586
12066,0.18847987281909048
12067,0.013375024111722887
12068,0.021334787666895717
12069,0.018442808266157507
12070,0.1112861741521835
12071,0.13226592318897468
12072,0.029150819546391392
12073,0.05331322346499535
12074,0.03579828425998539
12075,0.012837495296676457
12076,0.0863405411209711
12077,0.020453373730163642
12078,0.009151554406894405
12079,0.06536377473126387
12080,0.0052748611629071
12081,0.008216157903861723
12082,0.024794868495446664
12083,0.006620380910206847
12084,0.07589756941260715
12085,0.024773099204950064
12086,0.015146416226101703
12087,0.014847546885467846
12088,0.06273861534952326
12089,0.013463868380201343
12090,0.05634303573672404
12091,0.006393651018306384
12092,0.004746215820181625
12093,0.006585404434066118
12094,0.02021955983285233
12095,0.013843156432166737
12096,0.038854419380425005
12097,0.12014225409863302
12098,0.31412218384614954
12099,0.08116193549004082
12100,0.007295147586817296
12101,0.05274810369377932
12102,0.002888315279081342
12103,0.012518600510047148
12104,0.15498384386551964
12105,0.029047307129133042
12106,0.010586412156639757
12107,0.014397564690354185
12108,0.09501835254261465
12109,0.01662533265982365
12110,0.17752336841416086
12111,0.014357973317766082
12112,0.0037685137032175504
12113,0.031265254717076384
12114,0.11975674491372798
12115,0.0169700209042092
12116,0.006351730086706232
12117,0.09117404886183966
12118,0.0696899923296831
12119,0.009564214229660301
12120,0.022895081640331407
12121,0.018849849501067408
12122,0.005444553217088239
12123,0.10335364224980527
12124,0.08305050089556584
12125,0.03741957347764176
12126,0.08903208777840546
12127,0.02762805916513222
12128,0.011537220055579356
12129,0.019845871037637155
12130,0.014866915345114712
12131,0.0236301657546547
12132,0.012694115215437366
12133,0.08893414978943145
12134,0.026264474240499252
12135,0.003343151801997561
12136,0.02244990610633639
12137,0.02723349655086018
12138,0.15314762692936928
12139,0.01572419294064626
12140,0.17197489980346797
12141,0.002624282385617701
12142,0.010531665838137416
12143,0.025921811108762433
12144,0.012350760308379404
12145,0.00882055051658607
12146,0.008919470746631103
12147,0.19264035427499202
12148,0.07347789532449826
12149,0.012355136813767554
12150,0.013768896121457022
12151,0.05168162768605726
12152,0.0027383719952372835
12153,0.013373702610266049
12154,0.020175508062918263
12155,0.02871526744299611
12156,0.2287761999533531
12157,0.3043762886878379
12158,0.015468791635817287
12159,0.08408975413720804
12160,0.03641407656538562
12161,0.024340728844124655
12162,0.06181980310167701
12163,0.06045990133810091
12164,0.04178947447195725
12165,0.012763664382125159
12166,0.03166651642597485
12167,0.06195550900261855
12168,0.020288547365451867
12169,0.04533148945023152
12170,0.003604701636962591
12171,0.00661598909003982
12172,0.03549896313880697
12173,0.09202772736296874
12174,0.006514772455429786
12175,0.008667415211008292
12176,0.005698250805174907
12177,0.00887336002640142
12178,0.00868488768104337
12179,0.07442247243465117
12180,0.014376459213655601
12181,0.004327757990261399
12182,0.03314794353583015
12183,0.043678065642928345
12184,0.03158333206419554
12185,0.008291893072234435
12186,0.06447232865311889
12187,0.006742001766933754
12188,0.017361351010428083
12189,0.009226094780693505
12190,0.08647430704462403
12191,0.035430010089164764
12192,0.3360379900283041
12193,0.009846747839701698
12194,0.014951534239640268
12195,0.008300733790562526
12196,0.01374616372334155
12197,0.003996533504300358
12198,0.010542703343777072
12199,0.06686093079434659
12200,0.005564334209047357
12201,0.07662013686439335
12202,0.02075184185520754
12203,0.01096528750260661
12204,0.005197495204923991
12205,0.075446863139775
12206,0.027378097976121472
12207,0.08026964411108083
12208,0.093940447840716
12209,0.010716990020191738
12210,0.06776504968447747
12211,0.013010402688226083
12212,0.06715923449714345
12213,0.040985401073965894
12214,0.08379104137893091
12215,0.017173547510001306
12216,0.1915249785105291
12217,0.01611581055302219
12218,0.0037319198887440902
12219,0.009895156097526291
12220,0.09200636875558248
12221,0.0131921927737557
12222,0.013924912964757235
12223,0.01340425069971722
12224,0.015223268492554239
12225,0.09827736610071514
12226,0.016240782549895756
12227,0.03163475230730643
12228,0.09075376617768499
12229,0.1320738442404653
12230,0.1767485143542663
12231,0.023994993271113707
12232,0.06591011885617085
12233,0.02503702536124747
12234,0.035274312198221025
12235,0.00821624975461266
12236,0.015442097170234984
12237,0.03298821604183531
12238,0.0326651551835535
12239,0.027883740482765627
12240,0.010580741379220115
12241,0.05397430962410454
12242,0.07288954200378167
12243,0.04985001732915656
12244,0.011551286689518787
12245,0.08993084269642135
12246,0.009008577218456748
12247,0.03628442967498791
12248,0.028941685538644454
12249,0.015143925038487606
12250,0.060341641234006524
12251,0.016318759303380028
12252,0.02876038202180415
12253,0.05599124565408479
12254,0.03560193281454021
12255,0.015382279511626821
12256,0.008000418817378296
12257,0.010204400490607238
12258,0.04627518531584961
12259,0.003741977478423712
12260,0.03324174363468131
12261,0.02182922082785793
12262,0.013246195468595887
12263,0.007315269749682824
12264,0.0011211839818762064
12265,0.2112531403499445
12266,0.05911640177074969
12267,0.015601767225335341
12268,0.0019663786582533294
12269,0.022749898184882867
12270,0.060376813970272114
12271,0.020863036421551562
12272,0.03204037618686963
12273,0.07334118229258092
12274,0.018720550999968597
12275,0.07081727561622678
12276,0.10909798372250307
12277,0.020249832866189428
12278,0.03317062267651829
12279,0.010721939968818357
12280,0.018833196225962034
12281,0.015201880903162018
12282,0.03153264060047152
12283,0.15440817194053555
12284,0.03970219755902254
12285,0.005321367979735488
12286,0.03321237832323504
12287,0.10427053851475591
12288,0.04953196974902226
12289,0.06963212707403138
12290,0.00970365840441878
12291,0.023246922853954008
12292,0.03957754276202612
12293,0.058302309077850785
12294,0.03965581294746966
12295,0.03268881640248291
12296,0.15357857281272164
12297,0.077062729631687
12298,0.0969548730168314
12299,0.03678514766506441
12300,0.01591649040005507
12301,0.025576276574399304
12302,0.013458582902579981
12303,0.07688654744035177
12304,0.14112296950193845
12305,0.0523073705118727
12306,0.018442483564504803
12307,0.016042572568277888
12308,0.002627561489688246
12309,0.005395083620330872
12310,0.07788042077276701
12311,0.04374542422264847
12312,0.01435489544493671
12313,0.01338582391511384
12314,0.02381473638243609
12315,0.010838133926274328
12316,0.05042141934495722
12317,0.011909684349252912
12318,0.01733883782562404
12319,0.06045803816017523
12320,0.024017727153375402
12321,0.011576623143612923
12322,0.009382035088842458
12323,0.004501341338653909
12324,0.030043412789664003
12325,0.009618925661659342
12326,0.24679460220204372
12327,0.014027343794167322
12328,0.05853760719779666
12329,0.01087374311017237
12330,0.10910908352195856
12331,0.00703577166748889
12332,0.06220968633418713
12333,0.04204425301577568
12334,0.036488462985490126
12335,0.01196482738111882
12336,0.020512624764258938
12337,0.006522904652176416
12338,0.014079149175550641
12339,0.010395563291263347
12340,0.06762710182987706
12341,0.018316006782071216
12342,0.11379386922947139
12343,0.0060464338695316614
12344,0.015685908438937475
12345,0.010769522716471273
12346,0.01333883255175251
12347,0.012028150390142066
12348,0.025981003025652205
12349,0.017825823191330924
12350,0.010342542391631347
12351,0.11547848755517044
12352,0.028671872394149863
12353,0.008026200131664302
12354,0.013125451250139916
12355,0.01249408930433425
12356,0.028014895043097537
12357,0.0565236383493278
12358,0.4678099937458674
12359,0.0052905653197273346
12360,0.005833535419342559
12361,0.11883991625147165
12362,0.006231512662807507
12363,0.016584477476214367
12364,0.01529837076585926
12365,0.005703709296143684
12366,0.002420823109541994
12367,0.07373049010267509
12368,0.016064487313654674
12369,0.018748850428819228
12370,0.04758860132960932
12371,0.011801009227342778
12372,0.08678835641500149
12373,0.038515803339453564
12374,0.10823084118738444
12375,0.032523801652969996
12376,0.010937569309339475
12377,0.019176209005594635
12378,0.0029828500665799425
12379,0.10065287547880349
12380,0.028112527303652844
12381,0.0542147766317854
12382,0.013562128631914997
12383,0.01475911414695931
12384,0.013473510131410876
12385,0.0050591885551296446
12386,0.02261962891811019
12387,0.001992358497173001
12388,0.07935294099140958
12389,0.013479569811172926
12390,0.06997143810947373
12391,0.005338690738103205
12392,0.011081934832544963
12393,0.010760362924845853
12394,0.02293117230905436
12395,0.014599907402349928
12396,0.0064417937393987995
12397,0.015626616117690756
12398,0.007696746635638815
12399,0.019630074838464528
12400,0.16231742734468924
12401,0.03715457921945969
12402,0.023706558872616593
12403,0.10405364543763265
12404,0.019999848407577184
12405,0.0065626861648159975
12406,0.006816495098820625
12407,0.00788625581882862
12408,0.07997647111977603
12409,0.09986050071338114
12410,0.001035327760127966
12411,0.021427643157534353
12412,0.09307384136742684
12413,0.066551255299391
12414,0.07639618376625752
12415,0.017133083569058037
12416,0.037589457323394644
12417,0.14255127700731857
12418,0.015506164442756204
12419,0.03062799035599039
12420,0.10607150730205205
12421,0.013183968923142522
12422,0.008377060959944598
12423,0.1945950286728725
12424,0.059343194222956586
12425,0.04114370693787919
12426,0.01899837445879179
12427,0.0721410052702121
12428,0.019441391818571734
12429,0.04438351543241792
12430,0.026298898168054256
12431,0.005050856902198289
12432,0.01562524428239032
12433,0.004165599159090136
12434,0.033193285090246334
12435,0.04608928950459829
12436,0.021298371349531817
12437,0.008229140071682841
12438,0.01970390958370015
12439,0.032124904853508336
12440,0.005069690836445217
12441,0.009592933875667044
12442,0.014806278062166237
12443,0.005222070474442269
12444,0.01804911860577892
12445,0.013958568692560942
12446,0.017855455340667545
12447,0.04832945966789453
12448,0.024504070340485445
12449,0.040098985258704194
12450,0.03431591887220754
12451,0.01131748689349528
12452,0.010143452203697344
12453,0.030786860626717313
12454,0.009042451890256986
12455,0.01956621929005193
12456,0.03627490793262049
12457,0.03286377042094304
12458,0.017261958709185753
12459,0.016664346656377234
12460,0.019220092236256734
12461,0.05608770939990746
12462,0.013930987846610541
12463,0.09263400865847544
12464,0.019705833887196447
12465,0.02250005860101452
12466,0.20974281057499464
12467,0.0852418799614503
12468,0.007186561264167379
12469,0.10356846848330724
12470,0.12125228332830486
12471,0.02059449428270075
12472,0.2592258607680641
12473,0.03175168677958883
12474,0.062059596747201316
12475,0.02966985394489121
12476,0.013086670509914819
12477,0.004135203242361583
12478,0.030246871559455716
12479,0.031483483052539354
12480,0.040190526565378096
12481,0.0989265374740097
12482,0.005102623409840145
12483,0.003037916304085539
12484,0.010764741145423194
12485,0.1526845335770571
12486,0.01643139186985707
12487,0.06974958571076058
12488,0.06855662784974348
12489,0.01984377031475461
12490,0.05137850106246482
12491,0.18384407888955026
12492,0.12513915166604903
12493,0.011895328793172042
12494,0.048369498027557634
12495,0.13160169650090137
12496,0.005569957677377818
12497,0.05627698625286925
12498,0.049455016164038704
12499,0.031166273937320015
12500,0.054278641904206414
12501,0.011544667237113284
12502,0.02568257420183713
12503,0.004758159430173147
12504,0.001910240792240328
12505,0.011886269121437495
12506,0.01541694618998831
12507,0.007558333500057741
12508,0.03335937405169694
12509,0.0066272170789612676
12510,0.11953956983275965
12511,0.016890067179038997
12512,0.014424322113770677
12513,0.0165214377993281
12514,0.014096010382720141
12515,0.0487821096986117
12516,0.014377141011948787
12517,0.09557756398005261
12518,0.11119838984457373
12519,0.040051508378254726
12520,0.08074399888498486
12521,0.004733402418620402
12522,0.013620215243622384
12523,0.02379899247414472
12524,0.009696470686506236
12525,0.009246452926940317
12526,0.05497033289894355
12527,0.05489328253275887
12528,0.017549887021143015
12529,0.010318135906892891
12530,0.08562023138227415
12531,0.009872252995590396
12532,0.04349193920890233
12533,0.007050781824518494
12534,0.02559462924391718
12535,0.018750322133192193
12536,0.09778123703378366
12537,0.023046321950318756
12538,0.030444561337445705
12539,0.023672028357217906
12540,0.014920611068757864
12541,0.028122939447943245
12542,0.005070181143841783
12543,0.020831823197003174
12544,0.07482241588172356
12545,0.04475389215657117
12546,0.01494382694091944
12547,0.02100228631935552
12548,0.0630967123725858
12549,0.017075999087105578
12550,0.012610142576862274
12551,0.15648009772242824
12552,0.10962213017427193
12553,0.004004099613163321
12554,0.01639302157374312
12555,0.06227478813778776
12556,0.03928828955876593
12557,0.030421895439262246
12558,0.013540100754883535
12559,0.19220540686619744
12560,0.017088229735992364
12561,0.0035387361540719165
12562,0.02083344002122885
12563,0.03299794420425534
12564,0.0037561315396176156
12565,0.14382428154688257
12566,0.023734455785935794
12567,0.009407544717341267
12568,0.009554766726024127
12569,0.007771980218690993
12570,0.01990763876348966
12571,0.12793687430522796
12572,0.006621628514668093
12573,0.004368931254962256
12574,0.007706376208942221
12575,0.0067073369157081226
12576,0.015409017432316981
12577,0.021755165883337157
12578,0.020021409306957078
12579,0.05232966200506866
12580,0.09816911374465807
12581,0.021818891275396848
12582,0.01648302697078848
12583,0.0070227440207217785
12584,0.061750390607430095
12585,0.20524359877940132
12586,0.05192991831385677
12587,0.03743836004929488
12588,0.02445760812358808
12589,0.02484673418876729
12590,0.013108221934327612
12591,0.023743316990606878
12592,0.029657327834520658
12593,0.005929582940432381
12594,0.07801298595935183
12595,0.006868708422206154
12596,0.013903524005157295
12597,0.013697626734222578
12598,0.010555827853465623
12599,0.006473617498727617
12600,0.07862215308276754
12601,0.0222645066745901
12602,0.028049645376319113
12603,0.057866724400926786
12604,0.13390077627010166
12605,0.03144813697293777
12606,0.02140249411555822
12607,0.022614576931312302
12608,0.26818072370005014
12609,0.014576333896429216
12610,0.006577600483873743
12611,0.02392928689550155
12612,0.2288076310065234
12613,0.29584597278914243
12614,0.10011987872316645
12615,0.1522700955224381
12616,0.005027861824440921
12617,0.002963003317849906
12618,0.024924677439059458
12619,0.0370317872798761
12620,0.13688687182738812
12621,0.06310569577672528
12622,0.4427395515478852
12623,0.16976773956429594
12624,0.07428164302406959
12625,0.17322571379358961
12626,0.0067891823468961224
12627,0.011709705061907999
12628,0.23055360916343776
12629,0.013025075542989147
12630,0.010936813028969468
12631,0.08879846553322847
12632,0.006926726509176774
12633,0.05421190575833643
12634,0.08280733552371469
12635,0.04096804286203297
12636,0.016750153788351478
12637,0.10422449197619661
12638,0.007987576787183504
12639,0.016186226302317495
12640,0.013668418015835711
12641,0.01597727302659925
12642,0.16930021267211498
12643,0.04675474917053197
12644,0.009018544523881294
12645,0.006448361290008968
12646,0.058276335308381895
12647,0.02086851880271232
12648,0.00707590982893147
12649,0.00023619771409726055
12650,0.06849744443816941
12651,0.008399322354911056
12652,0.023933727979072908
12653,0.021305329511279877
12654,0.07757967125313715
12655,0.008648246777052913
12656,0.04846998558585513
12657,0.02955337644783413
12658,0.4045217068564251
12659,0.013177783858705001
12660,0.0036789153444027074
12661,0.03695846934583489
12662,0.01539919955927899
12663,0.14744569942496139
12664,0.026434598721813616
12665,0.026916971890264586
12666,0.004571944884211978
12667,0.06464814361658736
12668,0.18890276859600727
12669,0.019459310789304924
12670,0.029121871553812004
12671,0.04070587483145142
12672,0.012057406353622239
12673,0.07098902231634596
12674,0.012616525812735466
12675,0.024999007445048
12676,0.003533933719930971
12677,0.009240822941301671
12678,0.024612473432084808
12679,0.053268042906645344
12680,0.03358280806484912
12681,0.04916429616551826
12682,0.005583964111394014
12683,0.2569459780946096
12684,0.010838536302181253
12685,0.011525487473123968
12686,0.0043156825296371696
12687,0.002175787366840413
12688,0.004849187785968993
12689,0.014377718789746986
12690,0.011843673687157497
12691,0.018764316941874335
12692,0.08227115502999677
12693,0.013549426365126025
12694,0.08281154639435367
12695,0.6423783747516393
12696,0.01356096192762699
12697,0.011036934105765367
12698,0.005440042899858302
12699,0.013694516283139035
12700,0.0029307713160114206
12701,0.01093928931715404
12702,0.013402215946786162
12703,0.012004948363198745
12704,0.007507468763061382
12705,0.04462210092576456
12706,0.04112535157936816
12707,0.009818130976966715
12708,0.012843840836361387
12709,0.7832290909570655
12710,0.010236199017809857
12711,0.017579786908447515
12712,0.2646166661614866
12713,0.004681221967401123
12714,0.01148855193075698
12715,0.01883212156492967
12716,0.005465261555257338
12717,0.013923261680153374
12718,0.021398417914917887
12719,0.034848947671346484
12720,0.01931963393600174
12721,0.07340979839329674
12722,0.3466516529465868
12723,0.015007618324908809
12724,0.005324145613154821
12725,0.14226018560557926
12726,0.08719289895509645
12727,0.05076581964900515
12728,0.020718383658406885
12729,0.030533869793792363
12730,0.01124954391399535
12731,0.007045202155852902
12732,0.008183795488000205
12733,0.026897011589099212
12734,0.003810799036484231
12735,0.04749974182257381
12736,0.009640544040712422
12737,0.007078973335189294
12738,0.014791765460974365
12739,0.006581564010264508
12740,0.0072705656203158955
12741,0.025682468600132086
12742,0.03715482459637549
12743,0.0033713448735602385
12744,0.013401143013726847
12745,0.009957896989234718
12746,0.013033831745355957
12747,0.003536219695126727
12748,0.036406048224751436
12749,0.013215424213261547
12750,0.024445778468904597
12751,0.01941279807203057
12752,0.010314165100378919
12753,0.03847990364420131
12754,0.015216238186638704
12755,0.004394845442431179
12756,0.018967085193206737
12757,0.018269257241814125
12758,0.05684787611228415
12759,0.02303038452562887
12760,0.24830291004896657
12761,0.012657458708710915
12762,0.03560628275431036
12763,0.011767989433548544
12764,0.028809354499772292
12765,0.026385503471727394
12766,0.12681668688724668
12767,0.0038266851976153653
12768,0.008351170780955382
12769,0.01636645968985267
12770,0.009213477283066698
12771,0.0047038429462498725
12772,0.018196865134824904
12773,0.2644376672919721
12774,0.03272711360203315
12775,0.05645538513059014
12776,0.019434114542691876
12777,0.006290229942493418
12778,0.025119224787424215
12779,0.01062811071258512
12780,0.013123203875183198
12781,0.012681374580101724
12782,0.40599821715816853
12783,0.002855572403464871
12784,0.023595358176854077
12785,0.004831668211413142
12786,0.01633294791753854
12787,0.06993571214538713
12788,0.018598605276153465
12789,0.07455207201598632
12790,0.07345464310327714
12791,0.01932799299499047
12792,0.002978665147997131
12793,0.009471024739058401
12794,0.0067473711269911965
12795,0.005038231263995422
12796,0.01997817363536021
12797,0.024320414401933377
12798,0.08262931862142929
12799,0.009131175788562889
12800,0.002445581372052071
12801,0.005287074892629717
12802,0.01525619865090963
12803,0.10809652358701866
12804,0.012056650488578494
12805,0.007258506298461518
12806,0.1659356307500477
12807,0.03295920765161059
12808,0.023002394467929736
12809,0.006973785918484414
12810,0.048495365986895266
12811,0.016315739863208733
12812,0.1019742407112551
12813,0.004572007943264236
12814,0.020357282514996612
12815,0.00669114653117152
12816,0.007648253244822504
12817,0.006219059881350939
12818,0.046300575635691156
12819,0.01058339073160211
12820,0.012701122471223137
12821,0.014193854088154063
12822,0.09166490078185072
12823,0.04655841207308736
12824,0.0670044062421471
12825,0.014415312310645948
12826,0.014044071505691468
12827,0.011347891611325267
12828,0.006035759296489775
12829,0.006392874963763369
12830,0.016057904639918037
12831,0.02399663640732555
12832,0.01812663280702296
12833,0.021868112207681922
12834,0.004014900655927415
12835,0.021803250322755503
12836,0.026377109885406903
12837,0.0021693565123575695
12838,0.003633018356090851
12839,0.021087522685608373
12840,0.034304185430265664
12841,0.014024452438796626
12842,0.0047189233746980285
12843,0.164749795915817
12844,0.005162910897232653
12845,0.020249564756879102
12846,0.005690086345460614
12847,0.04241315180588979
12848,0.041082906612945815
12849,0.026280418449955493
12850,0.023563509606976674
12851,0.01618804701041287
12852,0.025058497700127098
12853,0.004625190821084445
12854,0.5971426749864974
12855,0.07561192978952629
12856,0.028916550452986065
12857,0.10097170757267304
12858,0.032398074237406094
12859,0.033788933431764936
12860,0.04633071992421524
12861,0.012671773898270495
12862,0.20557524932905055
12863,0.008349515603253909
12864,0.019998473824103667
12865,0.0045843528513644346
12866,0.19071534797012646
12867,0.04715938236276928
12868,0.022864802131188675
12869,0.11450738490576871
12870,0.010913622128199128
12871,0.11013404352633593
12872,0.013282352135052678
12873,0.127959537317164
12874,0.01812884991366429
12875,0.01947807728621923
12876,0.006484362525501173
12877,0.10837012323135406
12878,0.10834972755734727
12879,0.0060164097556593184
12880,0.0037577561144408636
12881,0.015252060298163301
12882,0.004971424735086182
12883,0.003927923251041465
12884,0.0033349870169629785
12885,0.043215898644274185
12886,0.007697144607945729
12887,0.01957170282757037
12888,0.013208646540706066
12889,0.010174108585807088
12890,0.009543240493707285
12891,0.01923588610566378
12892,0.00407265155412053
12893,0.04172929231944496
12894,0.09291132196077855
12895,0.0625703289755099
12896,0.015354758998165565
12897,0.06827566754764187
12898,0.02425549888151833
12899,0.017692824353484213
12900,0.014285617519683933
12901,0.09325184035404759
12902,0.20697794130999625
12903,0.016219677802539367
12904,0.020091046156485444
12905,0.014477531122281485
12906,0.059585629747516675
12907,0.024481900489641953
12908,0.023900977429964398
12909,0.003554759714058708
12910,0.010275677147765144
12911,0.10522848386075531
12912,0.028818802410878544
12913,0.011912986804892344
12914,0.006914189090312179
12915,0.1112795246987537
12916,0.0578286951162813
12917,0.08416921792161637
12918,0.029106604549302018
12919,0.016656549221366904
12920,0.016338430656832815
12921,0.008865467290068894
12922,0.013974533102887498
12923,0.02490860206476242
12924,0.017896083022976683
12925,0.08729770689012445
12926,0.016537340516977767
12927,0.039637892413329115
12928,0.027032462686366183
12929,0.013294976691848377
12930,0.013138318417887406
12931,0.11407344035365588
12932,0.006702252187741766
12933,0.014645149540512065
12934,0.06682970017972822
12935,0.010923932155277961
12936,0.1382012469359661
12937,0.040214379198396384
12938,0.019727083862318463
12939,0.01304217705446626
12940,0.02876681723966998
12941,0.0588351302903272
12942,0.04155690415454455
12943,0.005119452686746799
12944,0.03073721401675026
12945,0.013202814711394433
12946,0.20341705862312412
12947,0.05953857794010078
12948,0.02027772721201079
12949,0.004956213966327906
12950,0.03836951668736409
12951,0.019259251660676206
12952,0.015849687184007314
12953,0.14532530877219815
12954,0.0321895163261102
12955,0.015243187088534399
12956,0.05483121258946526
12957,0.017189695425325852
12958,0.034033577599065
12959,0.09933626013590861
12960,0.005639615842196518
12961,0.016529728992014305
12962,0.010734093515284242
12963,0.038469889659755716
12964,0.08969244907823423
12965,0.024148484267659157
12966,0.004508155940871143
12967,0.058055563250082064
12968,0.02207929826309112
12969,0.04468785926191543
12970,0.016239532957188548
12971,0.012040919395166848
12972,0.15947876380139384
12973,0.019885483402022598
12974,0.011438562171561062
12975,0.014132933665785514
12976,0.009811913614351893
12977,0.11620700306242596
12978,0.011235212904617308
12979,0.022904979028365538
12980,0.002685232976040911
12981,0.0023425419074772575
12982,0.050643183352854136
12983,0.06803751886856502
12984,0.010054136652413996
12985,0.0605112484241327
12986,0.010599863812031731
12987,0.01598775922861236
12988,0.08584070797947939
12989,0.11918097124295252
12990,0.07041399696306062
12991,0.022782320063039544
12992,0.013186364816255264
12993,0.015170006621121541
12994,0.06240543203346283
12995,0.04688965618423523
12996,0.01326855933761062
12997,0.020494016414291532
12998,0.01455062661701261
12999,0.02573693635105209
13000,0.0036890107881082804
13001,0.001294109085464849
13002,0.17134999348790192
13003,0.029789627880539262
13004,0.04967426312965392
13005,0.017734479726708975
13006,0.03104201022679541
13007,0.17754039241737143
13008,0.015870120061995403
13009,0.13711309119354306
13010,0.008995348513057517
13011,0.02792711417428353
13012,0.03349384316939137
13013,0.030418433853802114
13014,0.006090039366094907
13015,0.0280679269324266
13016,0.03360548515532928
13017,0.002348916540186846
13018,0.012301176568991351
13019,0.08110694597937573
13020,0.022404217591530662
13021,0.0038289681929194468
13022,0.07141528769313081
13023,0.0343017769093285
13024,0.02591786237566422
13025,0.11947892686749911
13026,0.01758381014572832
13027,0.020400682485326026
13028,0.03040159378353548
13029,0.14460428305372658
13030,0.005281327719754733
13031,0.013922698442625538
13032,0.035330484291886614
13033,0.24447812162108534
13034,0.03601607491593338
13035,0.00888760046248908
13036,0.004176496006148784
13037,0.01251450368738968
13038,0.01675715217234654
13039,0.06723750012734829
13040,0.1660609411314886
13041,0.06989594717436556
13042,0.008128140901758509
13043,0.016083544885902697
13044,0.009651393791814261
13045,0.04268807497395114
13046,0.019748287113862593
13047,0.207395951138667
13048,0.021611399644293094
13049,0.055676802703965834
13050,0.03192993595691055
13051,0.009981950107290704
13052,0.17982705968752083
13053,0.02256657539740907
13054,0.03151294155306534
13055,0.016107942021783533
13056,0.10566878550897009
13057,0.014441579729445597
13058,0.0632668712960105
13059,0.3051080671201195
13060,0.05543597666460507
13061,0.022330775522884573
13062,0.007131927195633014
13063,0.01738533223054859
13064,0.28881777309250106
13065,0.016306529891463216
13066,0.018016325445798304
13067,0.049794803517275006
13068,0.0027725109007822914
13069,0.0036988551897157687
13070,0.011082106442904574
13071,0.15921437157958626
13072,0.016972312807945984
13073,0.061377276261023246
13074,0.05580768941304092
13075,0.07558219620107198
13076,0.0165895106693041
13077,0.07588456047312193
13078,0.004882958660124574
13079,0.08544747211128452
13080,0.02069157245604308
13081,0.009844277899364165
13082,0.006444227935719746
13083,0.028803044603007612
13084,0.012860791822813763
13085,0.020265247598205773
13086,0.012526325971864653
13087,0.1573659487424638
13088,0.13753944132149368
13089,0.008359125907996486
13090,0.09196180527840402
13091,0.02729703481967504
13092,0.011522219941261121
13093,0.03463418720152664
13094,0.023483395733330824
13095,0.009144484906840465
13096,0.046833802227881575
13097,0.0036560267657738525
13098,0.005037415674989801
13099,0.03652839181025614
13100,0.05645921427681581
13101,0.008132201016917352
13102,0.013724712227251577
13103,0.01868041546470067
13104,0.011458944831002876
13105,0.10002972980656022
13106,0.04021194131074609
13107,0.04886654426209821
13108,0.02183000926036429
13109,0.007787101583255239
13110,0.004078863365915436
13111,0.005612483576520905
13112,0.013286505713351972
13113,0.00796081602253725
13114,0.017043692868032506
13115,0.04695092050181447
13116,0.10231493918167277
13117,0.06568226655366659
13118,0.008972556296708527
13119,0.019641790212461666
13120,0.0073297669733431445
13121,0.022876302102153127
13122,0.04209337191301398
13123,0.009226572989451317
13124,0.0364424363486918
13125,0.03105096253346308
13126,0.08069441188062239
13127,0.009290094505923238
13128,0.00325208576291492
13129,0.014822897985094211
13130,0.11858656830662209
13131,0.033337396196490655
13132,0.04292815248382326
13133,0.0318158854616978
13134,0.013943466235182745
13135,0.005423993973595521
13136,0.03047373737370317
13137,0.019025342017558775
13138,0.04314281725511832
13139,0.06497459227611169
13140,0.06928972478333065
13141,0.1080083033684567
13142,0.013430173605978599
13143,0.016919313930025534
13144,0.06617402970333237
13145,0.013393832347278787
13146,0.02436568162707353
13147,0.004277804857625441
13148,0.06839873370751184
13149,0.014914118110065338
13150,0.01460275834295835
13151,0.012040425416017448
13152,0.08062182570235282
13153,0.031752959948067074
13154,0.014865525417096832
13155,0.01665860862283345
13156,0.015962057009941116
13157,0.007176740543922921
13158,0.009964629547862706
13159,0.030639154825774288
13160,0.017531357935512675
13161,0.011395747627126423
13162,0.009558928988762035
13163,0.02816975110981205
13164,0.03387487270554151
13165,0.044069330014052555
13166,0.0015616958246854717
13167,0.002778231621335034
13168,0.009583348999140944
13169,0.019065777934506114
13170,0.04525363789473581
13171,0.0236735877654084
13172,0.01582743343242422
13173,0.14587743140128892
13174,0.031686445573959
13175,0.05851487385340036
13176,0.021478004943628143
13177,0.01915503483074032
13178,0.004914861747089742
13179,0.0644613059572732
13180,0.04012516378548185
13181,0.012230598927311213
13182,0.021113129250508025
13183,0.10540477269063238
13184,0.006019195248964306
13185,0.06279474594338497
13186,0.04230508381766532
13187,0.013109700133091862
13188,0.011893720644682774
13189,0.01889840821674598
13190,0.04036139274844314
13191,0.01230404808521076
13192,0.017900279188060027
13193,0.018248355846535055
13194,0.00821314269617307
13195,0.017876418515176757
13196,0.04153764765060848
13197,0.006460463349047383
13198,0.01541550106440127
13199,0.08935550418543227
13200,0.019381837445314534
13201,0.019022803384327974
13202,0.050021536572066226
13203,0.004709774636843156
13204,0.013074549796137253
13205,0.07147997243091866
13206,0.013944744056512992
13207,0.05674412393472458
13208,0.006700061836879155
13209,0.019409527189573145
13210,0.06987393720865524
13211,0.07113522408943417
13212,0.013590125908341145
13213,0.01683661734584263
13214,0.010025896387282336
13215,0.007962921456240495
13216,0.006045868352585729
13217,0.003167884702697895
13218,0.00390411845478204
13219,0.09439438328401974
13220,0.06852679584330164
13221,0.06282507064629471
13222,0.008543283744214033
13223,0.017334165310347288
13224,0.061929912331420006
13225,0.011675097028678891
13226,0.015623242216210444
13227,0.011190825419597818
13228,0.006074150366617459
13229,0.007532945048984664
13230,0.08165397755980262
13231,0.020622374121877483
13232,0.006198857762757494
13233,0.1218770096640683
13234,0.005267860937631599
13235,0.11752001775942354
13236,0.013154470789945635
13237,0.027753482114256232
13238,0.5963705522801144
13239,0.022900416332676927
13240,0.49771280324820577
13241,0.01489576630172779
13242,0.028351934145070173
13243,0.008360933005545789
13244,0.014175705541316514
13245,0.011576820123411968
13246,0.08380698021614835
13247,0.12888177423795047
13248,0.007880132821037554
13249,0.14659940385941486
13250,0.012063239414648064
13251,0.026193390851922613
13252,0.00507243396529874
13253,0.07836736531484939
13254,0.0687125725578247
13255,0.016853519757770476
13256,0.010213988792088154
13257,0.021395195064243762
13258,0.009330249344458768
13259,0.016934156826661433
13260,0.046296772042681976
13261,0.003812246678452863
13262,0.017361000443850593
13263,0.02720099624092948
13264,0.028534139338731307
13265,0.012676953447815914
13266,0.06446501348536278
13267,0.004250472253724284
13268,0.015482010609472319
13269,0.017859972103689652
13270,0.08498042552577803
13271,0.006028960269161534
13272,0.008641864486170775
13273,0.006611227787892147
13274,0.010250555061840168
13275,0.006213988029381371
13276,0.014457267077239485
13277,0.021717756202176173
13278,0.019989610740212566
13279,0.005823390835546717
13280,0.007770686921139929
13281,0.004051668228555258
13282,0.08027674680902355
13283,0.007177777799316898
13284,0.020734309748020274
13285,0.007167362698480416
13286,0.0048471832791224
13287,0.011317660925107232
13288,0.006545942885285376
13289,0.0034922709086505233
13290,0.01346747141718379
13291,0.007803057897460698
13292,0.034839932907319515
13293,0.003630352468348426
13294,0.016838920494054284
13295,0.016892956227079703
13296,0.11403492487329618
13297,0.014658781972153145
13298,0.02384673409302317
13299,0.048334586688226856
13300,0.01830214696504009
13301,0.009838798111160807
13302,0.03173196849256694
13303,0.39777952259316324
13304,0.011708207073045544
13305,0.06507093366732851
13306,0.010663887726511745
13307,0.018487107734974997
13308,0.03848557215249498
13309,0.018295448046719728
13310,0.009739838070029936
13311,0.009904731205617117
13312,0.02001295490872151
13313,0.012145027143672774
13314,0.001256353871322937
13315,0.0608176502757053
13316,0.7571760115124555
13317,0.1335591556968556
13318,0.13214750176518097
13319,0.0144914350585568
13320,0.02622847810010696
13321,0.04639337701552784
13322,0.05217447649671309
13323,0.01061133574427292
13324,0.03626194144873816
13325,0.012923306383165127
13326,0.0284049284771608
13327,0.04714225417194392
13328,0.013221783581325832
13329,0.3577829022113265
13330,0.004308768860882573
13331,0.00726324315960047
13332,0.0025766618412135173
13333,0.005508796024193825
13334,0.03394485531865332
13335,0.005977262684705949
13336,0.004864209823704122
13337,0.04028298274013915
13338,0.011000845512536276
13339,0.008686129809039801
13340,0.02738631281697795
13341,0.014513604189578248
13342,0.01586390661718955
13343,0.006536623865933015
13344,0.02806376099067184
13345,0.011768814431807488
13346,0.056391058288078985
13347,0.1468612376769205
13348,0.005080770162245326
13349,0.040065788112241346
13350,0.011828068561120633
13351,0.0070104843336284296
13352,0.03602073207277906
13353,0.01324389411384407
13354,0.010496703502694275
13355,0.006711690339415781
13356,0.018557857939002803
13357,0.026409503310134936
13358,0.0315975362526894
13359,0.04217205249273199
13360,0.01106487054237954
13361,0.007126389230713453
13362,0.007495910827960205
13363,0.0079035844186171
13364,0.04219836537384349
13365,0.011335971610340162
13366,0.12036799400937535
13367,0.025989082827894836
13368,0.0371162523784966
13369,0.02244001777459663
13370,0.07261822913413941
13371,0.13680559001675796
13372,0.014569967672580206
13373,0.006914304531119728
13374,0.021821333001344152
13375,0.0019535647488724047
13376,0.0331718824495845
13377,0.013917838172653246
13378,0.12560350396514133
13379,0.022154603203233272
13380,0.031200039666716278
13381,0.09827993882840623
13382,0.05859443787207813
13383,0.005071030596237792
13384,0.06201457597848328
13385,0.024314503864380232
13386,0.01406047688239688
13387,0.029407158906694552
13388,0.013585722793275521
13389,0.042556013794072554
13390,0.035527297651482166
13391,0.2529723458419472
13392,0.10465799894018302
13393,0.11170439456645602
13394,0.017410053724014135
13395,0.005979251725493023
13396,0.035014819972136214
13397,0.0046662000036965245
13398,0.02475344250090661
13399,0.046530196222029446
13400,0.041823293151097216
13401,0.05072424804665101
13402,0.04525088465263037
13403,0.0030862713307499476
13404,0.014913571101471805
13405,0.01680991461417872
13406,0.06459102112487754
13407,0.0067025399023376946
13408,0.1449413843135564
13409,0.016055142781004974
13410,0.01104445243231874
13411,0.019517359327848028
13412,0.006643053615713235
13413,0.012823752426598809
13414,0.010276512221939052
13415,0.08212462622132953
13416,0.014597169388187586
13417,0.01843175840252382
13418,0.2002205579425437
13419,0.07379070971360788
13420,0.023079360276798976
13421,0.006649897010512781
13422,0.013797367922916802
13423,0.005236701367420405
13424,0.09539152919275988
13425,0.14798384332505313
