Id,target
0,0.0031958783552788737
1,0.11955556007620127
2,0.02513882126388115
3,0.006876668575026645
4,0.04372863568321224
5,0.021209520890958133
6,0.006410578917132286
7,0.021112969444839716
8,0.0010204064037295918
9,0.07516869939729086
10,0.087186045352908
11,0.0012752902044426667
12,0.01300733742219926
13,0.010569722195873576
14,0.001692683834028907
15,0.06431346974177991
16,0.008708548219891985
17,0.006646141336031577
18,0.05243349351428155
19,0.009199374506587055
20,0.08319220879070939
21,0.014230090076893227
22,0.09786065171885486
23,0.014216396308202003
24,0.0017136991120266735
25,0.009458754763340863
26,0.004538926944637594
27,0.0070881179986661495
28,0.02293902947701467
29,0.03786769014875803
30,0.006587376462571214
31,0.011597497466328299
32,0.012599808858137268
33,0.04914226813066886
34,0.013957663366176421
35,0.07531426189616697
36,0.009221726536697335
37,0.0029091055909822743
38,0.0028340801880557464
39,0.029455014012724372
40,0.015822723917739583
41,0.011022747445607996
42,0.011390563227378282
43,0.0018611562519156865
44,0.005438159899326926
45,0.01028611957485278
46,0.028611181372320223
47,0.0034718861214345902
48,0.0075586407070325655
49,0.0044000992908924015
50,0.028048219914728473
51,0.006383885864070403
52,0.013509866938917241
53,0.012886001202070976
54,0.003506293621027165
55,0.05083441574259828
56,0.11081540825418357
57,0.06575184847399594
58,0.01466626324780733
59,0.0033190722676706024
60,0.0035348974110117983
61,0.005144097735203051
62,0.025719280357044363
63,0.0032321234715452455
64,0.0026927667194422684
65,0.01221164887853783
66,0.008976568824570545
67,0.0037725316531779236
68,0.12515329406468803
69,0.006638518974644527
70,0.25851242776544203
71,0.007558280344626993
72,0.021147839820846056
73,0.04058236015466177
74,0.013829054485189113
75,0.02182252596109258
76,0.0028294362249371152
77,0.013977624713186846
78,0.043178449689366
79,0.041688698267076586
80,0.035736590996887106
81,0.004494458972524555
82,0.019331739143822576
83,0.009052814999827082
84,0.004988687115021637
85,0.013840389884336477
86,0.03128375975030359
87,0.006104346629529833
88,0.013006264564603074
89,0.003424550186383238
90,0.008733410476864753
91,0.009985265213925862
92,0.09989662548854397
93,0.7777260136496053
94,0.03686545112638774
95,0.04410892230038318
96,0.0032375206637822143
97,0.00257032087703636
98,0.04213584138733523
99,0.004582396412106953
100,0.011127048281358382
101,0.14656033079207284
102,0.0653076259864644
103,0.009664637427333133
104,0.1079032586093903
105,0.009021242778700136
106,0.0046129415759931375
107,0.004722683457807674
108,0.006061572797412908
109,0.26729437720431826
110,0.11860082433055331
111,0.0026798232674712214
112,0.009019611057700883
113,0.07249492806062405
114,0.004035175756102423
115,0.01292194522757428
116,0.005514029405589485
117,0.019309067427840367
118,0.004864438193834294
119,0.008500707679555644
120,0.08179340748412275
121,0.008960546659872594
122,0.0042545649566252015
123,0.027957617814460663
124,0.07827907079668991
125,0.004284382159572032
126,0.0013334967616190174
127,0.0035698665576752763
128,0.003012970910134563
129,0.010665650409137702
130,0.0035028134268676432
131,0.03484700424189998
132,0.03565729340381836
133,0.009556749867778727
134,0.016291984193200663
135,0.040557576248425944
136,0.00290655631827811
137,0.0045925028298932965
138,0.005970140880801666
139,0.004429847787072699
140,0.003981170496905676
141,0.016859695925549027
142,0.02440908115132558
143,0.029996657767432638
144,0.02835421281056158
145,0.04426599580776654
146,0.02574753627229767
147,0.012484732777547511
148,0.006587151189717088
149,0.1877367771542969
150,0.017675063102653727
151,0.04639366578644417
152,0.002129592952936282
153,0.011597469917726574
154,0.005939903724714321
155,0.0028645164643100163
156,0.04359864513697168
157,0.03672117309154506
158,0.004015059832647148
159,0.006945759529658066
160,0.006194605352605574
161,0.007045919814839746
162,0.0904106033712519
163,0.005420474515894272
164,0.17004961885204845
165,0.01311132344627365
166,0.1619892938092941
167,0.03673087643442784
168,0.035747581669073165
169,0.004938656288349669
170,0.0626682102685023
171,0.06461814415748678
172,0.01967980798765213
173,0.01211306376061467
174,0.006618307871447336
175,0.016562095779910805
176,0.012235437632159592
177,0.011757708396246498
178,0.004283720646667479
179,0.004097909532076421
180,0.0038607210038088973
181,0.004749024538886251
182,0.006851649592018185
183,0.026044300065069293
184,0.003207151459918046
185,0.007941620023665021
186,0.012067585697646991
187,0.08384030288647136
188,0.07977812398801133
189,0.018331690484379846
190,0.010159974189095427
191,0.004659628982917141
192,0.020869709489993966
193,0.014712515047932195
194,0.003700502682659394
195,0.01633365592460661
196,0.005045995619277969
197,0.012439325506955146
198,0.044402982115769214
199,0.0056998884812605715
200,0.07755035135035354
201,0.359127888052767
202,0.059609719668262576
203,0.0043484022423484325
204,0.27798269109622564
205,0.004851708789938128
206,0.3599888978844749
207,0.002895967080153402
208,0.06594328780651933
209,0.0008844610044629462
210,0.016209571427710512
211,0.007411576517270731
212,0.0056411728925826535
213,0.0058307981057424746
214,0.14613808539338263
215,0.3520642541430086
216,0.01053946336848422
217,0.010564105193464965
218,0.05511191043114599
219,0.014570142407323596
220,0.0026834816079925852
221,0.02011335336604172
222,0.07526371666319151
223,0.009363493997249823
224,0.007386783704300488
225,0.002344147946664983
226,0.00576680622560249
227,0.003718452003960808
228,0.06189223761843865
229,0.010212191801053531
230,0.009740919241762134
231,0.06422759918343329
232,0.02021276216430166
233,0.02972306712175247
234,0.002915220317710279
235,0.002910988925477701
236,0.007596348773098458
237,0.00795887861980275
238,0.018833341979127824
239,0.04203738874092793
240,0.0068936610552506
241,0.014185513642009918
242,0.031184538801289213
243,0.02506207268225942
244,0.004601997855518247
245,0.007274733139415351
246,0.004984585485489672
247,0.007027934559841825
248,0.009240262120136788
249,0.020550410928881747
250,0.019225673667315417
251,0.004290264171135925
252,0.014893402856655623
253,0.004905566014283844
254,0.005705563917385923
255,0.01657035522598015
256,0.010151890087310272
257,0.002586945243473392
258,0.005813916842859474
259,0.13757130420139604
260,0.006040960686623186
261,0.024832287933620766
262,0.02567762687788662
263,0.03176230202642868
264,0.03303671050686825
265,0.047808709426152445
266,0.04209150024822278
267,0.06424277577970972
268,0.006143297278371462
269,0.011167283491272528
270,0.1988548429048873
271,0.007118239418683489
272,0.010464198351185065
273,0.0079737810459728
274,0.0038783181490669814
275,0.013504096668865906
276,0.00879290698749479
277,0.005913441010589713
278,0.004220790257154397
279,0.12216674129177621
280,0.005196843485670655
281,0.007416138213027273
282,0.014222985063032533
283,0.046041637047351654
284,0.006355628327047322
285,0.06863617510859406
286,0.01183767392020641
287,0.014425747740447728
288,0.006403252858498914
289,0.006119143283209227
290,0.01478305732779849
291,0.11371804113830038
292,0.00917812363411748
293,0.0026785081089424332
294,0.0072297073871961295
295,0.032811180765964405
296,0.03407597827100523
297,0.05169836797716694
298,0.0713753593906684
299,0.006248582065412524
300,0.056626582837056835
301,0.008325885912043637
302,0.06308634364881464
303,0.006215412351929552
304,0.013955334743257055
305,0.015200439771352934
306,0.04094532628994412
307,0.07850271145527768
308,0.005122776971740721
309,0.00527252325775159
310,0.07245314471526992
311,0.019846665822083664
312,0.0024930454306846296
313,0.057750120043139466
314,0.007772921690852457
315,0.003524781040132378
316,0.06680516632522016
317,0.00963205783490681
318,0.008345543986178679
319,0.0034144868959059666
320,0.005197932981044067
321,0.16764048691058825
322,0.01192723743154845
323,0.002976539154426863
324,0.01781165006168846
325,0.07230987934226919
326,0.24201325595986745
327,0.00628700490098736
328,0.003364983431054965
329,0.019348978114272126
330,0.0027093945376518366
331,0.026959673802304504
332,0.009797419148425496
333,0.06333074118435053
334,0.021947901561980315
335,0.004591320475034158
336,0.006857943524974701
337,0.007888966684054328
338,0.0036475837479308664
339,0.00801146825525203
340,0.045770953337963396
341,0.007699485804838945
342,0.008384497607083746
343,0.010772778754388541
344,0.05954770572422816
345,0.015563704585745946
346,0.011914811764239145
347,0.004965210466866771
348,0.004886054135492083
349,0.004593394169681973
350,0.007393141337987666
351,0.002507665708415389
352,0.00616008955237113
353,0.045578779425045055
354,0.005126664443384437
355,0.07170061058515642
356,0.06562498268143728
357,0.05203472623535283
358,0.009982393488101052
359,0.00751139624836573
360,0.049931934644706605
361,0.011836323913479378
362,0.009632817386251043
363,0.004884305665278414
364,0.006741785944235282
365,0.004140054886869056
366,0.03622844002989854
367,0.06510501214027194
368,0.006117218029100815
369,0.0024048732112185492
370,0.07654022871343712
371,0.02483686226500528
372,0.0056248357504187045
373,0.013769971921234652
374,0.05268912279445739
375,0.014138284659793623
376,0.14449292096798808
377,0.01061009622221751
378,0.010783803133564161
379,0.0033870521508821486
380,0.005673795729102274
381,0.0019052854541340666
382,0.016080263879922382
383,0.0059269724573635645
384,0.004311678404218066
385,0.04614430339036988
386,0.015871299612027955
387,0.019773868952885472
388,0.007101284695527932
389,0.026827295923596464
390,0.00939556029359711
391,0.03366165766533321
392,0.07148375561963977
393,0.0036748701828658503
394,0.0026711432523559117
395,0.007685474134060223
396,0.06740955412092926
397,0.010745627194318727
398,0.022586203197270165
399,0.019478143215994396
400,0.004419912484611299
401,0.055153758912584686
402,0.025615390933307558
403,0.008115397727565945
404,0.004189417864547365
405,0.2032695659068787
406,0.009217027572118253
407,0.009173496992354643
408,0.006842135459828566
409,0.0038003577908738385
410,0.007816389250011888
411,0.025086392011841558
412,0.020962571320277828
413,0.016154151132212784
414,0.06947253215699083
415,0.01568546727527802
416,0.006715812876468641
417,0.012182954732412505
418,0.0060544710219765895
419,0.01744510848596431
420,0.010393363682778456
421,0.11501107972180992
422,0.003855106815959922
423,0.0076230801499639345
424,0.010907633539176925
425,0.10598259012987916
426,0.012613763318281056
427,0.0099413030256811
428,0.011337079109357467
429,0.0026239739087963437
430,0.004555714403941201
431,0.009062601679305783
432,0.11572500701030275
433,0.008266156789907827
434,0.0016211689360311028
435,0.020156659702684956
436,0.018137496057069446
437,0.008022534933069654
438,0.004272370317172044
439,0.06262897708020385
440,0.0018722642901750457
441,0.006407728217686459
442,0.006886410363084058
443,0.005453421260128026
444,0.027145331173761052
445,0.031113292158372576
446,0.006715289914213668
447,0.01174010044843942
448,0.00852014294571598
449,0.022416580247138815
450,0.010675119859030828
451,0.004155848987409262
452,0.024336048328295154
453,0.007875725133032042
454,0.0077739084626080165
455,0.0070628576355729455
456,0.03318196453727674
457,0.05562797122413851
458,0.045931494118367576
459,0.06514433563621481
460,0.009685830055648596
461,0.0066981075041193765
462,0.05581815350387042
463,0.00705025730476376
464,0.00544086086569241
465,0.009428012876319693
466,0.0046437396742270865
467,0.23270822340684422
468,0.010469053889485177
469,0.0074730965382839055
470,0.01525958309514106
471,0.06309271157973796
472,0.00278134291655429
473,0.08453467010064386
474,0.005507562545666482
475,0.040856986963960056
476,0.022069138416327076
477,0.004143493505688477
478,0.005301517543503895
479,0.22770176081955795
480,0.06858634711161014
481,0.028674688250594636
482,0.011854011759746687
483,0.09972454243358396
484,0.0035487801093081
485,0.03910969726608734
486,0.0060763392340367
487,0.008226825463073174
488,0.017437081365364704
489,0.03533446858217309
490,0.0045155737589649015
491,0.02448606755893558
492,0.00412912285979746
493,0.00503818415882666
494,0.011243560473873366
495,0.02298592238030905
496,0.0028205641249623966
497,0.1682802210231751
498,0.005032643038166269
499,0.05084188064330939
500,0.04853885651883625
501,0.0032067489473006304
502,0.0038780557422154133
503,0.04574047868174211
504,0.11787605149565605
505,0.1277860451332983
506,0.005234056618721323
507,0.01335160299131842
508,0.006366235946205798
509,0.01650527585050352
510,0.025356065279717052
511,0.021632666850008603
512,0.021497081650843297
513,0.0074458626914023765
514,0.007891204199936627
515,0.014753222180830503
516,0.04549137448343145
517,0.04063033069420908
518,0.063149687559488
519,0.0667613857041293
520,0.022981911009611045
521,0.006556101305459109
522,0.005328437719181307
523,0.08785355463869335
524,0.002163565600699395
525,0.007214292221068833
526,0.16856358153108536
527,0.14250972375134394
528,0.010459931055368882
529,0.0022711314601059707
530,0.028088818359929928
531,0.002643457534508536
532,0.08877943539553161
533,0.02161779360075018
534,0.04004067273606842
535,0.06586844406362385
536,0.42612026727002744
537,0.009855030080596296
538,0.006734407503556172
539,0.004019005497235777
540,0.0009872440686849236
541,0.0043098322065037815
542,0.002071577589589681
543,0.00370866166635209
544,0.05282157538884424
545,0.03508632424501679
546,0.011026408973122289
547,0.016160058765674015
548,0.00960468951563661
549,0.007418709736333217
550,0.003202660571823456
551,0.013364285706827472
552,0.04434404450606194
553,0.009864953023391751
554,0.007599118105071089
555,0.003543048100191961
556,0.00543780525432134
557,0.18281137688286192
558,0.01300996912602552
559,0.004609984729876466
560,0.0424257527831113
561,0.006377038046022583
562,0.010748538512874217
563,0.0022160737487977164
564,0.0055404372561958124
565,0.00872341669873478
566,0.01526921269179022
567,0.010416609023941615
568,0.07477693434041101
569,0.06183411495779066
570,0.09450444934361531
571,0.015671390258193665
572,0.11272483222024017
573,0.005038297671623498
574,0.0027800973971073267
575,0.0016884656264369506
576,0.02593590350491506
577,0.004500176979489202
578,0.005859988042272861
579,0.009779049628158828
580,0.008254254286366815
581,0.006450882900690969
582,0.052605614524003856
583,0.021014732524950307
584,0.024382675891206438
585,0.16160336551425514
586,0.04249240878449273
587,0.005373587202596548
588,0.01171285117235209
589,0.004571956963424975
590,0.00753417212806432
591,0.003676633009858694
592,0.013933925178769725
593,0.07589269113934835
594,0.0023448120373244638
595,0.0669126372326941
596,0.03477719296943479
597,0.05715532497612266
598,0.011119095255245317
599,0.017500226310380236
600,0.017471065305331573
601,0.010762678763020252
602,0.011552720419098435
603,0.003909164568199132
604,0.012740272041859662
605,0.028970144964262732
606,0.006689300274158439
607,0.12985091932102724
608,0.004932865294938926
609,0.004009604740033784
610,0.011205411400511272
611,0.007326951827398244
612,0.0016384719811060355
613,0.005163124156521577
614,0.006719219074531342
615,0.010587782604820907
616,0.06282908957621723
617,0.016276639684894904
618,0.012742004704567288
619,0.01274497135557622
620,0.0068597452357793305
621,0.046057724777702605
622,0.01956820401194631
623,0.006017254238272038
624,0.014236447463779205
625,0.005169971767706339
626,0.03222178868227535
627,0.010684528340456122
628,0.018492173648890657
629,0.030496902682944457
630,0.003238460938514118
631,0.018204048978826607
632,0.010190932493247084
633,0.03317084161060683
634,0.09346362374291797
635,0.02543118324140345
636,0.04476171256258747
637,0.05964526063519413
638,0.11702183207242338
639,0.1967385740816651
640,0.05931464102393638
641,0.0029241710776676533
642,0.014019254340716202
643,0.01186739219647862
644,0.0033763577077579334
645,0.039380562272780466
646,0.009081218943897355
647,0.022437713067435482
648,0.009755231705002716
649,0.0075734155533371565
650,0.017726546076958193
651,0.005760829364883317
652,0.008030197375942712
653,0.0033509786232249496
654,0.006228140625488284
655,0.0030546350736569716
656,0.12991669703834355
657,0.008151567770044353
658,0.13896937280159752
659,0.008950893163708423
660,0.009498557531392789
661,0.004617168447186059
662,0.20618381886929954
663,0.004589344712799451
664,0.03024678713858326
665,0.007400168462371523
666,0.01892901414471117
667,0.005638012452756526
668,0.007428740739038936
669,0.009181749319128657
670,0.016406339259516706
671,0.003488706511689696
672,0.020903184882361567
673,0.01485011281076775
674,0.011586887294262901
675,0.07229076682201156
676,0.06645615729398197
677,0.007661846443810431
678,0.06966352892741945
679,0.01297022443649334
680,0.29143927492690813
681,0.15931663357982656
682,0.007752810810492139
683,0.003720232392494485
684,0.11970718291790623
685,0.012475487764716514
686,0.007882703673772367
687,0.004193100577725171
688,0.008412688020761436
689,0.004728785986051494
690,0.0693990286464647
691,0.008894762182762556
692,0.0026787605747062787
693,0.012105350267206378
694,0.09613511847680932
695,0.0016799534350279426
696,0.0072386069994089305
697,0.004621179609218588
698,0.004458134702754847
699,0.006104676948838824
700,0.0034770400294650066
701,0.06077836748039489
702,0.013491184791439117
703,0.009538002348678682
704,0.005046533223029123
705,0.006801546999667542
706,0.003451562038969936
707,0.016611081407612603
708,0.007542450219312892
709,0.05065247044562946
710,0.009467167848383761
711,0.004693588950086306
712,0.03679300755932379
713,0.017516328645238954
714,0.12993903004365953
715,0.0055836852827585
716,0.01619177246386241
717,0.004869991744835099
718,0.011278981156670208
719,0.021813921776078528
720,0.03783018420937408
721,0.015260042543295417
722,0.0075679402190430775
723,0.004071880689101552
724,0.0980742227968518
725,0.09507736075610922
726,0.06320117289519561
727,0.015296732010157793
728,0.009732740779801838
729,0.0033172484793908357
730,0.010054915544730068
731,0.012013802082882396
732,0.002781864063196327
733,0.015559408174770964
734,0.004321272893673456
735,0.031154619383843903
736,0.018004775653510583
737,0.03139969206651836
738,0.024381378383817674
739,0.006982626624821577
740,0.004058961533821467
741,0.013261780174267488
742,0.001092152249392872
743,0.004735737989368452
744,0.005397194789327721
745,0.0029152547257202187
746,0.015297328005925821
747,0.003372878916555855
748,0.01048499973744184
749,0.005072994395377439
750,0.03145877857526625
751,0.0049207831177879345
752,0.07156949525849163
753,0.0026470612484087394
754,0.008534130552845636
755,0.01096720332934588
756,0.006066343363794689
757,0.008543018743735751
758,0.022484390631314095
759,0.0024666578130599455
760,0.0021529528759680868
761,0.0056584254937450075
762,0.031845181737768756
763,0.027979479019703494
764,0.022333962830758218
765,0.0044719565882583604
766,0.1539429346796773
767,0.005337656438816559
768,0.01761582981940917
769,0.004021147256016764
770,0.1264460044945396
771,0.007220851408548441
772,0.06119768530543705
773,0.006937352045389316
774,0.09734982289326656
775,0.005937148179026677
776,0.023735125056104065
777,0.012814772429728637
778,0.004616092108259289
779,0.08922484745285275
780,0.14471069674000958
781,0.0184942705579199
782,0.002347110236255367
783,0.06474079101595155
784,0.1189870382726553
785,0.01737730751446192
786,0.007817059564089368
787,0.013101306852965545
788,0.006843234668048361
789,0.010673237851283712
790,0.0026146135630556854
791,0.01227186863719272
792,0.0022059110854621713
793,0.021541538204620504
794,0.03576972837634913
795,0.006102806678611935
796,0.01484344931382641
797,0.004268691357023922
798,0.037404382026083156
799,0.06044461188557629
800,0.002564369059263173
801,0.014761748395058463
802,0.1088319072443508
803,0.005972188976058994
804,0.0021780165619760825
805,0.004996702855205024
806,0.03676509179758887
807,0.05971635082567817
808,0.005702810669630729
809,0.002837882522107172
810,0.06077310863411538
811,0.003164507319628277
812,0.013112973263071464
813,0.00521854948020447
814,0.07703018471235427
815,0.019442211390718687
816,0.006402881084071541
817,0.009088931529722422
818,0.00938798307326783
819,0.0168957521845424
820,0.007079148532124127
821,0.03625493246412702
822,0.02788289551208825
823,0.006901198736557415
824,0.02721167261267759
825,0.01068450810880677
826,0.0069643279083954875
827,0.049389537511407754
828,0.007718634757053467
829,0.10247658752488027
830,0.006291928891569267
831,0.002888717126756151
832,0.08542059534265757
833,0.004858348167326442
834,0.013758994626511749
835,0.07067691757252853
836,0.037877666270075924
837,0.008115879489127953
838,0.003569990661102535
839,0.0024305651401924796
840,0.005077511761981371
841,0.013116709171155212
842,0.05642006687822601
843,0.015915704970621513
844,0.01631139601525615
845,0.005266854464472732
846,0.036470400638452624
847,0.01718495253265352
848,0.01698362326734737
849,0.016032352224042506
850,0.0031573234712217006
851,0.006133418735690941
852,0.004346512156636712
853,0.010571908891870185
854,0.02175553572293013
855,0.033202672438549796
856,0.28524399791544247
857,0.008565411946143641
858,0.0016882947735567656
859,0.0024927322162900554
860,0.0075664799251679805
861,0.019012419489527994
862,0.014598103994944395
863,0.06190237590158896
864,0.07402992101871893
865,0.005142841049446169
866,0.027669186036349786
867,0.004116132753046523
868,0.01763371124233094
869,0.05743920962115889
870,0.004605956487138678
871,0.017485420052882908
872,0.01389325499582643
873,0.0089541695861422
874,0.007722542867082368
875,0.0507936366127777
876,0.05371914427202421
877,0.010285742702661985
878,0.009566561009601814
879,0.4008930906604425
880,0.009257289206233017
881,0.06760093235721497
882,0.04661800186231229
883,0.01159068252545809
884,0.012319398011805057
885,0.0023232971546828965
886,0.01212865399228138
887,0.0071679802412898015
888,0.007938269801037116
889,0.0075906302148184964
890,0.029167038903235347
891,0.04922451839707371
892,0.0051343933185053845
893,0.006035731661209408
894,0.09672906576792092
895,0.006816100504689362
896,0.005151221025017472
897,0.0027913195595820057
898,0.01989120923066771
899,0.011077308208049098
900,0.09347871215398677
901,0.04022709042799539
902,0.016597237402972323
903,0.004821515881849152
904,0.0051067606660838314
905,0.0026894977665542857
906,0.02516972585394628
907,0.016961743725125315
908,0.011151858747701639
909,0.01014179066195875
910,0.02340190652730685
911,0.011115587234386578
912,0.0026886798662580135
913,0.017627622883643272
914,0.0027537168099930533
915,0.015079935164278314
916,0.018428917375319948
917,0.006041703878617739
918,0.007839536275331575
919,0.008076882152131579
920,0.00645134741628913
921,0.005763761373628816
922,0.00446250682170303
923,0.0017847253263976552
924,0.00965420979270317
925,0.012689916863834314
926,0.2162380271976993
927,0.003316137578880507
928,0.012938994541307378
929,0.06736423500974177
930,0.012151293236941287
931,0.007896431160539221
932,0.012419882360797921
933,0.0368076356819982
934,0.006737683254087401
935,0.009090341390754063
936,0.006315928845733508
937,0.011497738158025279
938,0.02405873094946007
939,0.02407933051262721
940,0.004708854680545064
941,0.0026846121819464946
942,0.01557139727514885
943,0.012732655824881122
944,0.006043093240740862
945,0.13281844152848246
946,0.0055704186444918685
947,0.048964480494406395
948,0.019226960631142424
949,0.009198486887799673
950,0.006788147149155055
951,0.055255900930090536
952,0.01879120988722069
953,0.010457620709393602
954,0.12298175964466981
955,0.007392648977141986
956,0.008508544460872907
957,0.055419613614079204
958,0.09142943844848506
959,0.014305660877354789
960,0.04097274628361721
961,0.00199114320598079
962,0.057424271646820874
963,0.00861253795781435
964,0.03626171651076486
965,0.0032872662067649446
966,0.02175437741267639
967,0.013211843376153939
968,0.009623370540015651
969,0.046351288391935315
970,0.030485702053267956
971,0.0017518798843655294
972,0.02436433325765904
973,0.11676607788801964
974,0.06660237660056681
975,0.049018078264588455
976,0.017370008007900787
977,0.02159829074139234
978,0.008410188881115886
979,0.003029893240738884
980,0.009386652467996385
981,0.008598299130732316
982,0.013273187704529961
983,0.007721015814625595
984,0.0070271543632805045
985,0.007531861635226845
986,0.07175588882209447
987,0.007124653840084192
988,0.03378835822703418
989,0.03570918076520213
990,0.0026645212164793665
991,0.003579511521233661
992,0.37277375040974553
993,0.011101408561847017
994,0.006888659352918472
995,0.0062560237235633346
996,0.031770115338036385
997,0.00288081423174759
998,0.02229266938018853
999,0.25865310473585446
1000,0.03330822057538798
1001,0.11881536607770178
1002,0.00818532103407839
1003,0.014696323676016499
1004,0.008578383628372403
1005,0.03028395018566831
1006,0.024669896422229873
1007,0.09754882913895341
1008,0.011714587101344246
1009,0.007136738814124485
1010,0.05723082305969812
1011,0.008194795229806469
1012,0.00967374963044016
1013,0.05238821974477226
1014,0.005318395847629372
1015,0.0067101722984982395
1016,0.019258866036340253
1017,0.00898960927423851
1018,0.006412245700982027
1019,0.011582822328276562
1020,0.008273712818258961
1021,0.16711589901435248
1022,0.007531265464410587
1023,0.006530435855051357
1024,0.004106729788029537
1025,0.008658585683268038
1026,0.009410794108034708
1027,0.008602319632751034
1028,0.0051100331715357794
1029,0.01176266838707861
1030,0.011769888979268906
1031,0.04297747171204264
1032,0.007927064560504609
1033,0.005563934641475384
1034,0.0086235810263146
1035,0.015473473920891722
1036,0.02712057764202116
1037,0.002964353539556168
1038,0.014700166486171699
1039,0.12023993934960422
1040,0.016767663903392776
1041,0.09448792970893939
1042,0.012857699096618049
1043,0.012971377553806484
1044,0.068138645465704
1045,0.011723986222575837
1046,0.004710336764127382
1047,0.027113520401339554
1048,0.011839528287597599
1049,0.0037660239247098676
1050,0.005497522880850175
1051,0.04636780461826495
1052,0.011145150032612069
1053,0.024403881369283488
1054,0.007424064655372168
1055,0.031158661689855458
1056,0.026920431395608378
1057,0.004285349341286374
1058,0.09829465406625117
1059,0.010953493148345449
1060,0.02402746042147916
1061,0.03778401645678425
1062,0.018176172717440903
1063,0.15164480310071726
1064,0.08911831332970369
1065,0.02449237573586878
1066,0.011995682538362638
1067,0.01952855703951052
1068,0.006876613062305558
1069,0.07190983850534177
1070,0.004870215612292154
1071,0.18535738840249916
1072,0.008415709564096395
1073,0.006760412409812745
1074,0.014917435264172427
1075,0.08708588725169739
1076,0.015838413053309717
1077,0.007284742172542757
1078,0.02520202657293834
1079,0.02712247609794654
1080,0.006470328476921099
1081,0.005865055202570488
1082,0.010623758098835619
1083,0.005393925284620789
1084,0.02890789049975276
1085,0.0033737788728833823
1086,0.059430174437778406
1087,0.018226961703344344
1088,0.016188824902997737
1089,0.025733325775658723
1090,0.004106500951618832
1091,0.18267683207768945
1092,0.005900958302881964
1093,0.10578909423452504
1094,0.0032158079995666337
1095,0.02328261299485839
1096,0.04819306614918562
1097,0.013288555590176335
1098,0.0073379132006046975
1099,0.013093331125191883
1100,0.07124406966025564
1101,0.005987403957104969
1102,0.0034340606850032495
1103,0.07700100662917825
1104,0.01125963686565301
1105,0.01574290361712045
1106,0.0062791693619980524
1107,0.004174894706398418
1108,0.033991089171385526
1109,0.0056076381302664815
1110,0.03224462709530979
1111,0.008511521040762386
1112,0.010065332494802796
1113,0.0023423672538939347
1114,0.006707663708114734
1115,0.016215826330825755
1116,0.01056981911414213
1117,0.0033785360920544627
1118,0.02411780238467193
1119,0.028473879953725946
1120,0.005571557335797589
1121,0.006108900388853605
1122,0.0198227166660321
1123,0.12306215040420548
1124,0.09485574623509148
1125,0.020755467376939847
1126,0.011031850198375872
1127,0.008042754406048697
1128,0.01724953663875377
1129,0.012498275246119829
1130,0.049275096150970525
1131,0.0036125121064985934
1132,0.007271567330712743
1133,0.36997345274031945
1134,0.008598143173785754
1135,0.05248492638585877
1136,0.004207822627669229
1137,0.04750816151021735
1138,0.026089789695531062
1139,0.010072012678338812
1140,0.011033061842473586
1141,0.20985126043577182
1142,0.005129703411100825
1143,0.01831168143247924
1144,0.07551953030814967
1145,0.010642043410134661
1146,0.009479773017822699
1147,0.022843700847905237
1148,0.052259934878147535
1149,0.24400511422718038
1150,0.014637158763298349
1151,0.01092257309001418
1152,0.007252715384694223
1153,0.039675083702899544
1154,0.0037269634002722357
1155,0.09099014426268473
1156,0.005483909230608492
1157,0.059042789878993134
1158,0.005768372255092268
1159,0.06641778985923276
1160,0.004455593415537088
1161,0.007629857506385824
1162,0.013011269159021023
1163,0.0347812403826485
1164,0.007064526922316376
1165,0.08616767883615231
1166,0.004830703047531896
1167,0.039350364689464276
1168,0.05907849060832127
1169,0.006408409458293852
1170,0.010843568800872016
1171,0.034354791146331894
1172,0.014118367608048129
1173,0.0064164905273918485
1174,0.08036026535437503
1175,0.01528012863881245
1176,0.0011412267508317396
1177,0.006823367075149392
1178,0.010935066852596006
1179,0.0339776546439751
1180,0.02188821537627228
1181,0.005880715665918484
1182,0.010519328502892226
1183,0.005214629913982524
1184,0.008136039945874765
1185,0.030576097147730925
1186,0.028775101441269806
1187,0.015101616530156348
1188,0.003412329095221034
1189,0.006293752092096396
1190,0.020058937054991403
1191,0.003534626723388571
1192,0.008030412818087484
1193,0.17552556366201577
1194,0.010871641331295128
1195,0.0040468905477657885
1196,0.0036523036650385975
1197,0.005808261982848317
1198,0.011787976319435522
1199,0.002297733943858279
1200,0.032783110168136016
1201,0.015223103944259487
1202,0.008961071531597892
1203,0.021947041980834206
1204,0.013053024237257767
1205,0.005432432527931868
1206,0.0020092595476971166
1207,0.011718743654334979
1208,0.0044231080727886165
1209,0.006454128259096933
1210,0.07734408328130596
1211,0.026712153876774822
1212,0.1111331396503501
1213,0.0070823743110446655
1214,0.007400336224566339
1215,0.016019862349140702
1216,0.010180461813920865
1217,0.05985062730234036
1218,0.0077600131919998115
1219,0.012979197991175315
1220,0.00365269269340238
1221,0.003716949686825918
1222,0.004081554165467771
1223,0.02425394966750839
1224,0.005234941302026084
1225,0.13452598674178226
1226,0.024781378641727192
1227,0.004877754379123993
1228,0.015274036277018765
1229,0.006309288952524114
1230,0.06467483388927965
1231,0.019333532610549087
1232,0.06181200120215301
1233,0.0437692706194416
1234,0.003473129658335629
1235,0.004451098500027672
1236,0.2702499007342815
1237,0.15274376118306945
1238,0.007798562766581094
1239,0.00910470360560247
1240,0.011787872562155957
1241,0.00836218586529537
1242,0.00309270568951738
1243,0.19953320842313826
1244,0.0037705423535723498
1245,0.08739817327425414
1246,0.03575235135971324
1247,0.047466295101291765
1248,0.010455290211043468
1249,0.003138596061696888
1250,0.1408351510623669
1251,0.00760893265651172
1252,0.0018719208308682212
1253,0.005746085481467384
1254,0.280248842650812
1255,0.023587101136182582
1256,0.008335994946646861
1257,0.0019518200028597597
1258,0.006160523139582626
1259,0.007371401907921263
1260,0.009435613033856784
1261,0.16124983513217483
1262,0.0021955762614055837
1263,0.003296664273382791
1264,0.011991806380006555
1265,0.0032237443342276986
1266,0.014678871623832534
1267,0.0036630034254586386
1268,0.008441868164291393
1269,0.007998947360423702
1270,0.009779643261905354
1271,0.017835084227559334
1272,0.010859532521158066
1273,0.021239066927566486
1274,0.0035623106016076365
1275,0.07680125085311523
1276,0.004472731982643188
1277,0.0040196096765386605
1278,0.0030008320457157516
1279,0.012070181110883975
1280,0.06846805172301182
1281,0.00814874218809886
1282,0.05542716815726151
1283,0.0165108261396286
1284,0.14745510821843752
1285,0.006151837310014468
1286,0.007711627848739903
1287,0.0026404944143943896
1288,0.018472893936536863
1289,0.006091723670775015
1290,0.008487863947728934
1291,0.012743577982264121
1292,0.005800257234462302
1293,0.010131382937050515
1294,0.013707830357169236
1295,0.004314346864045082
1296,0.0013898567168826946
1297,0.014759210165751954
1298,0.01757207717009098
1299,0.009342244678239643
1300,0.004060331149066972
1301,0.0030546911516270495
1302,0.004847266992240809
1303,0.017484822605609438
1304,0.008749781040772977
1305,0.03192277958879913
1306,0.0050203257272496615
1307,0.008454644682127222
1308,0.0027630043226588258
1309,0.019831340027988205
1310,0.028746364198456553
1311,0.011839402606785641
1312,0.010951162660397988
1313,0.05839341478314858
1314,0.004465918496382158
1315,0.03958418996512234
1316,0.06756111594353907
1317,0.006205005285027171
1318,0.01406461702189768
1319,0.002661660942884683
1320,0.006719307242183971
1321,0.010045773407953526
1322,0.00872068121597249
1323,0.004965687921669524
1324,0.01621908948936564
1325,0.015098759385732087
1326,0.0004784078755056775
1327,0.01209540631197249
1328,0.02309834421771057
1329,0.01210037947723394
1330,0.0032621837837758677
1331,0.007055958692646278
1332,0.010477516164703566
1333,0.08122365086979413
1334,0.1391057669515973
1335,0.0041119546058305005
1336,0.011296771779096274
1337,0.0019020830086201625
1338,0.01434631027561979
1339,0.05915420374353811
1340,0.013519295380333104
1341,0.004027308359873682
1342,0.015115827054361437
1343,0.004536010718280753
1344,0.007605778127142501
1345,0.19815940914060284
1346,0.08725592521100568
1347,0.008496992179100469
1348,0.00218438763570403
1349,0.012445206156497673
1350,0.008316120613179559
1351,0.043563311739065275
1352,0.017018341525567315
1353,0.007853509314577628
1354,0.0035290773373852996
1355,0.0042171172102489
1356,0.006791645455193453
1357,0.08488711859931133
1358,0.0012805583083261834
1359,0.0084282158353679
1360,0.16236266282662923
1361,0.024068486917208743
1362,0.0054251954257510575
1363,0.028554049470744615
1364,0.012166976079456205
1365,0.002486647359785058
1366,0.0031436897115659046
1367,0.0073525510118153895
1368,0.009607742329760777
1369,0.003360450478542442
1370,0.011234626719817821
1371,0.004203779598229978
1372,0.008553975167539562
1373,0.0069848268731836265
1374,0.11996785310860182
1375,0.05393035682421283
1376,0.014109350684753628
1377,0.020920148038193895
1378,0.003914892640321077
1379,0.011916625299813244
1380,0.04539395263182173
1381,0.0036637765630071627
1382,0.04307808615037302
1383,0.0015446393039037793
1384,0.015583239076808997
1385,0.014026132401977113
1386,0.02078125757862266
1387,0.008455293501690627
1388,0.004634741797951268
1389,0.03687013077091618
1390,0.003471708545340185
1391,0.01477113770125661
1392,0.011916314942380055
1393,0.02522455237543518
1394,0.03319532197636415
1395,0.0137522867176798
1396,0.0032649465615234696
1397,0.023509880103045378
1398,0.05071383588957085
1399,0.011882059688501269
1400,0.008971603189093747
1401,0.030478079763730445
1402,0.03659114729885477
1403,0.0036547339591642128
1404,0.007475100050642912
1405,0.023474230096085485
1406,0.01091844870522029
1407,0.032460327602314966
1408,0.06579316536911466
1409,0.010549980879944654
1410,0.019565756110796164
1411,0.0012410589645842456
1412,0.013100187054515636
1413,0.13038852879655602
1414,0.005107660007998197
1415,0.22029558353744783
1416,0.006518130226980996
1417,0.007331215134464658
1418,0.02503221953942931
1419,0.024944673693122497
1420,0.1382336181830047
1421,0.005389443066622843
1422,0.07943201270716363
1423,0.05004213101895126
1424,0.01520416101992108
1425,0.031857586780789926
1426,0.010766875935520732
1427,0.046323851334178726
1428,0.008055427283627115
1429,0.004189349558737401
1430,0.0760610142805775
1431,0.022187812487426666
1432,0.10977634887200363
1433,0.010208722079510587
1434,0.005482561702514861
1435,0.008282917517573022
1436,0.0024764765395646473
1437,0.11795876732800586
1438,0.013018257870299445
1439,0.007163039856320508
1440,0.0063965795319652855
1441,0.003839903294076418
1442,0.22209700159023638
1443,0.004199620816999249
1444,0.0049466472405817275
1445,0.1556576126877934
1446,0.003606324982038995
1447,0.0055765513682754664
1448,0.005244480123109356
1449,0.012597892519128094
1450,0.002685857202857689
1451,0.010404122412033793
1452,0.004520622588537196
1453,0.0075031473245404075
1454,0.016206656974661424
1455,0.004600644022241757
1456,0.013388063094087108
1457,0.04612852392244481
1458,0.007609767619494079
1459,0.003682955844394031
1460,0.0023341537188302087
1461,0.005941525766164407
1462,0.12045033990624204
1463,0.07018891411383915
1464,0.01038083605183029
1465,0.007231554834855813
1466,0.014449456562250598
1467,0.006026797593110728
1468,0.006334328227069047
1469,0.042028146336041676
1470,0.013808797230353923
1471,0.013709648446542008
1472,0.030003381844069768
1473,0.048626182023902495
1474,0.10679534137686951
1475,0.005617378302934696
1476,0.10104378928961312
1477,0.008105140045314947
1478,0.05535969376202781
1479,0.0072960428097288334
1480,0.0023415185695195287
1481,0.008117546987031382
1482,0.010231003359482233
1483,0.02772207091913587
1484,0.0010833632870701428
1485,0.053359954125344014
1486,0.013135318663168478
1487,0.02100440329367208
1488,0.009219270320611057
1489,0.07823899197235698
1490,0.008825997891371246
1491,0.004494765452481133
1492,0.026592360478993236
1493,0.02541438655897456
1494,0.005774765542957745
1495,0.006074582543559265
1496,0.006009254779545753
1497,0.38314593268843145
1498,0.0698768561692953
1499,0.015888208706013037
1500,0.03445353382828947
1501,0.018490529427243076
1502,0.04912159878616817
1503,0.0036130840633493886
1504,0.02283711378191985
1505,0.0054635108853852855
1506,0.009348295918381919
1507,0.008614940435705643
1508,0.005844958084806269
1509,0.009692098518978556
1510,0.01739590675741958
1511,0.01564424172476382
1512,0.04641351195986137
1513,0.02033524623971253
1514,0.03223469667362163
1515,0.2489805221162211
1516,0.008216274694738287
1517,0.019924234993369788
1518,0.012178297385321026
1519,0.007102699140436669
1520,0.003607334421370563
1521,0.1213603776549069
1522,0.11277979835545933
1523,0.005317639986046396
1524,0.01002235575658694
1525,0.009822876920893321
1526,0.05307302433318836
1527,0.004504601732956592
1528,0.03779950098376181
1529,0.03125199177062063
1530,0.009538716784735047
1531,0.007053337979894733
1532,0.12231297486629364
1533,0.01836616507962307
1534,0.05354510933864712
1535,0.007271882178976513
1536,0.018715737173022426
1537,0.0038848098602260422
1538,0.20981450342920996
1539,0.0056170266821667985
1540,0.12284529153043054
1541,0.0053269654248934055
1542,0.0673648086201121
1543,0.09206724848903085
1544,0.00546805034755385
1545,0.19268576731556242
1546,0.035041260292810524
1547,0.020949655300000838
1548,0.004340872729821544
1549,0.01252403347954418
1550,0.034389505740609796
1551,0.0125577456704368
1552,0.0056490988664071
1553,0.007550561334951202
1554,0.08140674746638345
1555,0.020348746932058757
1556,0.03308711292270309
1557,0.0014356593418066808
1558,0.04217087157426856
1559,0.027743077475882748
1560,0.002733022338093358
1561,0.004479356825646724
1562,0.010569375968262695
1563,0.003267949704282331
1564,0.03360520801608938
1565,0.07709241912044251
1566,0.005051349400474077
1567,0.008642840124398145
1568,0.01597417453096895
1569,0.008157246298021538
1570,0.006978971426884721
1571,0.06573681926292382
1572,0.03494381344950857
1573,0.02758313552205967
1574,0.006527373201670175
1575,0.0754885518579727
1576,0.0035307203023466987
1577,0.04767103430773375
1578,0.010599116956816399
1579,0.0034407147554254953
1580,0.0024573249749518006
1581,0.17283830889677929
1582,0.005962745368170166
1583,0.038670058074690976
1584,0.01801004390643455
1585,0.018254891567324863
1586,0.013702417570304494
1587,0.01016183089537446
1588,0.05770038421034469
1589,0.005911876129594831
1590,0.0017450950606301143
1591,0.02325661873063546
1592,0.07899055694840751
1593,0.03812400535743419
1594,0.006906289488574856
1595,0.008708175779495756
1596,0.08716218406177664
1597,0.013485336515569449
1598,0.07128311469946198
1599,0.012951811007955689
1600,0.020089862830096946
1601,0.03809050592875457
1602,0.009386700167261938
1603,0.009993917546596946
1604,0.009411289988071888
1605,0.006771050588679847
1606,0.008424251847816377
1607,0.011453477473414355
1608,0.0028865502172291807
1609,0.005394795090725214
1610,0.0057418009657200595
1611,0.03631860158697799
1612,0.015523828669243359
1613,0.007423842714489273
1614,0.09135775488579254
1615,0.09975228344456519
1616,0.0047537025334878314
1617,0.011473196660459421
1618,0.07426206667678073
1619,0.016508060289573065
1620,0.049113216277256434
1621,0.002432296830740973
1622,0.06930856506845408
1623,0.013617391572777252
1624,0.012413521770933888
1625,0.03158100381102683
1626,0.0849386489854007
1627,0.004030285135863739
1628,0.05392787896700551
1629,0.004906755946221958
1630,0.0736713299424285
1631,0.007005467799422688
1632,0.06643720566430958
1633,0.007028046555535176
1634,0.006734122318669261
1635,0.017458356201684407
1636,0.0015105517521753241
1637,0.00929787128080407
1638,0.007890984563097907
1639,0.0071267941908045255
1640,0.007736769992717054
1641,0.007451085086955967
1642,0.03132606479834364
1643,0.04128935647894482
1644,0.010031435734267676
1645,0.0044195344650816105
1646,0.007140684259986974
1647,0.010052660767903553
1648,0.001917379546262826
1649,0.02803483850781158
1650,0.01683156768572436
1651,0.04382060835304376
1652,0.06284650375025963
1653,0.02609926499519443
1654,0.028252788187014266
1655,0.025420831646045767
1656,0.004876518054318403
1657,0.00708725090000125
1658,0.00796015981827387
1659,0.0073717164583786046
1660,0.041679750649494786
1661,0.007757923404672657
1662,0.11127580855069961
1663,0.01491758820689783
1664,0.0066549348600001435
1665,0.002316552496817943
1666,0.015470646361695943
1667,0.008426914080296371
1668,0.018733031465704743
1669,0.02370118633714938
1670,0.004295857100054553
1671,0.009141188114843985
1672,0.010527096800591293
1673,0.010085509382722192
1674,0.02892034740429221
1675,0.011453114540593468
1676,0.056548023872300596
1677,0.04890824440092834
1678,0.009382721388950905
1679,0.010247266200550359
1680,0.15588395395414725
1681,0.009802189894706126
1682,0.002936396866844883
1683,0.018438721725412666
1684,0.0241318895063851
1685,0.0028480615844474803
1686,0.00668560372154052
1687,0.006694409297597897
1688,0.005663967195254731
1689,0.03474505049235162
1690,0.011857687687694627
1691,0.009885494735514281
1692,0.05472997261380499
1693,0.04063007536113024
1694,0.016020619630921502
1695,0.008392096543101996
1696,0.013058980000929182
1697,0.04813883013694111
1698,0.0057791794482164064
1699,0.001733941599770821
1700,0.005974964819474615
1701,0.20558648015764863
1702,0.0062056143804363195
1703,0.003105475301699257
1704,0.005517018726534062
1705,0.007992298905647677
1706,0.06879151493778894
1707,0.003226828786675725
1708,0.026920168917267343
1709,0.03355349004464149
1710,0.03647013983494834
1711,0.0663091242278035
1712,0.008133371260771328
1713,0.006096781323993114
1714,0.002690425626298443
1715,0.007246812930492161
1716,0.009615139078851701
1717,0.009562451253540404
1718,0.009100149613084196
1719,0.035397749138621766
1720,0.07439807838500233
1721,0.00809354064456609
1722,0.006647628361621315
1723,0.008226153292575193
1724,0.008308649848858363
1725,0.041908806392812865
1726,0.012384721143846759
1727,0.008153345919008455
1728,0.0036291655997120306
1729,0.033272362067146274
1730,0.0018532037725922312
1731,0.007112367362652817
1732,0.0037715713943464358
1733,0.007993490545200389
1734,0.006382022392445234
1735,0.00589610133395688
1736,0.020386462857455857
1737,0.019772559663879308
1738,0.004629298189964972
1739,0.006233232335397479
1740,0.024096522169442483
1741,0.01884011902843004
1742,0.0034682229542502847
1743,0.003150642681248747
1744,0.008377783080279467
1745,0.009029349859216572
1746,0.06448046586012074
1747,0.0075032870158141295
1748,0.06579939112485507
1749,0.004049772034191727
1750,0.011416471032366935
1751,0.14691726590562115
1752,0.0037500929015506
1753,0.021492361486218643
1754,0.0029990973075200342
1755,0.04269357032185326
1756,0.007716939779519541
1757,0.013418225466968612
1758,0.004561408679690255
1759,0.005398065972393449
1760,0.008714550758280124
1761,0.009697814529602514
1762,0.005488018638669024
1763,0.010810041376803553
1764,0.0064937726877967745
1765,0.006201196364876685
1766,0.02990141539307896
1767,0.021778291715083917
1768,0.006847832182288211
1769,0.08848495113102632
1770,0.005212272728727772
1771,0.0002987553402504841
1772,0.0018609738510327724
1773,0.03847252416347791
1774,0.06456918536995451
1775,0.008236600850062599
1776,0.01354458256722413
1777,0.008449652099024338
1778,0.024537111652451492
1779,0.04532943723695242
1780,0.010035885458784258
1781,0.011492869957334746
1782,0.005654141006292206
1783,0.006829243859082289
1784,0.03449642547456339
1785,0.038209989567143055
1786,0.00355628245216302
1787,0.020165506880553713
1788,0.005021247835284737
1789,0.0012805566833135442
1790,0.010407157176844367
1791,0.01415603733236255
1792,0.0403522208923849
1793,0.0012997691282518218
1794,0.007788630816054622
1795,0.06562890741237062
1796,0.006709243487494655
1797,0.010447920241417115
1798,0.005011611017336565
1799,0.001911508004652311
1800,0.112396612209778
1801,0.05076999425932457
1802,0.008406144554098464
1803,0.009089373053326832
1804,0.0021321409620566095
1805,0.004452840573443832
1806,0.009819878630578288
1807,0.007056258647550601
1808,0.008137451191151114
1809,0.019554947366071915
1810,0.00871453252299182
1811,0.004570044481569038
1812,0.08975018916923892
1813,0.013814799261257291
1814,0.005232684222394872
1815,0.016709954331025425
1816,0.07901855527010654
1817,0.0190315658099051
1818,0.011196479143315766
1819,0.006417484766948177
1820,0.03985456991239374
1821,0.0489775505127272
1822,0.05560740066619654
1823,0.2145263517307621
1824,0.035961467949257746
1825,0.006208036889132244
1826,0.010245581513973534
1827,0.03118097234274531
1828,0.00752182799901004
1829,0.007928113525916243
1830,0.008797298789603706
1831,0.019748228250984105
1832,0.009383406103457571
1833,0.014145904018356293
1834,0.003974175700574062
1835,0.04554426349331597
1836,0.14174652016566533
1837,0.2522784280909073
1838,0.008642018291578433
1839,0.01379237612957087
1840,0.008279382735381546
1841,0.006504046041539934
1842,0.02087372345625542
1843,0.231382994300354
1844,0.03748602353955523
1845,0.004220694425535823
1846,0.007799847408115008
1847,0.05709936942486637
1848,0.049749148363881106
1849,0.004746537911095129
1850,0.022753688497406856
1851,0.01321268636257382
1852,0.015363980606017623
1853,0.006942915187362954
1854,0.012638770563106135
1855,0.007226157387663479
1856,0.0031162554151113477
1857,0.006604864843935514
1858,0.11679396292783245
1859,0.005672633390972563
1860,0.019253882485622553
1861,0.011090005989872425
1862,0.0043871298888637595
1863,0.0436583398825558
1864,0.05735891091854091
1865,0.002005525460310102
1866,0.028275191916868954
1867,0.162837368912183
1868,0.006089979436085932
1869,0.001973028592558078
1870,0.0025504098465476063
1871,0.004506348352675946
1872,0.00475840105054202
1873,0.013265621146137458
1874,0.03705938788916141
1875,0.007938636692179746
1876,0.004476028786709866
1877,0.00438849741024558
1878,0.005760273904245974
1879,0.013100626506176893
1880,0.006396417122934632
1881,0.015014357913213677
1882,0.002121127006501743
1883,0.012239206449301378
1884,0.016044578230574858
1885,0.032123914618635216
1886,0.0037817330852500312
1887,0.01226977835181618
1888,0.011238348536332467
1889,0.01195477041409308
1890,0.05361335493391542
1891,0.007464567758837052
1892,0.02053704325307759
1893,0.031406388392582696
1894,0.14359865564122332
1895,0.006061029377091046
1896,0.011794950614011437
1897,0.007707209424472401
1898,0.006152768759627489
1899,0.005346441988765471
1900,0.011409652190145739
1901,0.007718178352730655
1902,0.01436080814839327
1903,0.006615073407237517
1904,0.06798917447858728
1905,0.0062976763649597945
1906,0.02295081219946914
1907,0.025521837162019223
1908,0.0027151622955403796
1909,0.0036184631923820267
1910,0.008538692815892722
1911,0.09059130775050865
1912,0.01401594344897568
1913,0.014563591240752636
1914,0.07722977562845112
1915,0.04078838079404254
1916,0.1106730570856687
1917,0.004150995962454168
1918,0.05246203105019836
1919,0.08737962945754225
1920,0.021133873063093774
1921,0.009507726751872954
1922,0.0072427256007580485
1923,0.00433561185992307
1924,0.009267752040794964
1925,0.015265725742258906
1926,0.017185148563066834
1927,0.026172024697712827
1928,0.003651413731839973
1929,0.0025060378512156358
1930,0.0015204273491360926
1931,0.0058874469482039435
1932,0.051584861249247334
1933,0.0037152804536914985
1934,0.005401766143586735
1935,0.015732952007351843
1936,0.005862083787073523
1937,0.10151924037282935
1938,0.0027402485321581316
1939,0.012527311438301733
1940,0.006527069409403341
1941,0.18153186972905064
1942,0.00166109449132388
1943,0.007181933098119771
1944,0.011280336747183727
1945,0.0029987656964345073
1946,0.015388479926095298
1947,0.019349844475221256
1948,0.06591242505312053
1949,0.006834702701657364
1950,0.017771886443704952
1951,0.05220178310834807
1952,0.013962417264642963
1953,0.026492376611504612
1954,0.007116956221710997
1955,0.010296156907326588
1956,0.1196608298783114
1957,0.01384741119825107
1958,0.019251689920676336
1959,0.027971675500437373
1960,0.0047207695573084985
1961,0.01317524612441828
1962,0.030720391666413133
1963,0.01785164779078642
1964,0.0068188181648109105
1965,0.00497162430597245
1966,0.006553744406490107
1967,0.0032293395834529157
1968,0.015412345996599758
1969,0.0121446106537262
1970,0.006139462981935195
1971,0.0638081903836234
1972,0.07068460229367247
1973,0.0665435632609626
1974,0.010657003680086164
1975,0.0024855447383321785
1976,0.03487534446672077
1977,0.013150675772230601
1978,0.005264321204922149
1979,0.0021293492883319096
1980,0.009415320057753578
1981,0.005722649464963652
1982,0.02329587276916531
1983,0.0018878654600605349
1984,0.021450135907467232
1985,0.01005515373620511
1986,0.02359162216992661
1987,0.03553513926125311
1988,0.010874112341269058
1989,0.012098411329664799
1990,0.023978745308876885
1991,0.035047945710314825
1992,0.04671400306303999
1993,0.3595742313776795
1994,0.05333259053407751
1995,0.014487716833017007
1996,0.009593088012178452
1997,0.0040164841635651274
1998,0.05466911047822654
1999,0.00292682537392118
2000,0.10982019923458855
2001,0.013260905537693088
2002,0.005611061580186632
2003,0.00898577255576085
2004,0.02529517034973274
2005,0.027106427499124078
2006,0.007020997641320446
2007,0.013452424696624365
2008,0.0037621054407432457
2009,0.05647410118898929
2010,0.001799510465413975
2011,0.004274033837323965
2012,0.005323485150893432
2013,0.01058370345229613
2014,0.003329578173858842
2015,0.011015749949568877
2016,0.024259185143157894
2017,0.05409819643220813
2018,0.016371172121480704
2019,0.0038470437245240697
2020,0.02903338256832044
2021,0.0033185220039233802
2022,0.028233072834572385
2023,0.0032322072467987316
2024,0.010986993861604228
2025,0.02164128656531368
2026,0.007034965180906676
2027,0.005707852055629115
2028,0.009816171176654214
2029,0.025225494398700664
2030,0.008028867069355537
2031,0.0129178899968853
2032,0.011408713658562719
2033,0.021839838156318618
2034,0.005038574845824295
2035,0.004546528670775135
2036,0.008088885558073411
2037,0.01721374213411701
2038,0.0075122598746403795
2039,0.00520075829435928
2040,0.006778858738452749
2041,0.026935083449914295
2042,0.013617623271165375
2043,0.006908406050877177
2044,0.06327450931567682
2045,0.002441575158512363
2046,0.02047083635297662
2047,0.006669659805780974
2048,0.005170785937293554
2049,0.06442724155541575
2050,0.002502435195804545
2051,0.0034724869429108808
2052,0.0023502790407167596
2053,0.010283933568124246
2054,0.010596601095924134
2055,0.023198945271359423
2056,0.00957255781228709
2057,0.01670840561676381
2058,0.06971768012236626
2059,0.03200256795466342
2060,0.07060205918432763
2061,0.11479015854971159
2062,0.05548302802728202
2063,0.13188021215220375
2064,0.007899075375150692
2065,0.009904875031001174
2066,0.02435683227537142
2067,0.056011385553371956
2068,0.008149821007067086
2069,0.12809746337321345
2070,0.1136262447736197
2071,0.012537743743612793
2072,0.031655919567459195
2073,0.007608325492079486
2074,0.079783739858915
2075,0.027263847575381726
2076,0.011220315531366296
2077,0.005548736720430931
2078,0.013381302251555038
2079,0.008593374857810978
2080,0.012161150753466476
2081,0.008727311983876943
2082,0.0027478866670056588
2083,0.009937415428732449
2084,0.01658749626797154
2085,0.07925892330599728
2086,0.09300896912300281
2087,0.04008230986187544
2088,0.002460287059454596
2089,0.02961062639857141
2090,0.004108029674132162
2091,0.01284332789112778
2092,0.04193326023885917
2093,0.021671921548326024
2094,0.016098847009865098
2095,0.023348114340854653
2096,0.016075390108566543
2097,0.005155089142336478
2098,0.043244606077024794
2099,0.005996438747183467
2100,0.020212848173456647
2101,0.015374572308092284
2102,0.011689856835627413
2103,0.009066651988789223
2104,0.010908792536125955
2105,0.007587841512528417
2106,0.012706643212269171
2107,0.003560063215714261
2108,0.0704239285460079
2109,0.00876238583999795
2110,0.022554471769671038
2111,0.005381621082323043
2112,0.03515509503533165
2113,0.047113778959126766
2114,0.02065270707151607
2115,0.00685424935976869
2116,0.011997360804788876
2117,0.009046836415696318
2118,0.010162222006963909
2119,0.006218400268066102
2120,0.00451271754613065
2121,0.005879789069986801
2122,0.004400180577400243
2123,0.05569427881329467
2124,0.024424722516427116
2125,0.025971768356854098
2126,0.10842097673312108
2127,0.003088273187384359
2128,0.013336471289109284
2129,0.006384411106959628
2130,0.009332525882010003
2131,0.021282670644226325
2132,0.00805772309978598
2133,0.008279204480480619
2134,0.004449756195078629
2135,0.009612095999635337
2136,0.12389776670370037
2137,0.014098218331288244
2138,0.011313028083315236
2139,0.03184972795218648
2140,0.04159409303827304
2141,0.02495581935716864
2142,0.07402133301391309
2143,0.047086095906456314
2144,0.007602897861078133
2145,0.014048270835241168
2146,0.07881649757591182
2147,0.012100037486193557
2148,0.12177362892391488
2149,0.004433819561347576
2150,0.022541659892121164
2151,0.002306683667705511
2152,0.03721010976309815
2153,0.004293891653239031
2154,0.012568699405997254
2155,0.006647969338179393
2156,0.019118996193467807
2157,0.004641458327303107
2158,0.009480882716843771
2159,0.018347519436309218
2160,0.0039955351177677085
2161,0.0048066002383253415
2162,0.10375558280957503
2163,0.0076424918083049225
2164,0.016251091772807355
2165,0.024501395215549636
2166,0.16577896550162202
2167,0.012459938570379823
2168,0.014521908528845731
2169,0.10414423747376138
2170,0.004921684288546415
2171,0.016646192033207937
2172,0.010926803846635748
2173,0.02641843498116536
2174,0.067466846025333
2175,0.2048800578409906
2176,0.005651281434420287
2177,0.016370823605253423
2178,0.02370160727326408
2179,0.00437513472261942
2180,0.001439882017791906
2181,0.044068284285680305
2182,0.0018916106191694578
2183,0.01819979841516142
2184,0.01910315035859401
2185,0.0053519468058379404
2186,0.013561193139624258
2187,0.019701475991144378
2188,0.02051262927466468
2189,0.010958988379792733
2190,0.0036194694501185346
2191,0.08951149610885446
2192,0.0038504250672379003
2193,0.014916633076682137
2194,0.005560238188406801
2195,0.05530166866594363
2196,0.00316764312639654
2197,0.013344805159487345
2198,0.026386679597839222
2199,0.006506394700963888
2200,0.013097599101259487
2201,0.06556479544734321
2202,0.3023371001761824
2203,0.008083067942131834
2204,0.005516026706616788
2205,0.0056616337412067645
2206,0.001315471825891341
2207,0.0025815269549949865
2208,0.01575616305055607
2209,0.018018904133370515
2210,0.02033106181127332
2211,0.005776220975083171
2212,0.003593487400180765
2213,0.03992718297192339
2214,0.007871397883150152
2215,0.006335911492554533
2216,0.0041251514433024794
2217,0.020898415115219667
2218,0.00207276764161595
2219,0.01104051504394453
2220,0.0036420255266762258
2221,0.0027639098684671347
2222,0.010488134358557397
2223,0.1415229574911749
2224,0.02938927153903365
2225,0.0028571473781886674
2226,0.009003922782283784
2227,0.015144961454883529
2228,0.016117751181450892
2229,0.009044952809966485
2230,0.004113776239503569
2231,0.014921786482701527
2232,0.029357933357612515
2233,0.005464253723550609
2234,0.009221115665991512
2235,0.008973585921571194
2236,0.004385955297488576
2237,0.06459508339247572
2238,0.007356982971341065
2239,0.009293530895080417
2240,0.0028113176340998102
2241,0.005318669694507591
2242,0.052112765916814775
2243,0.09956373693710971
2244,0.011459525718014825
2245,0.02997103148435008
2246,0.23422035488143825
2247,0.010373619844894093
2248,0.7507728832286615
2249,0.015817970369129766
2250,0.012746151118090028
2251,0.15456214321027528
2252,0.0018508243098903652
2253,0.0021946812121066165
2254,0.0017972365669946455
2255,0.00646876843971953
2256,0.010002623808152549
2257,0.010693947307802543
2258,0.018316314219408717
2259,0.005641104364671853
2260,0.004244838504080692
2261,0.005239268171000912
2262,0.14659971370512193
2263,0.007470544170759956
2264,0.006616713153830788
2265,0.011817544212670842
2266,0.01969614733619373
2267,0.004477558142285991
2268,0.007272539881972982
2269,0.006289396981776287
2270,0.014655127409347397
2271,0.008638477941316204
2272,0.05861680436770607
2273,0.13304593376457
2274,0.13343208855158684
2275,0.07888909990263432
2276,0.07298252325252555
2277,0.009094256163823176
2278,0.0
2279,0.0028167140570509184
2280,0.014408396000920132
2281,0.12883210667502465
2282,0.012265185679069042
2283,0.017456187657170243
2284,0.01839414364065693
2285,0.0036243451572242355
2286,0.03683055721531503
2287,0.02259787153206328
2288,0.04903672590346672
2289,0.007957723064693613
2290,0.01611872274161235
2291,0.03295835291858574
2292,0.005155119779364326
2293,0.05787647236303778
2294,0.019989486022710758
2295,0.0031264020747821743
2296,0.013742586796193524
2297,0.010858475757738236
2298,0.12439769033573528
2299,0.12209809418844213
2300,0.0048677853561006085
2301,0.015219001971301962
2302,0.008724836609466227
2303,0.044222520670633536
2304,0.019293536656507838
2305,0.011842000905717728
2306,0.02234616129558051
2307,0.025046383484116874
2308,0.011318170848198464
2309,0.006756943088593858
2310,0.009803578591067013
2311,0.044487026962714234
2312,0.013659088074700168
2313,0.0017892356677044333
2314,0.0019175483319821866
2315,0.05219099438715209
2316,0.06336709274808332
2317,0.007678112489119461
2318,0.011314193169321238
2319,0.0038185511156543905
2320,0.0052640213304545914
2321,0.009437027531544923
2322,0.004426998300686078
2323,0.10160411361610266
2324,0.014973231763829824
2325,0.12497017818487129
2326,0.001566795209883151
2327,0.08137492104908657
2328,0.10763580655180008
2329,0.009995003228707729
2330,0.0034655899742066475
2331,0.005322225155693319
2332,0.017988897706129506
2333,0.002173583102812165
2334,0.007411236176052056
2335,0.0032644149889831963
2336,0.008290465021913525
2337,0.01297063743793766
2338,0.016317895752049574
2339,0.009289833874765029
2340,0.007562732469430924
2341,0.005553989128107739
2342,0.005530785416816523
2343,0.10368190341353081
2344,0.005555841140907212
2345,0.011765750391117328
2346,0.03042156614826138
2347,0.028557806645710688
2348,0.004982576371993099
2349,0.0026218141451048805
2350,0.0053528363202936646
2351,0.006280812867536991
2352,0.03797821445675023
2353,0.0033291617228995304
2354,0.005538808940535636
2355,0.010863083178640424
2356,0.013122752282037443
2357,0.07011957405377478
2358,0.04614748991026607
2359,0.02427030061429848
2360,0.009083838850527047
2361,0.005030202249555527
2362,0.0055308826091908
2363,0.006201542372220128
2364,0.028195159196607877
2365,0.01175776325399651
2366,0.0036900752954423426
2367,0.07921465167061847
2368,0.0032944030981398283
2369,0.011086696959042115
2370,0.01625194794216855
2371,0.012575856761455213
2372,0.008947432500156153
2373,0.002558329970139974
2374,0.005912356997512577
2375,0.012471497866860826
2376,0.014730630543236096
2377,0.020357439574450697
2378,0.005490986523980765
2379,0.010374220413565938
2380,0.017545640805771572
2381,0.023578879523640905
2382,0.01756082419012538
2383,0.0021248731307676396
2384,0.1627244357021563
2385,0.02980821838231101
2386,0.02965599591523455
2387,0.00921726237111629
2388,0.016057996669880358
2389,0.00887468106028926
2390,0.02517177907960596
2391,0.06747054449851131
2392,0.014640245746496158
2393,0.0027751652954108906
2394,0.003324541391790487
2395,0.014945493817076357
2396,0.015391449038657417
2397,0.004735196239147533
2398,0.01441411919296668
2399,0.0054413736369354464
2400,0.026467248027513917
2401,0.048358699880045444
2402,0.011548439469122361
2403,0.07222001781804603
2404,0.11584594135179606
2405,0.006993431617511111
2406,0.018716209930269977
2407,0.033757003971300374
2408,0.007602111280998191
2409,0.007594254073950038
2410,0.0038728490950320983
2411,0.2651244748652602
2412,0.046029490657715375
2413,0.0017976913024106598
2414,0.0033394961181829447
2415,0.012864110077777316
2416,0.003880440556981717
2417,0.012595086273610343
2418,0.009423510314220118
2419,0.00198562822161653
2420,0.011697251755173626
2421,0.010204912312649262
2422,0.30698971798996355
2423,0.002000423783863946
2424,0.023918489217990332
2425,0.007016390859518597
2426,0.011809985498157637
2427,0.02772340214703432
2428,0.008871863788299392
2429,0.04066872793245012
2430,0.002888908061621338
2431,0.01651274291818884
2432,0.015720291132276826
2433,0.010456781036698413
2434,0.034239590086286416
2435,0.002792154725019084
2436,0.004596622187794537
2437,0.04713958166884189
2438,0.06422178084699269
2439,0.013899317792374964
2440,0.0020520548098040808
2441,0.015680553484910074
2442,0.00906944994955585
2443,0.0465798138596167
2444,0.002133439433097826
2445,0.04282952885633439
2446,0.0026893321134181312
2447,0.04801806820121164
2448,0.02384792771652714
2449,0.012671488578299929
2450,0.0195068600641847
2451,0.006304308129113673
2452,0.006392431269905109
2453,0.009841738418144313
2454,0.052056746032850584
2455,0.3360434321056196
2456,0.0983392210750534
2457,0.011723260910768396
2458,0.16016241661309913
2459,0.01864180920749745
2460,0.1468690808580926
2461,0.015759680784724475
2462,0.014188763568912292
2463,0.00763315485593644
2464,0.014335904745650925
2465,0.004210305653069126
2466,0.007362339437626916
2467,0.004807410840842694
2468,0.006729541881836002
2469,0.00213475248774302
2470,0.10385577741071182
2471,0.016642770139898077
2472,0.008904831054691082
2473,0.004563860127782403
2474,0.026382836840959555
2475,0.006664959734518933
2476,0.11587397492493993
2477,0.0020963201164032135
2478,0.0059415361365943616
2479,0.012154698465507935
2480,0.03623134363467649
2481,0.030904079240706282
2482,0.007248182472074287
2483,0.008692678792689708
2484,0.014153310321252565
2485,0.011451962647996585
2486,0.004708898517539042
2487,0.004653258540870794
2488,0.043555612573380365
2489,0.09988106363282417
2490,0.008367637884344581
2491,0.007767129042416951
2492,0.03947152327769473
2493,0.00712919885080303
2494,0.008529157706039648
2495,0.041260150658864084
2496,0.009792131522257231
2497,0.006134483362520757
2498,0.004457048911740933
2499,0.014718709900429032
2500,0.0044012480098528685
2501,0.025977079373072212
2502,0.004880598662506259
2503,0.002439740668280209
2504,0.015741613647659355
2505,0.03169412283897962
2506,0.1324219865303704
2507,0.012524031006843449
2508,0.0032662909806988297
2509,0.006665254495521061
2510,0.003004852289929814
2511,0.00412888342929255
2512,0.004098607137599272
2513,0.04819439490468244
2514,0.013635679156707008
2515,0.0041243512454994455
2516,0.006251649943902315
2517,0.025683478299624942
2518,0.0705901289984175
2519,0.005367233146354886
2520,0.00778206751773775
2521,0.07816264887152545
2522,0.008574692947292299
2523,0.004040489231770184
2524,0.007446342787639084
2525,0.016281527712794893
2526,0.011734601545714466
2527,0.021113725347601777
2528,0.0033125287123881245
2529,0.003681457488327174
2530,0.002488489749546776
2531,0.003312348393997543
2532,0.020634216023515766
2533,0.01276125483144677
2534,0.011689360018999055
2535,0.0038505400542101146
2536,0.011128639325103207
2537,0.034236725584379506
2538,0.043437766276089994
2539,0.011092790128633394
2540,0.0219313010065591
2541,0.00666906328171063
2542,0.003734948907412337
2543,0.01784618319324829
2544,0.014993021746896462
2545,0.008596071421629062
2546,0.012055202903978312
2547,0.1346756765904528
2548,0.02589238129559245
2549,0.008149964110584667
2550,0.06387711134198489
2551,0.004712935909292028
2552,0.007472701815265578
2553,0.024927583856897795
2554,0.0029444114066926826
2555,0.021314184777583
2556,0.01933479818045789
2557,0.10710332757258294
2558,0.011599943115797148
2559,0.0053206801579664745
2560,0.06500745736086208
2561,0.009852005441684717
2562,0.006124977956941069
2563,0.004369460765653009
2564,0.0159382112177447
2565,0.19702099446102017
2566,0.009194804379230802
2567,0.01306309156346323
2568,0.10218174494616343
2569,0.032498509127234225
2570,0.007673608620570935
2571,0.007312945525002778
2572,0.007612204235126182
2573,0.012377385760160186
2574,0.015432317337650981
2575,0.01749406185775664
2576,0.006589084366385986
2577,0.003139139385167049
2578,0.0058257500370281785
2579,0.0031963091041357834
2580,0.012913214634206256
2581,0.27894798355786
2582,0.1001706846477027
2583,0.0019084448204718012
2584,0.0768339027996002
2585,0.003171946015320596
2586,0.059332041141087345
2587,0.061201117107632416
2588,0.01263832869605881
2589,0.0683531517325779
2590,0.005232181079249912
2591,0.03213868783809273
2592,0.01021558263093551
2593,0.010373706304055413
2594,0.025925373076441258
2595,0.013416271626479712
2596,0.02633409028618471
2597,0.009369334068751265
2598,0.01234256630666609
2599,0.014180162405744401
2600,0.006420485571259939
2601,0.10504093159200996
2602,0.018716083464831723
2603,0.011304360627690349
2604,0.015530785856332024
2605,0.0301791904306014
2606,0.011730838296028927
2607,0.010185141627534974
2608,0.02133741128829326
2609,0.008061043045560351
2610,0.10583113608343324
2611,0.039842421540907155
2612,0.011424504102967173
2613,0.05900522304516324
2614,0.002288480424244306
2615,0.010775740379349188
2616,0.08482345262733625
2617,0.007158429393569117
2618,0.003476863811608998
2619,0.007470590425621413
2620,0.090305107860874
2621,0.0031938241545463614
2622,0.009772680898127674
2623,0.003874292049162559
2624,0.006552243101948578
2625,0.015902999422367822
2626,0.22645452128809967
2627,0.0034826898911079363
2628,0.08674784711245537
2629,0.011110001433826932
2630,0.057196862693712526
2631,0.11528580637185933
2632,0.006283560711166935
2633,0.00937979037698468
2634,0.031902231518372015
2635,0.014197674625478012
2636,0.04981433432475284
2637,0.011481461045141028
2638,0.031799031614190246
2639,0.03742141823958213
2640,0.008813864479922351
2641,0.05315544120796436
2642,0.002464576865533247
2643,0.013291974148544142
2644,0.031020159833609933
2645,0.01818871416934265
2646,0.015146040707482301
2647,0.07500436919828778
2648,0.11891705524954269
2649,0.021992910623891596
2650,0.02283971579614977
2651,0.010470805913815853
2652,0.026453625046081338
2653,0.004125046629220915
2654,0.00816454071521354
2655,0.004453934338185938
2656,0.01645368396448812
2657,0.007414377022563069
2658,0.05253551051847832
2659,0.0063423035691973296
2660,0.01507526283482599
2661,0.009507384922038035
2662,0.005571301579835803
2663,0.0872680725311365
2664,0.03974048821874183
2665,0.0066464315846344185
2666,0.008007728935477314
2667,0.004034076609059236
2668,0.004346660163429917
2669,0.036052184925618076
2670,0.01273816096039796
2671,0.0161542070815875
2672,0.00754093203623914
2673,0.01502033033173876
2674,0.002672014873682702
2675,0.058258314734179605
2676,0.0025921995004790444
2677,0.06360436431605437
2678,0.07821278057563119
2679,0.006477557340461093
2680,0.004625210873783372
2681,0.0014908768585262487
2682,0.0016066468663889057
2683,0.08559334677245325
2684,0.004728984928350686
2685,0.009773800898750075
2686,0.007909006263410586
2687,0.005217614706073166
2688,0.010986805822567747
2689,0.015295344394793986
2690,0.013124823647863293
2691,0.028457848356606565
2692,0.02901873616997258
2693,0.004895051152308229
2694,0.015125296705461304
2695,0.006300912051198658
2696,0.004213671807661916
2697,0.002866888631759877
2698,0.010765194404444128
2699,0.26768087849523015
2700,0.08228923087296423
2701,0.01353345653085127
2702,0.008047548454771876
2703,0.004876564363044391
2704,0.012554107485767019
2705,0.06383941903169849
2706,0.006741301940632708
2707,0.004603484616249959
2708,0.0026837538329210374
2709,0.0036616376330118106
2710,0.008802212224184081
2711,0.2038272659224162
2712,0.00995950731326537
2713,0.004526128855321728
2714,0.0612635074221138
2715,0.005439446395328109
2716,0.15136681827650755
2717,0.02123463457682205
2718,0.14553481699564969
2719,0.00274978136179161
2720,0.03410470664634764
2721,0.010718290776550836
2722,0.11631310507084118
2723,0.002250342442610549
2724,0.011798314423355253
2725,0.003288144706805489
2726,0.0631171876817443
2727,0.04318941362941352
2728,0.00959486501551162
2729,0.07662945667679993
2730,0.020511630433085137
2731,0.006662633155170078
2732,0.00800959773678903
2733,0.05291717811737297
2734,0.00799475928811564
2735,0.03701254498844025
2736,0.01147184265851984
2737,0.024231826292210625
2738,0.004398296014065074
2739,0.013873966371216661
2740,0.00675382814648676
2741,0.009649515681810269
2742,0.005583405427002839
2743,0.04417486954231297
2744,0.06979528920472564
2745,0.028633131689881634
2746,0.04645512630086985
2747,0.006185365970389151
2748,0.01520028472470557
2749,0.012875869839844359
2750,0.003511846112490834
2751,0.00308748069840419
2752,0.0048216359459544635
2753,0.0034214123205415165
2754,0.05622486750255176
2755,0.005184978661801428
2756,0.07847850888008244
2757,0.004689152295462714
2758,0.03679491094389047
2759,0.00699506034476108
2760,0.028093234714177497
2761,0.00509559628206165
2762,0.006116923978072739
2763,0.015763840615881312
2764,0.004241100737036875
2765,0.010945148685623827
2766,0.002721147231075339
2767,0.008532082739560957
2768,0.03242405198795858
2769,0.0026029028595763158
2770,0.005640989816618489
2771,0.004784234003117217
2772,0.022395534331122756
2773,0.0025577377325777255
2774,0.024817342094450984
2775,0.009833848196741936
2776,0.020080080700852737
2777,0.14042058477828318
2778,0.015136910453373622
2779,0.08538873535033865
2780,0.007584400975527755
2781,0.05617458694110793
2782,0.017832529451358936
2783,0.014985460461262
2784,0.012761133357215055
2785,0.0021469149047128083
2786,0.049145968805591626
2787,0.004398386208746408
2788,0.00394857137086669
2789,0.007357926495517709
2790,0.007178744825673913
2791,0.01918253714611576
2792,0.030505161933053943
2793,0.007832015234749844
2794,0.00718021995273431
2795,0.03482077894392407
2796,0.034593365009353914
2797,0.013030392364961075
2798,0.007804100465457462
2799,0.021372709091946076
2800,0.04624443066573404
2801,0.03514910953212487
2802,0.009738583291268709
2803,0.1878181186926371
2804,0.13087760714201818
2805,0.006514013390025675
2806,0.12953017494187632
2807,0.0048286254125394995
2808,0.017129365991015767
2809,0.005321179305357463
2810,0.008684431551838555
2811,0.06602880482918042
2812,0.005636954321111235
2813,0.004462343196489883
2814,0.014640882120729408
2815,0.006757983282000834
2816,0.006789579072790419
2817,0.010456349993622494
2818,0.014753564506162059
2819,0.01370031763262008
2820,0.01563642787853035
2821,0.012233113219861699
2822,0.00433551389800523
2823,0.01109070303341999
2824,0.030176655784105857
2825,0.019070629065162506
2826,0.011359635597757019
2827,0.061860493401853935
2828,0.029931355912298705
2829,0.018352136801236398
2830,0.012261797765488677
2831,0.029574171876511863
2832,0.0066097449411410426
2833,0.018860863994716516
2834,0.0041818349529303776
2835,0.012209438535828463
2836,0.020190545403335237
2837,0.003864108202836662
2838,0.016625495713397786
2839,0.005044700631627123
2840,0.04803688098973683
2841,0.003872160968027697
2842,0.007619023915399126
2843,0.003515649328970408
2844,0.008859007998814152
2845,0.009516640952360702
2846,0.05656072666858788
2847,0.005111233942080413
2848,0.0016270210690172494
2849,0.00680914291263018
2850,0.024820290153964735
2851,0.016575364674246692
2852,0.0071544152421106995
2853,0.0063113790512628245
2854,0.051143752763560583
2855,0.0019163837870644007
2856,0.004947150730302275
2857,0.030429919015339743
2858,0.006140987246856605
2859,0.9999999999998307
2860,0.009409349487698433
2861,0.004222231679233147
2862,0.009726427221508918
2863,0.0854059082505579
2864,0.074082427484538
2865,0.005708132232914195
2866,0.006906253432746175
2867,0.004203996951822245
2868,0.09967932609167794
2869,0.016120178539155993
2870,0.028201819462157076
2871,0.007956427292818155
2872,0.004145165814731262
2873,0.019214519886445403
2874,0.0030154715912680003
2875,0.058536365001491016
2876,0.0060732774941238766
2877,0.003933993216225982
2878,0.012745769535619225
2879,0.01841738909100191
2880,0.008329237040950496
2881,0.006829123731352247
2882,0.061396589118808104
2883,0.010633723080881102
2884,0.07896442221948727
2885,0.005265707286367025
2886,0.019558671168869987
2887,0.04186819229661473
2888,0.012414855197073776
2889,0.08531419187510192
2890,0.027963459615924374
2891,0.00867735419149823
2892,0.028866650236614836
2893,0.10177340232943848
2894,0.18459837766140483
2895,0.08302364410950355
2896,0.0033586944859125656
2897,0.003160205031884949
2898,0.055098539797212916
2899,0.007649586492721125
2900,0.14616130824903817
2901,0.006734366574762777
2902,0.007553695897124804
2903,0.03753000841129151
2904,0.007657484267471094
2905,0.01472865559687674
2906,0.010864976435959038
2907,0.002684377493729821
2908,0.004473324925886267
2909,0.003341996082784325
2910,0.016623691602895695
2911,0.020690996819153325
2912,0.003271914653582301
2913,0.004272110243710901
2914,0.011479863787082833
2915,0.00778712453880443
2916,0.03721745177721824
2917,0.007667512159563714
2918,0.0029248582116877
2919,0.025771455467511972
2920,0.013619572139511425
2921,0.008907907841374135
2922,0.003100552535626006
2923,0.006161076687096756
2924,0.04531186155728449
2925,0.002930612891091684
2926,0.006047303488769665
2927,0.01260081974508002
2928,0.021441856016624936
2929,0.008441680220017156
2930,0.006974548289428917
2931,0.02683692764560091
2932,0.004591944309698244
2933,0.02988035105002415
2934,0.07448660336034725
2935,0.005663783257180291
2936,0.06341115118389022
2937,0.05807554861340957
2938,0.039051897742658055
2939,0.011939822191185985
2940,0.008931643910321299
2941,0.01308148783792455
2942,0.015087366129649896
2943,0.037660111571332956
2944,0.03882741015468422
2945,0.013802797951870935
2946,0.0042365430253920875
2947,0.017760438005812142
2948,0.019881006055113847
2949,0.011578103790568688
2950,0.007836606643834367
2951,0.010185522111018358
2952,0.026980028812023285
2953,0.002359888625201508
2954,0.004350339031270536
2955,0.00611357019292108
2956,0.07479699594009763
2957,0.016863240239839275
2958,0.01041336897555654
2959,0.02333526842210904
2960,0.003921444371907485
2961,0.0069335648539137805
2962,0.040750322469524314
2963,0.04100895073995398
2964,0.014990748908697196
2965,0.005205144159604498
2966,0.04932077271327411
2967,0.02174339809285649
2968,0.0031025449709326212
2969,0.010529092057216355
2970,0.025446791488512335
2971,0.008728387344763814
2972,0.015081616071879569
2973,0.014637690777217148
2974,0.000917312465554827
2975,0.006576697885160248
2976,0.041214841818050366
2977,0.03830419394824554
2978,0.016326366197096816
2979,0.029614257346606124
2980,0.003429050947839798
2981,0.003411289110913466
2982,0.14970813249883697
2983,0.04397737575943622
2984,0.006448659983398928
2985,0.12440116094392624
2986,0.02814311886360005
2987,0.013891290592657549
2988,0.003510237311109271
2989,0.038982500668129416
2990,0.016294142539237447
2991,0.015128839850408986
2992,0.034569942928897084
2993,0.00479589641047332
2994,0.0162227163394492
2995,0.018304023732932967
2996,0.029171631643805176
2997,0.0035962110150929497
2998,0.016266536814521892
2999,0.0054863640236309675
3000,0.12786521045339036
3001,0.003475375793525062
3002,0.014225390303982375
3003,0.004280647858169393
3004,0.04316880088856958
3005,0.1107198063571795
3006,0.3564132688036588
3007,0.0046164702005283475
3008,0.003678015869346104
3009,0.07457614222846436
3010,0.2578973408412177
3011,0.008102663019517172
3012,0.004450233496141595
3013,0.11101293399650308
3014,0.010520418548548715
3015,0.002047460623704046
3016,0.003515431661876119
3017,0.0065703949426667565
3018,0.015544388160033715
3019,0.006366574808889962
3020,0.00848689903134838
3021,0.005750541439979707
3022,0.04888004476667338
3023,0.008524372268299418
3024,0.007797855122402659
3025,0.04239359057910795
3026,0.030557733880428952
3027,0.014422801306285014
3028,0.022420948258820326
3029,0.004267730514185683
3030,0.02793492377236282
3031,0.08852753311219055
3032,0.022627644364302733
3033,0.023396789266828182
3034,0.01931810946326599
3035,0.0043075781542606046
3036,0.004667182151952158
3037,0.024564349130750653
3038,0.010097895578333215
3039,0.008902640343061562
3040,0.03651633448825533
3041,0.006934431131140541
3042,0.0728944425983947
3043,0.0031716793243088287
3044,0.0027824454543835596
3045,0.0054855343192370485
3046,0.044648384627966595
3047,0.00600182322586472
3048,0.010563037639512446
3049,0.005744591409287937
3050,0.07845054561501684
3051,0.009170205496428906
3052,0.004130761032857044
3053,0.02319682365671831
3054,0.032533367000474864
3055,0.007710925655452664
3056,0.01580445007336212
3057,0.033886976652031935
3058,0.003867394146584176
3059,0.008914850401440284
3060,0.025578519937699832
3061,0.006741676102345065
3062,0.0034546353903038124
3063,0.01678460088853036
3064,0.03272498902569332
3065,0.0027423579780864156
3066,0.07958696465183274
3067,0.02642473122763108
3068,0.00740467732918392
3069,0.004443410412864985
3070,0.028718131484552305
3071,0.005982501903208202
3072,0.08614401760546869
3073,0.055244317852399576
3074,0.009243061472825482
3075,0.028567859845593863
3076,0.09915857054960936
3077,0.00499988487511394
3078,0.006726041420017787
3079,0.007089555834835012
3080,0.01428282202880695
3081,0.010057769229490404
3082,0.002812408390510515
3083,0.014195744736517428
3084,0.1569387817851469
3085,0.005970076263124832
3086,0.030656520786278903
3087,0.011007103771919435
3088,0.011372327709700506
3089,0.007663432377431957
3090,0.018067564929129854
3091,0.0064514537437221926
3092,0.004101371184247499
3093,0.022669800822398417
3094,0.02796784521709439
3095,0.00535109502105916
3096,0.004398136011797267
3097,0.010125183768494351
3098,0.009669606037479619
3099,0.011039379781781988
3100,0.0602756150795591
3101,0.030210600695407968
3102,0.01009844696600783
3103,0.006037681591915207
3104,0.10266232395984835
3105,0.008424948168034426
3106,0.06215657885562188
3107,0.020120005365585066
3108,0.24277440763918154
3109,0.003800739426605237
3110,0.006763594689182029
3111,0.0122536573268967
3112,0.008737736725500682
3113,0.013646044624141894
3114,0.18107134076101586
3115,0.009584619186093137
3116,0.07137511448827605
3117,0.02393513616608778
3118,0.007463270877175878
3119,0.01915330077337632
3120,0.005576347719154279
3121,0.003605752501353662
3122,0.003867352925258236
3123,0.06980285132440808
3124,0.030917722294337577
3125,0.036751260669805684
3126,0.0035057469958814334
3127,0.0035539368427845736
3128,0.01596254993564304
3129,0.00362645440136282
3130,0.11237287246648055
3131,0.007477297400741802
3132,0.005330890500007268
3133,0.002645524826612151
3134,0.006093310128515977
3135,0.017101028297399668
3136,0.02099784028380347
3137,0.002179250342542809
3138,0.2774698120635264
3139,0.002827796877194451
3140,0.007458596280613706
3141,0.013728431773073738
3142,0.003356300471907471
3143,0.029397797874441484
3144,0.016186203116532988
3145,0.15417481440057976
3146,0.003920458049267247
3147,0.001954833991869617
3148,0.0034816127305769954
3149,0.039883405432280146
3150,0.0032142933230274676
3151,0.021054043871425874
3152,0.04875717028414425
3153,0.43928907690700664
3154,0.011484651625109085
3155,0.030925431147276094
3156,0.0036726784699230267
3157,0.007784321101970696
3158,0.005539928617437998
3159,0.037197274339548246
3160,0.003235220298367497
3161,0.013947601253641704
3162,0.0028331949073303357
3163,0.008780862771624608
3164,0.0024451175867815553
3165,0.11916337715769539
3166,0.011362448947721062
3167,0.10121369427177918
3168,0.008694399662187373
3169,0.0035516223650928214
3170,0.003167465895265176
3171,0.030696554096080603
3172,0.005148828186175043
3173,0.01767468605184484
3174,0.002754851445363741
3175,0.0045684416550650555
3176,0.00521027007765785
3177,0.0043551709357738284
3178,0.01159283955895401
3179,0.10746240781048348
3180,0.006731362797880128
3181,0.0076536920252197
3182,0.0347091725504325
3183,0.0037843139225687767
3184,0.159711735476651
3185,0.014182093999711154
3186,0.0032346282601242718
3187,0.016051843846253012
3188,0.0063333954331320705
3189,0.008399784485894778
3190,0.01783480356745629
3191,0.06191943549157473
3192,0.0580351122613261
3193,0.00551536381545871
3194,0.00307680552152403
3195,0.014483338790320528
3196,0.00940066021584804
3197,0.009959872784511577
3198,0.008593975617769317
3199,0.004035000839480385
3200,0.0023160026746223503
3201,0.006170545930958192
3202,0.006699142814021834
3203,0.003789265350462044
3204,0.018918505553375813
3205,0.047264468160524965
3206,0.008938292360750891
3207,0.008406408273934842
3208,0.0093797998177402
3209,0.007934082027375456
3210,0.008942366949254215
3211,0.005150497537938782
3212,0.0034285263614777296
3213,0.007614638597492571
3214,0.018329457191253836
3215,0.0046106997141524405
3216,0.003260789139743824
3217,0.011478138548969069
3218,0.11074653494976615
3219,0.061315580625653995
3220,0.010244998046808583
3221,0.043194802901720786
3222,0.004584398129515423
3223,0.0100322777908014
3224,0.08012152299827793
3225,0.0034198264923370773
3226,0.0026793220038884764
3227,0.013165641447461535
3228,0.028790862464243328
3229,0.013368488696183909
3230,0.31806430190381224
3231,0.009239868486307253
3232,0.02687573393249764
3233,0.006165067973025907
3234,0.025827139078961288
3235,0.011775718393050753
3236,0.005414720992570093
3237,0.0033187925481762215
3238,0.010688544985685399
3239,0.06868451481582752
3240,0.019951415528640208
3241,0.0033688933836359216
3242,0.12445536585620008
3243,0.010692344341751462
3244,0.007270578186038287
3245,0.004644476786718614
3246,0.11682578478432348
3247,0.029010806996942723
3248,0.13349907728350718
3249,0.3746763449412094
3250,0.006953988952075599
3251,0.007778273711226693
3252,0.005965096838025088
3253,0.04675011542832509
3254,0.015341754557705067
3255,0.009743412526262665
3256,0.008307362102631142
3257,0.007984351613922396
3258,0.009595512466826633
3259,0.00520226186536971
3260,0.01350022809387155
3261,0.029317657831741787
3262,0.016176177378712464
3263,0.13019555069717303
3264,0.08110056019344122
3265,0.08344393597561339
3266,0.02017173803801308
3267,0.004189979059586409
3268,0.013512387753623638
3269,0.01686119080013039
3270,0.036164436811732044
3271,0.008001180636278766
3272,0.0745827929571672
3273,0.003109454682996924
3274,0.1101776148164028
3275,0.002480914024033755
3276,0.0036675474735956355
3277,0.005236796012546772
3278,0.03612026251585532
3279,0.05747779640294485
3280,0.0019595074201166425
3281,0.01545884493392962
3282,0.018482913048523845
3283,0.03725029063495259
3284,0.035020365522300846
3285,0.022051983843856024
3286,0.026221202937701027
3287,0.007382311620106012
3288,0.0024018169511867645
3289,0.06374761309192872
3290,0.0062530578060689184
3291,0.38976905608136625
3292,0.011864258439770901
3293,0.05119699035356052
3294,0.005628434075046756
3295,0.02043454636553272
3296,0.002294356385741371
3297,0.002495455003024454
3298,0.010299306832889644
3299,0.002038589937476805
3300,0.028657216762934937
3301,0.004465951871886871
3302,0.006989101110393482
3303,0.008894936520823887
3304,0.02829351327347329
3305,0.002012212503437272
3306,0.013696188140459024
3307,0.068997843122471
3308,0.011250916471949843
3309,0.019555116946788333
3310,0.00717986119383249
3311,0.001617313588008118
3312,0.005194991359462195
3313,0.022990389665448422
3314,0.04389192844788547
3315,0.00895765647997746
3316,0.010553736756043037
3317,0.009513675165851191
3318,0.03298152637175528
3319,0.13516399709746105
3320,0.002679101311770545
3321,0.025990977704460825
3322,0.004897387292570263
3323,0.009813893479749763
3324,0.013571074745662954
3325,0.010319693648928797
3326,0.010238011607731084
3327,0.014925336030940782
3328,0.018882006145279278
3329,0.016051895968815105
3330,0.005477037479608955
3331,0.007740213786005439
3332,0.052132382338504396
3333,0.035736975821760386
3334,0.052374572218349215
3335,0.0062790811741527805
3336,0.007025566054165918
3337,0.015906827178226376
3338,0.013833436947152456
3339,0.014844699510452941
3340,0.10199853572829927
3341,0.012365940946348993
3342,0.002489734201185573
3343,0.006687308709750704
3344,0.008135573749060755
3345,0.06781875127816635
3346,0.011608162739131872
3347,0.05096873933442345
3348,0.009515396942719174
3349,0.014572324681585005
3350,0.001907908649819756
3351,0.001736270068583911
3352,0.012302751816772598
3353,0.008527648760150785
3354,0.010664859710266506
3355,0.01354585823862126
3356,0.011013499666927752
3357,0.023843527255505762
3358,0.01478933558387971
3359,0.02793238090431346
3360,0.034522845250554324
3361,0.014956100338440968
3362,0.039002240335575686
3363,0.06338862103866347
3364,0.005597656572852512
3365,0.008533086831085166
3366,0.002691451778524941
3367,0.030132743228907417
3368,0.007533917479376018
3369,0.012705442847194317
3370,0.10397672373659318
3371,0.019238482932321846
3372,0.05604139633075079
3373,0.0027079637850490035
3374,0.01981303757060461
3375,0.2669362566003751
3376,0.05992382206245047
3377,0.007967354476075241
3378,0.004105110468737028
3379,0.011498284346540467
3380,0.02343033894319216
3381,0.004564780095637832
3382,0.01466385729569495
3383,0.19510582603256665
3384,0.009926209160562926
3385,0.06395606826545834
3386,0.005148809873827335
3387,0.01754246789751714
3388,0.01106283682288943
3389,0.12922348226280114
3390,0.004248414741849444
3391,0.024260533590561063
3392,0.0031278347195900953
3393,0.0036257635072094977
3394,0.007876002371263785
3395,0.1250577121827792
3396,0.0066021731728156865
3397,0.0011153998559056922
3398,0.006293199928884705
3399,0.0035891891735670683
3400,0.02184408300035781
3401,0.01932554607730963
3402,0.07665027946733459
3403,0.008434260469173598
3404,0.003109204535250154
3405,0.009547690712456532
3406,0.16376846495329833
3407,0.008493585045413848
3408,0.008960324812022092
3409,0.08153601844489224
3410,0.006614893666452873
3411,0.005271123549729168
3412,0.021186292309736173
3413,0.015452063798019468
3414,0.00923287763317529
3415,0.003228407107766144
3416,0.002896877119539177
3417,0.0027501150819286666
3418,0.0014147464246269431
3419,0.03516927127722426
3420,0.007608979775631658
3421,0.00885725230064759
3422,0.002115669421547849
3423,0.0164846082102031
3424,0.006210831666523313
3425,0.018650129818574446
3426,0.006463711248138588
3427,0.004311223611732989
3428,0.014755762837675709
3429,0.010915826699230548
3430,0.00983941425969716
3431,0.07669532504025409
3432,0.010100328018073606
3433,0.008620081966607065
3434,0.019600219795331466
3435,0.010357854348330421
3436,0.05476011087969601
3437,0.013524158539892134
3438,0.10725118054266795
3439,0.0836057223825162
3440,0.032998653146431654
3441,0.04193611140444248
3442,0.009810506601597636
3443,0.007398124170082529
3444,0.0052533778763118304
3445,0.00406837887615686
3446,0.07723543255970837
3447,0.010928685138530844
3448,0.10867391573501121
3449,0.003744299128733231
3450,0.013807382316570764
3451,0.005540954276533628
3452,0.014669421347657176
3453,0.007305730156891047
3454,0.014684219873528484
3455,0.003844239167895738
3456,0.0748869336485052
3457,0.026143298824093567
3458,0.010473126126037648
3459,0.027098023379496492
3460,0.007240399132454042
3461,0.006462069053605116
3462,0.0510166709406809
3463,0.028234394478699378
3464,0.30658646340313406
3465,0.014187886769050844
3466,0.11577281166403464
3467,0.04419846458339919
3468,0.006315130998806029
3469,0.0793444318826819
3470,0.002629283477406982
3471,0.006962171261357226
3472,0.0033908974918741646
3473,0.004645060396936805
3474,0.02297686486256211
3475,0.0024530364129447097
3476,0.009137724297628491
3477,0.12129104235554018
3478,0.08211490346552075
3479,0.00275036308960064
3480,0.01223880531520375
3481,0.016541286197165325
3482,0.008649182498972542
3483,0.08558306437343212
3484,0.008185610231902875
3485,0.05450304443645269
3486,0.09111862409305628
3487,0.05766539463168843
3488,0.014372669572244355
3489,0.007805013979196593
3490,0.033054050854186674
3491,0.016248959635596468
3492,0.00894773305463465
3493,0.09974513606913635
3494,0.008846072556128256
3495,0.014002654661062482
3496,0.014269067879545254
3497,0.0023617106036631836
3498,0.004397763862692857
3499,0.009118645392586368
3500,0.06852071944198523
3501,0.0020942748420975164
3502,0.008491771332007297
3503,0.01790008962048004
3504,0.03175336328281845
3505,0.004041402295561309
3506,0.2803088549006698
3507,0.04161120499399409
3508,0.11382518352805102
3509,0.043208338212310224
3510,0.0066355318261778155
3511,0.11499810735620009
3512,0.01836373314009797
3513,0.009498460286504992
3514,0.005541036913809146
3515,0.009847916271078862
3516,0.003190113822054086
3517,0.007043732541618887
3518,0.0049545743426004
3519,0.006696420851923688
3520,0.027493505527076325
3521,0.007177356635224841
3522,0.008704949422947337
3523,0.004938277885984864
3524,0.00446271817854371
3525,0.010853600256631159
3526,0.08554091113618897
3527,0.015179412671569472
3528,0.008224463052032175
3529,0.08994645035859573
3530,0.007047526051899739
3531,0.00955121090611102
3532,0.0072898794972229225
3533,0.008511610356456843
3534,0.01132387526859438
3535,0.017977294431817788
3536,0.004766519854623399
3537,0.020237838493885902
3538,0.004217680549570601
3539,0.042291453231945386
3540,0.005808444800027311
3541,0.0019911452110904317
3542,0.0035685685382181105
3543,0.007889997875242446
3544,0.017871230650324928
3545,0.0057507539201975
3546,0.02415326509791238
3547,0.06051738004667257
3548,0.013453414598498463
3549,0.014978780002343662
3550,0.005188037519643312
3551,0.00791172945830405
3552,0.007614524260103473
3553,0.10779110619919817
3554,0.06551649973588308
3555,0.03021395958111321
3556,0.035674094436701484
3557,0.02347049255540094
3558,0.013207215512582741
3559,0.01496741276797224
3560,0.002226706063130502
3561,0.0025827874390210205
3562,0.0034396812500181915
3563,0.08250547695098931
3564,0.003717585302021891
3565,0.01959370671963614
3566,0.005600441598392111
3567,0.019096887347876554
3568,0.11870556005600216
3569,0.003140923281319482
3570,0.006700767229842285
3571,0.0020982371076308983
3572,0.004338662920238302
3573,0.13758393523686505
3574,0.026243118177691815
3575,0.006670852302978691
3576,0.0035819480867483656
3577,0.002436954898753041
3578,0.005731209780030248
3579,0.032220591735569216
3580,0.016568206568245734
3581,0.003158555882982136
3582,0.010550201970889626
3583,0.030070554601664187
3584,0.009389842896975344
3585,0.0478272185095458
3586,0.007197954960928852
3587,0.0039053444464082813
3588,0.0022306952081433884
3589,0.006713713128098144
3590,0.02052882890849874
3591,0.04260556655495255
3592,0.006543012000290671
3593,0.020419554193276054
3594,0.11525898312248842
3595,0.05458786475685769
3596,0.01897066550947345
3597,0.0012666712794734847
3598,0.05667989518550386
3599,0.003678501718741402
3600,0.006674585267877228
3601,0.04683874556797232
3602,0.0034072095740920877
3603,0.014899389692926047
3604,0.013239734580354576
3605,0.016860757323020264
3606,0.020314852509271446
3607,0.011323894754453123
3608,0.0016525793882155764
3609,0.005149670325968437
3610,0.0018034883963439826
3611,0.002034610738043263
3612,0.009341766592312646
3613,0.03635100630899689
3614,0.2300698938451863
3615,0.0022937452665737126
3616,0.012041018332328695
3617,0.00785354718807998
3618,0.012588403726513826
3619,0.06975667440185486
3620,0.005887834063278432
3621,0.010218019790844262
3622,0.0040888410300814765
3623,0.003820785502250086
3624,0.025750471724402264
3625,0.020936455259116485
3626,0.07268108146642487
3627,0.0022196210596141315
3628,0.011205367142140567
3629,0.01002780445118963
3630,0.04687054872491837
3631,0.026187175779454702
3632,0.007217884836011843
3633,0.006987732068515823
3634,0.009904325537091323
3635,0.009295338042046053
3636,0.12755505688126786
3637,0.006812081450712415
3638,0.02924306179192614
3639,0.09405005285168819
3640,0.037578630335205455
3641,0.003420651573972354
3642,0.004910109105471552
3643,0.021586195712957713
3644,0.011503478966508112
3645,0.0078632002208682
3646,0.07128833272029639
3647,0.0033112208451412184
3648,0.4832533238587994
3649,0.006304336437505637
3650,0.004139825221923967
3651,0.007245443870744106
3652,0.0037125855988910652
3653,0.003114570614818575
3654,0.009111598313393476
3655,0.014171626341181137
3656,0.007908637673792997
3657,0.0038359223023555636
3658,0.0021145457786427412
3659,0.007917619798743792
3660,0.0027964481878530074
3661,0.06626570534519008
3662,0.023704941186867043
3663,0.04993149250289692
3664,0.041146604549870895
3665,0.0101220623049678
3666,0.0032535343636274977
3667,0.00492916069852056
3668,0.006697922909934677
3669,0.013747772511763325
3670,0.014400262183938474
3671,0.03279749233507219
3672,0.011074898822907733
3673,0.005872980525360868
3674,0.008382391331558756
3675,0.01596164543502192
3676,0.004918359188925059
3677,0.030812765028434327
3678,0.006036442815862367
3679,0.010864304659387664
3680,0.003235679958803741
3681,0.021523639010489107
3682,0.0023919931982736807
3683,0.004356798984102721
3684,0.004230489129553824
3685,0.01753813845638882
3686,0.027077211332540606
3687,0.005189255535828707
3688,0.011472083138311771
3689,0.031669840121481045
3690,0.0029096262362669203
3691,0.10277528242116701
3692,0.007904139015495873
3693,0.006817131042065687
3694,0.2496367009499075
3695,0.021960125746658597
3696,0.034716665829034855
3697,0.0066206587767654885
3698,0.01031317215389006
3699,0.007783802853724559
3700,0.008230238739842854
3701,0.0021369551218362753
3702,0.007894682555056504
3703,0.006064232081153666
3704,0.027467601312625718
3705,0.12188643180421878
3706,0.008307134666124049
3707,0.010967659732288065
3708,0.009787880689922566
3709,0.005575974941107443
3710,0.00978714144944856
3711,0.012442780795616793
3712,0.009130346380554438
3713,0.0067169507796088195
3714,0.00726106685604696
3715,0.0033688744830829265
3716,0.03978103397298239
3717,0.014581850326614184
3718,0.002344537812733698
3719,0.003060493042470295
3720,0.0038531306516549524
3721,0.006914803386852089
3722,0.007284200339948095
3723,0.01492809604320027
3724,0.012770546260321912
3725,0.01238963459535215
3726,0.025626736487748727
3727,0.015028677704192072
3728,0.022361765865569035
3729,0.017464814729899632
3730,0.00826065662797918
3731,0.011258393626233367
3732,0.008087533787704052
3733,0.006649388112378517
3734,0.006116145932620103
3735,0.002470589374709222
3736,0.01437558903967956
3737,0.025167899943327337
3738,0.009976782004519222
3739,0.02869196752965123
3740,0.003857175683039158
3741,0.012601320131049568
3742,0.006423833414498354
3743,0.016428548957469657
3744,0.0063601636515642984
3745,0.09806862579077165
3746,0.030125293535098262
3747,0.02484279696156381
3748,0.012691179020368376
3749,0.0031060455245140567
3750,0.005005898567193588
3751,0.0036872342205399207
3752,0.006262391949664587
3753,0.019647983178695653
3754,0.008213069598549047
3755,0.07622117228341081
3756,0.005959539126145346
3757,0.003620496840503591
3758,0.0036424453453131867
3759,0.0023450321313498623
3760,0.007415344531305059
3761,0.014268982976349277
3762,0.314887630691386
3763,0.026489548148086947
3764,0.01566096514753573
3765,0.003051079405293526
3766,0.003960752299634493
3767,0.00843882815784367
3768,0.00801935467722246
3769,0.003357668106348226
3770,0.01492186984704516
3771,0.0018870339087685168
3772,0.012995725534165163
3773,0.14117172859759744
3774,0.0028443682106064215
3775,0.0547940553446673
3776,0.0032787389650579964
3777,0.04156916572527569
3778,0.004476927631378994
3779,0.005153554370333807
3780,0.13796971057966925
3781,0.0068022361597265026
3782,0.03787352684054805
3783,0.0022180356336594484
3784,0.1623411167831766
3785,0.013258390382964273
3786,0.002099873697344316
3787,0.0023884924464151803
3788,0.18767815390409762
3789,0.005470182761696491
3790,0.004824248236802503
3791,0.005605590992409723
3792,0.008945077220591142
3793,0.008501358808394364
3794,0.1884224034215158
3795,0.013635548695725088
3796,0.005659532281869384
3797,0.003268497493234977
3798,0.06663539246891949
3799,0.0042924670110443645
3800,0.030629575742549264
3801,0.029945992377262698
3802,0.011368084552802213
3803,0.0030606395589477505
3804,0.007394845728022823
3805,0.012453462268822914
3806,0.00869823676749476
3807,0.008751152661871884
3808,0.005632706971746693
3809,0.007910890345802312
3810,0.0230189555561603
3811,0.05488301379157239
3812,0.005218003615716034
3813,0.0180971965825582
3814,0.08408559339969605
3815,0.03761965647134642
3816,0.018912600204815548
3817,0.022124046151092383
3818,0.030153509280548836
3819,0.14342147512650236
3820,0.009304728611397351
3821,0.0666526280846544
3822,0.00460432466837497
3823,0.03159856948807788
3824,0.08192937964592378
3825,0.00592248202463435
3826,0.005647672171952942
3827,0.036613179198319565
3828,0.01707200115137218
3829,0.05744294860102207
3830,0.002847972372541164
3831,0.006791868612329328
3832,0.06244808092975457
3833,0.0026234899575473844
3834,0.019387437363401493
3835,0.031364138720359314
3836,0.03374854169959416
3837,0.0034068274911712416
3838,0.002070979055885913
3839,0.0292428712798327
3840,0.015743456541443678
3841,0.009352547101758975
3842,0.007891605087557544
3843,0.0735548590375445
3844,0.07431283195878839
3845,0.005797514024597292
3846,0.00906877689937641
3847,0.012392756217346333
3848,0.012213217819531703
3849,0.03549102224524962
3850,0.003872734817315223
3851,0.009057629045258394
3852,0.1337343894106515
3853,0.0024632164529432505
3854,0.016389350010774066
3855,0.03539518099715807
3856,0.012140692436663218
3857,0.026407211396880532
3858,0.012507374568522576
3859,0.008940908181869826
3860,0.051616845083074875
3861,0.010706344830050141
3862,0.0512081266264839
3863,0.009174279569643767
3864,0.010131450620266285
3865,0.00334962652553398
3866,0.005120687316346945
3867,0.008765027756930142
3868,0.020019114303156078
3869,0.0072520916490564705
3870,0.16211273420216654
3871,0.0028145081383784236
3872,0.03658235309125297
3873,0.03981722810920439
3874,0.00798428011785236
3875,0.00633255681583729
3876,0.015030758439445376
3877,0.012220468029343914
3878,0.00845822931739536
3879,0.014061360273860303
3880,0.07473986935353122
3881,0.013817675469433261
3882,0.007974506197559243
3883,0.007605983780855125
3884,0.030137232890504136
3885,0.0028307202776095106
3886,0.09217730661123974
3887,0.02332807942769665
3888,0.006474292330986812
3889,0.04316128376809337
3890,0.008353192212002163
3891,0.00264651611468819
3892,0.027634410622048914
3893,0.005032995808667566
3894,0.0025323443386848737
3895,0.004894700916007824
3896,0.00406908881310642
3897,0.003557037756325708
3898,0.013793225810667603
3899,0.011255575132745955
3900,0.011339247755755753
3901,0.039791287413351896
3902,0.030063374789568692
3903,0.009216307347108004
3904,0.055611454696707203
3905,0.006503625047552684
3906,0.02066199455596792
3907,0.04719186613197952
3908,0.04126976814495636
3909,0.02462863492097046
3910,0.005299012726768665
3911,0.0091676931473647
3912,0.007431357779888727
3913,0.08988590654479445
3914,0.006233053365015238
3915,0.02278155521198615
3916,0.0029860966853027904
3917,0.023523638466881155
3918,0.00815283363697708
3919,0.007695401753827611
3920,0.0035522326422211155
3921,0.07696197171096693
3922,0.09787666211326844
3923,0.005814933040870994
3924,0.025776795133138932
3925,0.01421944632546666
3926,0.10767807715724793
3927,0.02508637964044047
3928,0.0036315893592399895
3929,0.011290685900219548
3930,0.0211561627480562
3931,0.0025861627815870524
3932,0.011387782264652997
3933,0.02945175768627389
3934,0.03290102415638959
3935,0.009225570336711935
3936,0.0523688191778658
3937,0.00418968039448715
3938,0.03319662206867184
3939,0.020194545002924367
3940,0.12507669487632347
3941,0.008491027975882916
3942,0.009281649264040896
3943,0.028197804550027798
3944,0.011303020638147544
3945,0.010514610941951812
3946,0.0023533051731479578
3947,0.0033691831221003203
3948,0.027617882208300786
3949,0.03539846119296837
3950,0.0025467244655968265
3951,0.0020693587185996705
3952,0.09090905055268977
3953,0.01924745249916546
3954,0.014456661478611374
3955,0.019860550950796498
3956,0.006735161761604357
3957,0.003212512020108444
3958,0.016413335532159467
3959,0.01334765158568628
3960,0.014783452054550969
3961,0.004946101711752938
3962,0.032477654849095115
3963,0.053869272243992836
3964,0.002894558103142512
3965,0.013807334063557181
3966,0.006911870342954012
3967,0.03266438462348464
3968,0.008293886864541484
3969,0.02968557260417761
3970,0.010653038479629735
3971,0.09491147157066365
3972,0.03480272593062054
3973,0.007556714368171929
3974,0.020607332550838593
3975,0.004473349192494925
3976,0.005558220112903156
3977,0.05056624136837013
3978,0.01203167539323974
3979,0.005045514947147564
3980,0.03072651645664632
3981,0.06693485061935325
3982,0.0040413411254182656
3983,0.11078309390425622
3984,0.002610989678752045
3985,0.003913080332480119
3986,0.002710145198867519
3987,0.040926981508180145
3988,0.0073445747449281526
3989,0.00636775411867053
3990,0.26852652396796184
3991,0.006713979193453458
3992,0.010519554021927849
3993,0.02831067912532082
3994,0.1272419318395516
3995,0.01129428390670065
3996,0.02706044771521836
3997,0.002979613718160028
3998,0.010048259360285482
3999,0.003574827740468717
4000,0.029796054775964496
4001,0.007880704439858709
4002,0.0037406674385411006
4003,0.05743424468077063
4004,0.019831190213982327
4005,0.010161070176564143
4006,0.009326826610249797
4007,0.1875958706327899
4008,0.07859487718462815
4009,0.012676364507709759
4010,0.019024808143633273
4011,0.008382576395809981
4012,0.08845994940796999
4013,0.06165688427854563
4014,0.0036488745792033653
4015,0.001670530976314939
4016,0.0320430093193566
4017,0.041722574077382356
4018,0.0829428872216762
4019,0.07216545016589604
4020,0.006719215073841658
4021,0.002809971900848361
4022,0.04102805312185315
4023,0.07025096979817351
4024,0.010321344134970836
4025,0.0029995334433431044
4026,0.07780833433787036
4027,0.008248802138427902
4028,0.02921719000761012
4029,0.009223062854615351
4030,0.002579109864251839
4031,0.002643388373747134
4032,0.051873686331306644
4033,0.0338312235140284
4034,0.07285747254775346
4035,0.018644385673064114
4036,0.011351967604177594
4037,0.007381574517624875
4038,0.01507591727692416
4039,0.006361127029853511
4040,0.006238448690013525
4041,0.09031230596510977
4042,0.003075570605655402
4043,0.0030053194004905277
4044,0.009523341548139708
4045,0.015600293884159526
4046,0.0046861473674504935
4047,0.011982801486372189
4048,0.039618666616344334
4049,0.008778538136047112
4050,0.05318378191050498
4051,0.02419634188432242
4052,0.0033103664765199202
4053,0.01613692560983364
4054,0.004401509090499976
4055,0.007998297268360665
4056,0.07657914766714831
4057,0.0030083004647328067
4058,0.02108647395202241
4059,0.0038262676506796408
4060,0.008871408477172863
4061,0.04854819545092716
4062,0.00434618391286038
4063,0.19933325234372107
4064,0.035911989671998545
4065,0.004559726678101513
4066,0.0243480051984468
4067,0.014703681454562403
4068,0.012658461189845677
4069,0.012752072844450289
4070,0.13052070345575914
4071,0.048184545910606835
4072,0.031090714776579854
4073,0.010711535655842108
4074,0.003363488802009457
4075,0.010846099423777865
4076,0.002417615181190437
4077,0.006031777170347153
4078,0.002083131188180483
4079,0.05218230190090391
4080,0.007343776071904788
4081,0.0149000300942306
4082,0.011888304247172493
4083,0.025056623406459904
4084,0.009680917511700462
4085,0.051870674912159596
4086,0.03152336337863417
4087,0.04536033079768431
4088,0.03270500253786542
4089,0.10755559764249413
4090,0.0036110279125647995
4091,0.011811768740026903
4092,0.006686044443896854
4093,0.009514688582905929
4094,0.05219008319449405
4095,0.007812171112381043
4096,0.007027018954486284
4097,0.1466780321308111
4098,0.08884600357426821
4099,0.006584266128004534
4100,0.00812551437759301
4101,0.01889158269156237
4102,0.014122853943633244
4103,0.00408579006402469
4104,0.020825833456825628
4105,0.052751154550657216
4106,0.024409611596221778
4107,0.010538862932871892
4108,0.007835741716986856
4109,0.03214009309201744
4110,0.0027029738825040638
4111,0.005772014250548258
4112,0.015531969233263231
4113,0.016296604020885543
4114,0.009939791878610445
4115,0.07863595151102368
4116,0.0587084938538854
4117,0.009282394706893238
4118,0.009849929171597578
4119,0.00409272055090022
4120,0.005777344284544715
4121,0.014422888103191814
4122,0.009333250866633497
4123,0.08913484576436681
4124,0.005834740971708384
4125,0.03964089421515282
4126,0.04789909903928352
4127,0.03816611994300711
4128,0.008270249058003555
4129,0.06610452670781723
4130,0.01672613814750508
4131,0.011159414121947762
4132,0.014777313349651254
4133,0.005776536411730321
4134,0.09836296673936154
4135,0.018467988990229882
4136,0.0030822480088851106
4137,0.008537799862941972
4138,0.007125270069512582
4139,0.00999862923113204
4140,0.007132116303215253
4141,0.0032404909695772405
4142,0.0024771812901419063
4143,0.036231777503082
4144,0.019788810196336683
4145,0.00376865672021913
4146,0.015581203751153256
4147,0.021936564721496136
4148,0.016476886698594463
4149,0.05741264546038904
4150,0.005484594130427378
4151,0.01740081661879985
4152,0.006761141324741252
4153,0.045384517901827785
4154,0.008044184573804894
4155,0.01251428282018211
4156,0.0130973498012718
4157,0.027362275096226095
4158,0.06351613851991326
4159,0.009527035726363814
4160,0.014773894184455565
4161,0.010788817340964714
4162,0.09868988443049384
4163,0.012166026244374696
4164,0.008849135111623526
4165,0.0030281028894757933
4166,0.1524980517613989
4167,0.005787193911789646
4168,0.045303544341390195
4169,0.04942132028814699
4170,0.006297740133053773
4171,0.01895586570598015
4172,0.012217208548131473
4173,0.01069280479893498
4174,0.004317320101052402
4175,0.05978024720122259
4176,0.0057560089622598065
4177,0.0276729233133406
4178,0.014809607679161792
4179,0.005223936706728063
4180,0.028714385419560336
4181,0.10228832142822814
4182,0.009342858788529747
4183,0.014509885803046818
4184,0.0119443523095703
4185,0.0005381900937394318
4186,0.04613414368820664
4187,0.003487229643373037
4188,0.012743432619771273
4189,0.012752457567258632
4190,0.010969608263161982
4191,0.008795632936661605
4192,0.051869835081825584
4193,0.009553269004776882
4194,0.007900942925407786
4195,0.005538943764075991
4196,0.0704051041860023
4197,0.006230485211474442
4198,0.010907438955913206
4199,0.007958360091129383
4200,0.012603688847548521
4201,0.05201359730129616
4202,0.008220887563826695
4203,0.036157408249535505
4204,0.0053502298060001076
4205,0.020393228879223565
4206,0.005240781042878941
4207,0.002867969133061325
4208,0.28159876022384633
4209,0.007107191790081527
4210,0.003319557342324942
4211,0.002545982749093569
4212,0.04111667046460887
4213,0.024494156992227057
4214,0.003761807321842869
4215,0.017203285461185262
4216,0.01630537050286442
4217,0.01753842337832158
4218,0.05162346258483715
4219,0.09319272027545893
4220,0.030731197996987154
4221,0.0077736980126179205
4222,0.10993956146546041
4223,0.00484161732054986
4224,0.06984835265590783
4225,0.003423450727026377
4226,0.14768180868114616
4227,0.010651226794094986
4228,0.03308842390344437
4229,0.02210640233909315
4230,0.021223402572701423
4231,0.0024288692211322507
4232,0.012538473819994745
4233,0.014275366116232384
4234,0.014057461743272855
4235,0.010245027970959423
4236,0.029375751868006866
4237,0.005875921130083246
4238,0.009837429655278942
4239,0.03703791965277961
4240,0.10204847203050706
4241,0.08903911609977767
4242,0.0022012904670254494
4243,0.003574700638092665
4244,0.055793914681792525
4245,0.01620833035585732
4246,0.00957961789758329
4247,0.017898802171948166
4248,0.11622690342514153
4249,0.0673172685696851
4250,0.23452968436649196
4251,0.0035895574800259514
4252,0.0862789660403403
4253,0.008389584645371314
4254,0.00872277147036218
4255,0.10340625178322373
4256,0.0079577338370916
4257,0.010641063444956324
4258,0.0560422440673138
4259,0.004042124078922904
4260,0.0049202405156659615
4261,0.0034364445452508656
4262,0.005428307117236245
4263,0.015560626084610379
4264,0.044543042711648564
4265,0.018308251579691466
4266,0.2030796197069384
4267,0.015137751203487315
4268,0.00791218298740401
4269,0.005929929594339936
4270,0.012087449501235867
4271,0.003035529692245825
4272,0.04136418574746007
4273,0.006821810609026368
4274,0.04069621680766298
4275,0.015087764212872879
4276,0.006329137500111683
4277,0.054864689176351206
4278,0.006642943995546633
4279,0.02233158431388641
4280,0.21068215318532268
4281,0.08969351289778517
4282,0.006522325218358367
4283,0.07418969618196129
4284,0.17506631123245892
4285,0.02522574273878338
4286,0.01877397677315881
4287,0.03068138980704889
4288,0.00318948140989431
4289,0.005409932592321937
4290,0.014030611580996678
4291,0.006764981597975504
4292,0.0028502277072942786
4293,0.007497130579025218
4294,0.006484482592773831
4295,0.007153017920185699
4296,0.008022465525710683
4297,0.02653093073077407
4298,0.006726982045697403
4299,0.016705351766664673
4300,0.008560505957677905
4301,0.0038907101835842614
4302,0.004143687872874448
4303,0.021167113656761785
4304,0.1056718882951345
4305,0.01815494552678878
4306,0.0027669891297484326
4307,0.005211541088960101
4308,0.20888813088166208
4309,0.0072461964425353746
4310,0.004486724345174322
4311,0.014275210204315634
4312,0.11395643506753367
4313,0.011039448948561455
4314,0.016914744371333026
4315,0.07531731021027988
4316,0.003545742053387327
4317,0.2099639706500524
4318,0.004260094398120524
4319,0.009136590696118763
4320,0.02576298273393051
4321,0.012225173355929667
4322,0.029626104004185014
4323,0.0030516023494238055
4324,0.0113453226223863
4325,0.010484218580221628
4326,0.018826737869798382
4327,0.01816693764778432
4328,0.01053260688667574
4329,0.0020396976434028263
4330,0.01787145008690833
4331,0.007068015716709451
4332,0.031995373494436485
4333,0.00517480754798612
4334,0.005630690790075661
4335,0.03463083591915947
4336,0.011074808687796004
4337,0.0051894907846225065
4338,0.014036743940961424
4339,0.005414409362146142
4340,0.0596269187851347
4341,0.004490182208656145
4342,0.08030668954699297
4343,0.003063819303098673
4344,0.021454813968861706
4345,0.06609311685662
4346,0.023875873162479726
4347,0.00882850924978539
4348,0.07264292186626856
4349,0.008195132738127487
4350,0.015278714781969942
4351,0.03236992829310111
4352,0.016996408236629106
4353,0.004933876530130545
4354,0.004239634565886389
4355,0.011439306240481617
4356,0.0052392909989901655
4357,0.004267022881549302
4358,0.06573975154198082
4359,0.0097168969937943
4360,0.0049460086716808915
4361,0.13950605778534172
4362,0.014333624452288016
4363,0.0183853436019554
4364,0.010817158808704451
4365,0.01225529991650583
4366,0.0026810393254700802
4367,0.005614396815378998
4368,0.002523535259968192
4369,0.06927534043185353
4370,0.20071475679905243
4371,0.0069880661438066
4372,0.021002148972095035
4373,0.006231662758898734
4374,0.03458142120487664
4375,0.027738695527860773
4376,0.0448036180951917
4377,0.0022733208714150505
4378,0.01522839551209796
4379,0.01780850913930863
4380,0.02391239481081329
4381,0.005749495429755981
4382,0.035490022091119525
4383,0.007896477172540774
4384,0.009619246468470403
4385,0.041481239723812034
4386,0.0069445271719588255
4387,0.027938781196651115
4388,0.009401895558511973
4389,0.02134700915242494
4390,0.06953209865254058
4391,0.02551047638629617
4392,0.01190214907400234
4393,0.032701368190208906
4394,0.014944788024473342
4395,0.00815854336389685
4396,0.15352118770681664
4397,0.011849659841464907
4398,0.006394157480182376
4399,0.04813559622111084
4400,0.04402817462965152
4401,0.03835695580113796
4402,0.01393588147179136
4403,0.003985417672946975
4404,0.012658574162059124
4405,0.001351747551506372
4406,0.15820456147657816
4407,0.009145166933343718
4408,0.07524931017986
4409,0.011929323410463712
4410,0.004304115037603476
4411,0.0057235465407638195
4412,0.0062817589677827135
4413,0.010465230025633205
4414,0.026253668755579634
4415,0.04006901842760559
4416,0.05618268946264036
4417,0.011777180764112155
4418,0.005664584236694866
4419,0.055736705338631336
4420,0.009970896862597228
4421,0.024142583025470926
4422,0.010254782254974205
4423,0.01167855482938106
4424,0.003152450566242785
4425,0.007944296110443588
4426,0.006114410792357408
4427,0.07769823774995242
4428,0.08872809138038759
4429,0.009212826514374493
4430,0.003831555094416374
4431,0.014437138271479171
4432,0.2633330044790044
4433,0.10486160190547451
4434,0.026502314609762663
4435,0.0022477148834958998
4436,0.0013036401165392173
4437,0.00609555331648995
4438,0.019938813339458274
4439,0.27392251080282154
4440,0.04381286505907963
4441,0.003309220862531324
4442,0.10062174209841114
4443,0.004632345779525863
4444,0.002511897407484324
4445,0.008385570167702187
4446,0.04956361671732459
4447,0.005827077332998896
4448,0.004188805524283835
4449,0.005209505821179068
4450,0.038542978024345635
4451,0.0022637357956432707
4452,0.012138941723412377
4453,0.003649331697263029
4454,0.004628261508302543
4455,0.003646428898004527
4456,0.01503848836342441
4457,0.017362142404340152
4458,0.01452608364086295
4459,0.04660205822070485
4460,0.008426809560130788
4461,0.011863291208054136
4462,0.20383970935257878
4463,0.014790116301438158
4464,0.006629602093991497
4465,0.08535677033174408
4466,0.0035498387359600234
4467,0.043664637106373236
4468,0.0029671886544442917
4469,0.005178907754583937
4470,0.12979894581761234
4471,0.014735630099505733
4472,0.0016643341998335034
4473,0.01016386838942959
4474,0.11546411909310704
4475,0.12884690033227383
4476,0.06349886564191747
4477,0.0013014006283602662
4478,0.06175780648598968
4479,0.012314857510176878
4480,0.03557629224966046
4481,0.020249892144117612
4482,0.005994873154140946
4483,0.008961069047472358
4484,0.0018994774805975248
4485,0.023488292454235574
4486,0.019119814226490683
4487,0.0032335484775097745
4488,0.011986197870549865
4489,0.0018904922983417243
4490,0.007264704511907413
4491,0.003840342806619008
4492,0.014557646527629867
4493,0.04955859008830146
4494,0.015038535524922785
4495,0.006769978366754595
4496,0.019706673301567144
4497,0.0839302635644493
4498,0.0062648946004704486
4499,0.002980164668004386
4500,0.0026342967295435644
4501,0.007132265784785748
4502,0.014157673433850779
4503,0.008074554569154669
4504,0.003487111663350709
4505,0.2204075257809511
4506,0.0033132156705454638
4507,0.003074979298862778
4508,0.008731280726497002
4509,0.09936030781485662
4510,0.08044346840072594
4511,0.028603696634104843
4512,0.005062713573200609
4513,0.038417119223473795
4514,0.005347294705206901
4515,0.006368243471071646
4516,0.019463222206519654
4517,0.07409676432756436
4518,0.005734660945461081
4519,0.01075428817549054
4520,0.04447406067281184
4521,0.0037865838188476937
4522,0.012905934730731162
4523,0.006724210038692468
4524,0.003323064681101034
4525,0.007127482218413348
4526,0.015689151268723982
4527,0.0014753481695228422
4528,0.012665267055259144
4529,0.041486458901055234
4530,0.05995003757815849
4531,0.0033513496475362716
4532,0.0699039298907016
4533,0.05307943494099799
4534,0.0023316986260387158
4535,0.014173657949086425
4536,0.0016918907429153015
4537,0.009506835047772937
4538,0.0026023746841152234
4539,0.015026848744520488
4540,0.01948642308171976
4541,0.08191503321171179
4542,0.02307293172130667
4543,0.022785133516485
4544,0.0076516280020136294
4545,0.005874719392369999
4546,0.13725663490204704
4547,0.003995907799685685
4548,0.04606477930380959
4549,0.026816060005309398
4550,0.01528537550025578
4551,0.004112405254700548
4552,0.0072695783645013974
4553,0.11691749685966919
4554,0.05498578622261586
4555,0.07123353037354228
4556,0.0079231929444608
4557,0.0022566841062164503
4558,0.011556264272466416
4559,0.006439306996398463
4560,0.00535457737091763
4561,0.05182760704546513
4562,0.0064978372154810855
4563,0.044759552727674505
4564,0.05922895810897825
4565,0.050893976665841764
4566,0.009960933124883197
4567,0.015967570510125127
4568,0.004443296557267201
4569,0.024884579410446396
4570,0.006409889930834348
4571,0.009253688914814096
4572,0.006535930855792786
4573,0.006763313962963422
4574,0.003950497508683041
4575,0.009672369523128851
4576,0.006354507856548839
4577,0.0031885104356896726
4578,0.10837458095684466
4579,0.015037613958999928
4580,0.008355308601498197
4581,0.031187090018834754
4582,0.030017377738340244
4583,0.18179667394817983
4584,0.06911605584272595
4585,0.011514061663593433
4586,0.00793106148118595
4587,0.002855548860325959
4588,0.007135235295767246
4589,0.0033784372385616494
4590,0.0031817080579737158
4591,0.00934024364228935
4592,0.004331593575722553
4593,0.007113826803192309
4594,0.011223404116922707
4595,0.009238605522330239
4596,0.026390946161820517
4597,0.012686894597294392
4598,0.035645266342819726
4599,0.034729096085485175
4600,0.00473402209284192
4601,0.00792838225405454
4602,0.29266658635447484
4603,0.009598649174001508
4604,0.002720311912193876
4605,0.010043023758555777
4606,0.01517381872652255
4607,0.0024172059018835743
4608,0.012379617657172055
4609,0.05784401496482932
4610,0.037666258486394114
4611,0.011736535454386899
4612,0.004114077968270095
4613,0.009097715702450307
4614,0.045631223706458245
4615,0.11685188106037621
4616,0.004313206532117596
4617,0.012774177100225128
4618,0.05516090226170175
4619,0.003080543887373187
4620,0.1682139091704548
4621,0.013048583059262596
4622,0.003877690470300494
4623,0.011959367015706886
4624,0.01249546470792893
4625,0.012376268924623651
4626,0.01694707202008482
4627,0.010399344801058152
4628,0.38447306191094915
4629,0.007641000986140675
4630,0.004165322704758266
4631,0.010093014745729134
4632,0.003707778266071086
4633,0.007998479083692375
4634,0.010701502220757933
4635,0.0037018332154731743
4636,0.005513926481145479
4637,0.0034925580343517283
4638,0.009446466496307853
4639,0.005030395780722804
4640,0.01008436458100396
4641,0.010869038587228375
4642,0.43167546999600603
4643,0.002948616631349091
4644,0.005261181770418337
4645,0.009637440031639985
4646,0.03863234470909664
4647,0.024493920631561052
4648,0.015493145207252626
4649,0.002234760178003954
4650,0.009176745201615133
4651,0.011186036734739615
4652,0.1259844552299735
4653,0.005128723149469612
4654,0.034580709456881985
4655,0.045046705871831814
4656,0.035958531215978376
4657,0.011388670349619812
4658,0.01781846700135545
4659,0.01603368962444424
4660,0.015343774192926568
4661,0.004553982512607437
4662,0.014603651132354154
4663,0.005211462038462087
4664,0.016495686025400053
4665,0.011430054831203516
4666,0.008607822863497865
4667,0.0035356579525397443
4668,0.009777475158375666
4669,0.028519753114692903
4670,0.015738648661056544
4671,0.01932602511745229
4672,0.004937269380669432
4673,0.007861366249535866
4674,0.02889675968665674
4675,0.009314265326619692
4676,0.005842269370254208
4677,0.00567004370449771
4678,0.009090925523725816
4679,0.008876052378405736
4680,0.015646291634791556
4681,0.008625460044809264
4682,0.021475200158233145
4683,0.08103789412003516
4684,0.007878576338205556
4685,0.027088015480331233
4686,0.012505173067474264
4687,0.008537435748553555
4688,0.06267084676857784
4689,0.007058210739507452
4690,0.011289760545125475
4691,0.07027863004360803
4692,0.018778453281863658
4693,0.003220753504490196
4694,0.028632476707793342
4695,0.004301440531212375
4696,0.1051302851035606
4697,0.27822507711599703
4698,0.0031753746619150687
4699,0.0037780564158053417
4700,0.0035383232143549282
4701,0.04953894845682225
4702,0.004221221640440008
4703,0.011455643566999784
4704,0.14151477198330192
4705,0.014479766394253277
4706,0.006325621214755079
4707,0.02765440522958846
4708,0.14826867173570768
4709,0.13292519934797523
4710,0.011070068787173419
4711,0.03400306161510575
4712,0.0017432917767173635
4713,0.012629531275270457
4714,0.010547119355970205
4715,0.07433126387673089
4716,0.07065325425482818
4717,0.0035954127924560297
4718,0.009058701762168378
4719,0.027196442250036378
4720,0.006870524660927134
4721,0.003747757798643734
4722,0.07848172837875417
4723,0.00597804406813477
4724,0.10659475505692724
4725,0.023496292329229233
4726,0.10146002320093268
4727,0.027783612638144068
4728,0.005957546761041296
4729,0.012250631163262462
4730,0.005950656442255401
4731,0.005824334101902556
4732,0.004423907075213631
4733,0.05586363827880188
4734,0.002243505291286605
4735,0.011246246467594366
4736,0.0511406181373675
4737,0.0057228158752955505
4738,0.0053444473557005675
4739,0.006021766724465189
4740,0.004375203060518048
4741,0.0055741780856943795
4742,0.005097302302281895
4743,0.02678996251737092
4744,0.14556834848990574
4745,0.014984208294061357
4746,0.00298376420236458
4747,0.005017707193074259
4748,0.012759086911414353
4749,0.0044928606650751594
4750,0.045466679231477326
4751,0.06661803497856364
4752,0.040346880438697656
4753,0.12562187176803197
4754,0.008675004928982879
4755,0.0059331936747324095
4756,0.05182711667480626
4757,0.24952375041610828
4758,0.009451584887013099
4759,0.01734319919549378
4760,0.016541603257519515
4761,0.004915282007740219
4762,0.005923467472292544
4763,0.018465062663369527
4764,0.006515872772162782
4765,0.013147955355316564
4766,0.0106881487005731
4767,0.017969326589500956
4768,0.022458405418291954
4769,0.0031022309993649173
4770,0.018676404104515668
4771,0.0032561781344201883
4772,0.01109638350269722
4773,0.06368621232657697
4774,0.023521670343061005
4775,0.014987426595389127
4776,0.006944846183557122
4777,0.07866936012113443
4778,0.0037002850516801157
4779,0.0162361929819813
4780,0.005027386330577139
4781,0.01587643367795807
4782,0.020212451630475914
4783,0.005312638157442303
4784,0.004267850324480555
4785,0.06066658356075973
4786,0.055248686828136696
4787,0.006015364597101845
4788,0.020108249584912165
4789,0.0053545720935242475
4790,0.01729961681567237
4791,0.006938852766493277
4792,0.01105093249792023
4793,0.032764971191266694
4794,0.00986297095439577
4795,0.009972315922457248
4796,0.009353195588627461
4797,0.007166638928641592
4798,0.017162295815949843
4799,0.007330852461984304
4800,0.036663893888346656
4801,0.004092339160600627
4802,0.013862433238998164
4803,0.06269995584567589
4804,0.004879234722937123
4805,0.002566196634021758
4806,0.0100432178267677
4807,0.0024187205970898303
4808,0.018558203866369864
4809,0.0067403791119200725
4810,0.010448605286576325
4811,0.2185801385901693
4812,0.008925954935391042
4813,0.00904821121597204
4814,0.012064715442378289
4815,0.003614270215956817
4816,0.005174404202328775
4817,0.07095216316084897
4818,0.012810741689695811
4819,0.18049278788764686
4820,0.015659099551894554
4821,0.004919471309912573
4822,0.004638946071353403
4823,0.012591873831197557
4824,0.06319474191080923
4825,0.016577750518691207
4826,0.0035835710461142247
4827,0.012128401470596026
4828,0.01614390078801659
4829,0.005022923361390663
4830,0.008546692583766325
4831,0.04415314557591894
4832,0.004259596413941584
4833,0.012258882166481007
4834,0.02242931703927596
4835,0.005752480388744958
4836,0.0037176804819320603
4837,0.006261127912476111
4838,0.008416865994215277
4839,0.15973938206128363
4840,0.024799345203913435
4841,0.0372683534836195
4842,0.030983956038733575
4843,0.015310052093442184
4844,0.007467421258211006
4845,0.009255537498737988
4846,0.003920419646661424
4847,0.0031892128045800197
4848,0.03585711833805996
4849,0.002679098856895166
4850,0.005296953777239268
4851,0.00664956286259009
4852,0.009257511065933931
4853,0.050557712479773774
4854,0.03823770861483671
4855,0.008054712115782726
4856,0.12937985797362392
4857,0.039095448797255766
4858,0.08151818576994355
4859,0.012736152296680075
4860,0.005673749561582169
4861,0.003772319692452048
4862,0.10822561445732291
4863,0.004330240054413451
4864,0.006466215165977444
4865,0.005615745196761239
4866,0.0047685726803378715
4867,0.027500630866239797
4868,0.016499154144015166
4869,0.009576804534149526
4870,0.018095189994818645
4871,0.004679146533640781
4872,0.028228518782522086
4873,0.0936992107570506
4874,0.12500484853094
4875,0.006533803056949565
4876,0.0157481654735699
4877,0.003106312817483881
4878,0.10588565308647932
4879,0.001630515571190607
4880,0.0023812375497616035
4881,0.06300894826699384
4882,0.002465163329194396
4883,0.11688446373681281
4884,0.0032647001313671083
4885,0.07758412287258522
4886,0.05237234905412738
4887,0.023955006907523238
4888,0.03514324705451489
4889,0.006016711265788152
4890,0.005634553837249172
4891,0.001610378718783584
4892,0.006597938487160842
4893,0.007622172603261424
4894,0.012110175142793647
4895,0.02243746473626669
4896,0.0826740902565172
4897,0.007994719834257005
4898,0.0025987817651413987
4899,0.005870373508173428
4900,0.022864789906175468
4901,0.008611095674713205
4902,0.01386517784768428
4903,0.06693458992125749
4904,0.00718448332893322
4905,0.009956450558091766
4906,0.035986474445473746
4907,0.018100349244850097
4908,0.009470258567898814
4909,0.01582146398701962
4910,0.02515549240134684
4911,0.008777055259943706
4912,0.004753986626877242
4913,0.005729506083439117
4914,0.0015283837157607368
4915,0.0723891563271609
4916,0.02580391153878571
4917,0.014741005385334807
4918,0.38148478179161316
4919,0.010656560137195448
4920,0.009841914566167691
4921,0.009633068106890935
4922,0.1309564302852531
4923,0.040598986063458326
4924,0.015658736785121218
4925,0.004226235814545346
4926,0.08686311221188318
4927,0.06625468819338735
4928,0.008343422036514845
4929,0.01776237108825727
4930,0.03233265586642877
4931,0.026818773697327523
4932,0.047747647584976474
4933,0.06827293171922799
4934,0.021389284392204198
4935,0.002696754654059129
4936,0.0031437780291288632
4937,0.009590223428269696
4938,0.044816606170534554
4939,0.19472040898384818
4940,0.009727098247344211
4941,0.011961096203252364
4942,0.018635988900071024
4943,0.00822166073391237
4944,0.05797332092693001
4945,0.041523985400131865
4946,0.008685239167521341
4947,0.02571773890314103
4948,0.004535737172744441
4949,0.00439038223126165
4950,0.06652284808272081
4951,0.005678367498412091
4952,0.003464660406038629
4953,0.016686518146839174
4954,0.004615469354696934
4955,0.24110998060370886
4956,0.019675553014391407
4957,0.27534087356394144
4958,0.2716134174678272
4959,0.03576218922981749
4960,0.018979485693735476
4961,0.005763324852816775
4962,0.0023966954388174124
4963,0.02087968785689063
4964,0.016691159823587244
4965,0.0027050930924775282
4966,0.004441392233177146
4967,0.0059922497401829235
4968,0.0030971667897301777
4969,0.004930006586051533
4970,0.002423631456855935
4971,0.004793442344912056
4972,0.012307518642711974
4973,0.005434005430432143
4974,0.03441871833787458
4975,0.29995210940576084
4976,0.02705373655498141
4977,0.002606917925330403
4978,0.007117984102117429
4979,0.004712515058724175
4980,0.010129151858495358
4981,0.007452763117401157
4982,0.004554256503355056
4983,0.002961268929290388
4984,0.0332279947323979
4985,0.006297397068886834
4986,0.004018922044018172
4987,0.004317700860165844
4988,0.0034701624185530947
4989,0.00389608281553877
4990,0.0029850341856389943
4991,0.030995759278255975
4992,0.0005297317393102029
4993,0.007317952577228441
4994,0.008456222071807736
4995,0.03993325424755309
4996,0.0936319003687435
4997,0.002102644926748247
4998,0.008941379172862623
4999,0.007816544947295348
5000,0.0024888613111526095
5001,0.07372556939990951
5002,0.00905780170546342
5003,0.008105072918997749
5004,0.002092259971576999
5005,0.003247347394669508
5006,0.031770097357078315
5007,0.007933789876720004
5008,0.005757371826986376
5009,0.12043766308031258
5010,0.008991040423698447
5011,0.006766552980651312
5012,0.06414652008075868
5013,0.06573758869891912
5014,0.04027610198451481
5015,0.0024535819807677685
5016,0.004837500899904671
5017,0.01976183235121497
5018,0.011446637128543512
5019,0.005196423366154812
5020,0.022498229349641245
5021,0.008902790159211742
5022,0.022181759010718293
5023,0.0034437404430014864
5024,0.0032268723038145117
5025,0.01265413211446426
5026,0.10463921422023117
5027,0.0932218144155213
5028,0.008894297655449825
5029,0.04185450431088037
5030,0.00706527683365159
5031,0.013021030736735476
5032,0.007932798697029841
5033,0.005313604648798554
5034,0.004864727279961123
5035,0.003870221874899494
5036,0.004308474382768919
5037,0.013257856920327377
5038,0.06949753287565472
5039,0.005025944250690219
5040,0.0081085868904885
5041,0.0037464402010778503
5042,0.0681628555101924
5043,0.010499187448991922
5044,0.11051654976283559
5045,0.0035625412530209803
5046,0.01463643832134436
5047,0.015101125038672294
5048,0.14014075947338092
5049,0.03558886704184683
5050,0.00467031423644314
5051,0.015002640780685701
5052,0.03544036508899836
5053,0.007034943271236227
5054,0.002983506370779408
5055,0.008328018365347477
5056,0.15709532676780283
5057,0.06281452455516491
5058,0.05826523708586478
5059,0.0025824377932132394
5060,0.010214977530740885
5061,0.009214841529796307
5062,0.0030152900795775606
5063,0.04508604602162666
5064,0.004517709931842641
5065,0.1617015386284362
5066,0.018206691394384782
5067,0.014215112069821583
5068,0.07098350894020229
5069,0.08217788963394587
5070,0.026192119971495557
5071,0.03369788135258267
5072,0.008623160496210718
5073,0.00582602594318854
5074,0.01139721204529814
5075,0.00600411028211635
5076,0.011300306049971946
5077,0.0011446793060921646
5078,0.0020323377371750245
5079,0.12218152101255135
5080,0.07075948999099457
5081,0.017460821474243687
5082,0.010891579546326354
5083,0.007937867542963524
5084,0.007495301521767778
5085,0.008093765187239896
5086,0.2745073087589382
5087,0.015673441498185465
5088,0.036170045061055
5089,0.014376777916213127
5090,0.00607369472768583
5091,0.020791274835412998
5092,0.01392018126704333
5093,0.02131020838674996
5094,0.03694420303257276
5095,0.03093994248326612
5096,0.006249698225504284
5097,0.011607913049146051
5098,0.025515479130663963
5099,0.23246112410726738
5100,0.0636337296380122
5101,0.009777370904206358
5102,0.05879666353304993
5103,0.003962649139646752
5104,0.1246169535466455
5105,0.030563817105938806
5106,0.05064132792886545
5107,0.009588078338077378
5108,0.003479455034162706
5109,0.008980831301082523
5110,0.007109149314943381
5111,0.025311428112770828
5112,0.08800812499586909
5113,0.018847029578736643
5114,0.013990258118168009
5115,0.0031824128361105336
5116,0.03652938167203415
5117,0.007009308037934764
5118,0.03403393703565624
5119,0.014187172375026931
5120,0.014687473580420322
5121,0.09267159464454452
5122,0.003941214789442068
5123,0.013555095649343768
5124,0.007241369457261931
5125,0.00588158740766275
5126,0.005157458507715427
5127,0.007142271474132457
5128,0.004077299719505878
5129,0.017144321838493157
5130,0.017140807183526088
5131,0.03403361326835629
5132,0.027534990114014953
5133,0.018009483455713526
5134,0.013443766960281016
5135,0.001309641297811082
5136,0.0036571440873958915
5137,0.008611424255130687
5138,0.008643171054647628
5139,0.005927322636914148
5140,0.004446127748333238
5141,0.03152724710247829
5142,0.015309960920444203
5143,0.0066439125166325805
5144,0.005542422664658748
5145,0.02858361841202885
5146,0.04746126721843618
5147,0.010160415204321913
5148,0.009651013885923198
5149,0.05183240651957382
5150,0.008701039927162096
5151,0.021818919681908498
5152,0.2494328639350634
5153,0.00766765800118836
5154,0.0477997179188546
5155,0.0060039170811575695
5156,0.3091694651123624
5157,0.030812315130531235
5158,0.07349456331251104
5159,0.004896139454889286
5160,0.007122864513301445
5161,0.11296020662531667
5162,0.022886350080990096
5163,0.01776080895958342
5164,0.001973141048095626
5165,0.03033726449194377
5166,0.013002931971580213
5167,0.008466215716637417
5168,0.02769619930998685
5169,0.0033992987889525125
5170,0.1075496013877782
5171,0.01675370156176004
5172,0.11701887270883422
5173,0.03131575204229879
5174,0.020355783468761608
5175,0.09401540674559493
5176,0.07228604989588966
5177,0.003773957742912741
5178,0.004690909551457841
5179,0.007763003570796242
5180,0.08227660118185001
5181,0.07127471059320402
5182,0.01312383974095578
5183,0.07324913998967268
5184,0.014333549073689748
5185,0.015346760003587747
5186,0.00993135641407012
5187,0.014434897098469008
5188,0.003950729442924336
5189,0.00411533246196034
5190,0.044613813731841326
5191,0.03901742423737484
5192,0.012686831860863983
5193,0.005233496970745616
5194,0.0036081221792730713
5195,0.006457654702054675
5196,0.035549058556094595
5197,0.0034032412940377815
5198,0.00644436562357492
5199,0.004981671661670302
5200,0.011635487208622905
5201,0.004488205408942987
5202,0.004587977974359167
5203,0.0051622346106711915
5204,0.014738026497449732
5205,0.15880923703802075
5206,0.12305181402966464
5207,0.007769834550963853
5208,0.019535670778724427
5209,0.024566197362810585
5210,0.015016485016498791
5211,0.0037508621936678086
5212,0.009540599887523888
5213,0.03084384017360878
5214,0.007642847323017492
5215,0.055848125830802765
5216,0.010630971083019738
5217,0.012848801510158008
5218,0.00947121182704
5219,0.025637125226528782
5220,0.15078244380854267
5221,0.01700599202688778
5222,0.0077546396936446806
5223,0.08487444874957603
5224,0.008395435618971827
5225,0.003575552510748262
5226,0.01863099721628247
5227,0.015970742414909193
5228,0.0030026153585344484
5229,0.12736004399415496
5230,0.004462427324557822
5231,0.0018798299599145773
5232,0.10318818580526257
5233,0.0032222855889698886
5234,0.004335714118035194
5235,0.026170395417258054
5236,0.047583410000246996
5237,0.012259773561632787
5238,0.10847167220983411
5239,0.03662859681189506
5240,0.043669374281477005
5241,0.003184368531201709
5242,0.07002447901603977
5243,0.05442251925188316
5244,0.010419955848102916
5245,0.007123479572451342
5246,0.010279995633573234
5247,0.0057964888413905334
5248,0.004635163251835182
5249,0.01089232039102387
5250,0.013487540104095433
5251,0.014511798055175022
5252,0.014276306313201812
5253,0.01057987743511901
5254,0.012068867891727555
5255,0.014144546420298327
5256,0.010499358699616854
5257,0.019877063648440395
5258,0.0039288833608751815
5259,0.028274368518013872
5260,0.021040501213423796
5261,0.01362553957940607
5262,0.004330080361862252
5263,0.007470456999190937
5264,0.06732302145727315
5265,0.013231696975491092
5266,0.004082779130804787
5267,0.1860979167577431
5268,0.026234079978267398
5269,0.004858366914048512
5270,0.030826340208329327
5271,0.041876050406562296
5272,0.09902986737000057
5273,0.12567111508674034
5274,0.06958933291936215
5275,0.09943287069954383
5276,0.017339915769360184
5277,0.012057043833814122
5278,0.008308111145590961
5279,0.014307851614598438
5280,0.003863264275192126
5281,0.00363822443730619
5282,0.009055956499637998
5283,0.011911555419370551
5284,0.009114015420705081
5285,0.007836807264518297
5286,0.006715753613413306
5287,0.00132194880220784
5288,0.3219640863245186
5289,0.40534217592599403
5290,0.03081232377351876
5291,0.004626169258584753
5292,0.006527187104875484
5293,0.01168822351689549
5294,0.012601686185742911
5295,0.025975269289181948
5296,0.01976831447594291
5297,0.059822074873828825
5298,0.04693922872871545
5299,0.04434552394923945
5300,0.028124669671662487
5301,0.010078366484327151
5302,0.01109750139360324
5303,0.004097204656609126
5304,0.0021440177206523193
5305,0.0037180206910807784
5306,0.07423008891987988
5307,0.0037799053464306134
5308,0.0029962728313625833
5309,0.017195482308374792
5310,0.03197825844905734
5311,0.2164957001074372
5312,0.006447101598670953
5313,0.004758332447972284
5314,0.01814978302122458
5315,0.005434513991782581
5316,0.1437904136026138
5317,0.0488908226497164
5318,0.012767877670383418
5319,0.0032671696940190097
5320,0.011288596082792344
5321,0.010153532558222463
5322,0.13024073579773085
5323,0.013110883325369133
5324,0.010773930500611524
5325,0.00835676297217846
5326,0.003225528586477189
5327,0.0034982628505841064
5328,0.01817852084946565
5329,0.003956796357406376
5330,0.005662624888629254
5331,0.0029804636694861354
5332,0.007198772837581461
5333,0.008675299775195983
5334,0.0036199745928386417
5335,0.0378263657579927
5336,0.007448853014325273
5337,0.040778058240282626
5338,0.003638483294533106
5339,0.002180140641202846
5340,0.039738719040021506
5341,0.027107304277264932
5342,0.010283544309697797
5343,0.002782932439227925
5344,0.0023415809189673677
5345,0.03313504678771566
5346,0.014063492456143209
5347,0.004375251164124872
5348,0.005643573252318023
5349,0.004343201858790243
5350,0.19705411326274522
5351,0.0029394767728306553
5352,0.0503494274565189
5353,0.0076496364379020345
5354,0.047396508937086884
5355,0.003303048240291463
5356,0.02053674760051131
5357,0.016323266151865225
5358,0.007989970779610996
5359,0.10285727969088135
5360,0.022625195666697552
5361,0.0029800371587291744
5362,0.012190326534568651
5363,0.0108605350773087
5364,0.03338349713967533
5365,0.03307427852799204
5366,0.009244786556572118
5367,0.006769203541726756
5368,0.004210075842570844
5369,0.00801613402606557
5370,0.07182528157227107
5371,0.006190511872398781
5372,0.008584222511381617
5373,0.019509967532643016
5374,0.24239091184422068
5375,0.012304694975231656
5376,0.02513637261233221
5377,0.11868859736202499
5378,0.018600797342398973
5379,0.003708482093038937
5380,0.001478275267338091
5381,0.005471209400711896
5382,0.003446773695587455
5383,0.0020325399507409663
5384,0.027476496203058778
5385,0.004707392356919527
5386,0.10001779476968661
5387,0.025777185018637256
5388,0.0033482808396776585
5389,0.004884277439865443
5390,0.1202948338286169
5391,0.1550419485043632
5392,0.04597698072629528
5393,0.014170798282402886
5394,0.1359068800665114
5395,0.007319454637071346
5396,0.015916833833373615
5397,0.013294649702791183
5398,0.06416212076437044
5399,0.06057950149240372
5400,0.21628786011168624
5401,0.011604295280864194
5402,0.12387878468271095
5403,0.005479063923532002
5404,0.24016886149416916
5405,0.07194660599922335
5406,0.05635988942839358
5407,0.010178098975967638
5408,0.005703081365315833
5409,0.034785858335023075
5410,0.0068018983172235935
5411,0.008422287905150563
5412,0.006640690388337176
5413,0.005082142786524555
5414,0.03443702145821764
5415,0.0012780041664235402
5416,0.0012496593458344255
5417,0.004056449802051588
5418,0.03485175108840581
5419,0.002964093057422097
5420,0.0032798876632105923
5421,0.007164771803348085
5422,0.01144664980213628
5423,0.09410318725575384
5424,0.007820582097560022
5425,0.006908454196028554
5426,0.15862902548806365
5427,0.01249461348818159
5428,0.09081233752047577
5429,0.006206153951324068
5430,0.03016303934435206
5431,0.07229844502667426
5432,0.1279412532241567
5433,0.10118560578817988
5434,0.003486069159046038
5435,0.005161926832158461
5436,0.20745904221648848
5437,0.008580447089310153
5438,0.012889647335435442
5439,0.004525631107106765
5440,0.004997092062423897
5441,0.01167603816814495
5442,0.005039851259450575
5443,0.03153414414808837
5444,0.009299642736151135
5445,0.025781129119801977
5446,0.002494710054972167
5447,0.0026046876098849625
5448,0.004084309973749129
5449,0.03437581935144236
5450,0.003706389037898321
5451,0.003425957031494359
5452,0.01704775363142862
5453,0.011370295238685142
5454,0.049572229771407524
5455,0.009943166198537273
5456,0.003030441600896464
5457,0.06311806812111098
5458,0.006969780827701537
5459,0.015469522243225972
5460,0.027885231831786903
5461,0.0322030932736332
5462,0.009336617048053166
5463,0.009662677992207686
5464,0.0388317896416987
5465,0.03598477595488787
5466,0.003997785309375287
5467,0.29648598267739834
5468,0.018946208805541844
5469,0.004919782049970662
5470,0.003575156560395567
5471,0.006089270264746951
5472,0.15779858713042658
5473,0.0018018189848092517
5474,0.013345732593015708
5475,0.006322864858504923
5476,0.04724945170983966
5477,0.0027918046747110454
5478,0.011992298221835387
5479,0.003055554004754555
5480,0.05190227801266194
5481,0.11958763693935902
5482,0.030156337226899678
5483,0.016652137414751973
5484,0.010732094547483105
5485,0.01893442958836297
5486,0.02813929210941817
5487,0.011687918217882926
5488,0.09712821817915106
5489,0.0033164502219802717
5490,0.0043428306040235514
5491,0.036381606510607956
5492,0.022859646765642293
5493,0.11101923169882906
5494,0.0018895754997437474
5495,0.0043147821150345085
5496,0.007203354250151623
5497,0.0070182244943393255
5498,0.0033910941780652053
5499,0.041184752924922484
5500,0.003513016187971843
5501,0.015569026188006008
5502,0.02570230747219853
5503,0.009407620168337943
5504,0.0031976502421506734
5505,0.10277199134145906
5506,0.006408706928945869
5507,0.015395026778024817
5508,0.005072196174862739
5509,0.031922049964928194
5510,0.01185069732456349
5511,0.01588692253838239
5512,0.013495718710135232
5513,0.013139833265926425
5514,0.06428170474067675
5515,0.015172122946159385
5516,0.002688724635865939
5517,0.03089118123506492
5518,0.005447994054917033
5519,0.0861547030551672
5520,0.015230444536293148
5521,0.0029996312971338635
5522,0.019846929553388497
5523,0.0037625326111466718
5524,0.0376820202467049
5525,0.04152716765454584
5526,0.10598050309362676
5527,0.006568554096669668
5528,0.0033967285792155335
5529,0.011204329610479132
5530,0.006606232069511126
5531,0.08261887486218011
5532,0.013688989113394555
5533,0.011616534013839578
5534,0.00403791733533922
5535,0.007571467257450833
5536,0.0017517122855935689
5537,0.04496783569928953
5538,0.16178953571909496
5539,0.011012084890073114
5540,0.003781843551633305
5541,0.009328440833427463
5542,0.0038794810783955563
5543,0.013260420087311922
5544,0.0033534191536407536
5545,0.013547263425809024
5546,0.005926628541602337
5547,0.09236302772045249
5548,0.011049500132187718
5549,0.03702096584564646
5550,0.006260990526240302
5551,0.3489786089267765
5552,0.007593308535141759
5553,0.008124955445233409
5554,0.01601929885976923
5555,0.003286464372054278
5556,0.06589021864663973
5557,0.00407941889300217
5558,0.05427520368993676
5559,0.013634620190027279
5560,0.007650241373250625
5561,0.06184667262413753
5562,0.007821026326379522
5563,0.013153797006173406
5564,0.0021523801656742887
5565,0.011603571575806168
5566,0.00815812688016551
5567,0.005689266709337911
5568,0.008750692401866047
5569,0.034687343367074124
5570,0.008183884776052
5571,0.003715396722095546
5572,0.013922697755919039
5573,0.008351920700148618
5574,0.02926190759997256
5575,0.033651271768266766
5576,0.06967945941043376
5577,0.02875440038575536
5578,0.11229729101647072
5579,0.008411850848937188
5580,0.01625633568711703
5581,0.011872343338302957
5582,0.00525122609018253
5583,0.05185426559252993
5584,0.02029317097507851
5585,0.006611960975174366
5586,0.0019937602855817902
5587,0.030081710685353872
5588,0.01571073063814003
5589,0.016115624796439274
5590,0.014677343438080675
5591,0.00626328769784258
5592,0.013598818747497868
5593,0.02054175645810819
5594,0.008059107185603685
5595,0.03934821833850851
5596,0.09115129067826296
5597,0.010443125303377815
5598,0.0018470456259674485
5599,0.114232336794434
5600,0.0033839019996008716
5601,0.08729068702658682
5602,0.011073467825910135
5603,0.1299464899139737
5604,0.011062320097730989
5605,0.013259859614088402
5606,0.07149318310987417
5607,0.024618122023438216
5608,0.20458315871194793
5609,0.00821549893863093
5610,0.0069674042164968725
5611,0.006808295115147015
5612,0.019920245789144548
5613,0.013456465609303912
5614,0.013118141132538548
5615,0.06508201641139864
5616,0.005357082641419574
5617,0.02380093207867359
5618,0.0887203715115929
5619,0.0019984096189168093
5620,0.008365030396045255
5621,0.03515095977992529
5622,0.0630760599389619
5623,0.010151452049722032
5624,0.003905068789945809
5625,0.008710535728788611
5626,0.0049062993404856755
5627,0.011934301097306352
5628,0.005750730860936864
5629,0.29915308606692365
5630,0.0032846587144799923
5631,0.011107129225119996
5632,0.03727440986446117
5633,0.10279088534311642
5634,0.0018740338798897453
5635,0.022020942550471455
5636,0.04461912669562315
5637,0.008865751464458959
5638,0.0036408716592189337
5639,0.04408600374269585
5640,0.015964543775002345
5641,0.009925069408519708
5642,0.07577581657084285
5643,0.0830740303102596
5644,0.04975310685478569
5645,0.001865008639112395
5646,0.0015788866988678443
5647,0.009457373279428454
5648,0.017421003245674013
5649,0.00599680248255846
5650,0.006039432752356714
5651,0.056444474789703436
5652,0.012767968229970056
5653,0.007508486439070216
5654,0.02346531968925284
5655,0.036315258608697866
5656,0.02423956203064655
5657,0.0644162189314558
5658,0.00849337673267767
5659,0.025553207013886834
5660,0.005960348301161793
5661,0.04515123262891496
5662,0.04014218540787508
5663,0.004478327761231683
5664,0.007592629999271812
5665,0.022880124264080613
5666,0.003761138650632423
5667,0.018167813119813518
5668,0.006249059587406224
5669,0.15265645372954556
5670,0.0018280182602512791
5671,0.0428569559514562
5672,0.3579912185207209
5673,0.0031286334373217426
5674,0.002875645271502718
5675,0.004771315465339991
5676,0.006210922466119249
5677,0.051473129592676484
5678,0.07294633335310725
5679,0.0029651221847792294
5680,0.00780913849278666
5681,0.03546719317609929
5682,0.003417374140874837
5683,0.010501550889125591
5684,0.09955668056196662
5685,0.011830825722916972
5686,0.04430808110360773
5687,0.013290741706599742
5688,0.018465230653339233
5689,0.002979133935089587
5690,0.06795078522461487
5691,0.012790191546357804
5692,0.005007159360058454
5693,0.0032580255975043163
5694,0.006187562146879679
5695,0.11553004806902442
5696,0.014047926940929125
5697,0.0031453810798960456
5698,0.004421618547840002
5699,0.003894214858970843
5700,0.09835225917089332
5701,0.11541206295144131
5702,0.0038492388805863387
5703,0.004026778904314275
5704,0.009537074675694257
5705,0.04105108188691645
5706,0.015117106510679799
5707,0.005784932196309122
5708,0.12806178450594158
5709,0.01386246903411462
5710,0.009966505420892457
5711,0.00798566259711332
5712,0.3018413834203062
5713,0.008635994515385785
5714,0.006803310010888738
5715,0.009182734539599361
5716,0.00292396970448543
5717,0.02616231466999988
5718,0.006480869946369948
5719,0.010030717453326113
5720,0.0071432030583586225
5721,0.013210598430264342
5722,0.03875407836857525
5723,0.002488670666824817
5724,0.08177976650483118
5725,0.03552155629376847
5726,0.020822674155052755
5727,0.038563790306499354
5728,0.008093382053642845
5729,0.011410609860163718
5730,0.01509995875271849
5731,0.06312782569459935
5732,0.018962159396736063
5733,0.027284694372012572
5734,0.0027251293129474476
5735,0.025241968808822127
5736,0.006796629218296349
5737,0.014541513636431523
5738,0.007670377501003386
5739,0.03688677384739416
5740,0.004277208626765826
5741,0.004826613960332136
5742,0.031149607173200006
5743,0.0062633316349982445
5744,0.008508890610708222
5745,0.013808080259718832
5746,0.014531462256614135
5747,0.014331464332458391
5748,0.03330295837185931
5749,0.011599964192020688
5750,0.1466982993861479
5751,0.011667659344693097
5752,0.0027035276181017437
5753,0.04383348611191101
5754,0.007646875870420789
5755,0.006158601973323746
5756,0.009578646357761178
5757,0.00694598251252842
5758,0.013459412353748439
5759,0.017004654924886606
5760,0.0028693580272351397
5761,0.03777318742692958
5762,0.006195875188560121
5763,0.04475416803016496
5764,0.01238333355080853
5765,0.011311174053461976
5766,0.004638942697268466
5767,0.06356190766007579
5768,0.0029948200431465567
5769,0.008800660463399402
5770,0.0004556038386742807
5771,0.0783038416168552
5772,0.009554054392322464
5773,0.004870540127343374
5774,0.021736616370760402
5775,0.01356246207768705
5776,0.012025655465957722
5777,0.027726341430062598
5778,0.007468919799243883
5779,0.006190927811894752
5780,0.002593493904096831
5781,0.010377735190506013
5782,0.030199324361473663
5783,0.01963610239350863
5784,0.027878661075345625
5785,0.004462965417599061
5786,0.10141382763571095
5787,0.004559556653051794
5788,0.005810229018057026
5789,0.006478724333202947
5790,0.007059273462297944
5791,0.03030994835386904
5792,0.005452435227487443
5793,0.0026256204226965106
5794,0.008999171668838185
5795,0.009298908596696616
5796,0.00283520216177694
5797,0.003312559874994966
5798,0.01657698265143777
5799,0.013650975773897133
5800,0.004636936708759856
5801,0.04629203826976084
5802,0.004125255615086828
5803,0.019564110701036926
5804,0.006851282173268345
5805,0.00934432864926769
5806,0.002594475347007003
5807,0.01905256450531493
5808,0.0077200236397893095
5809,0.009708142041900625
5810,0.009283804699131174
5811,0.008573993245909474
5812,0.04029196261436337
5813,0.03392018086484771
5814,0.003546594512462819
5815,0.006475111272016806
5816,0.002540040973469134
5817,0.017204926129512348
5818,0.06317034309326046
5819,0.0046830493933441115
5820,0.059629345522005474
5821,0.030484888726556397
5822,0.0691108892642417
5823,0.004188746405818571
5824,0.03560142871014804
5825,0.00457395699647428
5826,0.012115736054724569
5827,0.25342747763314105
5828,0.008864854461634132
5829,0.005618662508698998
5830,0.007701062312093517
5831,0.11392969675155688
5832,0.002992224725490422
5833,0.023418348175268045
5834,0.013363842108761955
5835,0.0020549623639158705
5836,0.020507321353264822
5837,0.06610244113803689
5838,0.0030081322824178558
5839,0.006026745287456724
5840,0.013376460199223231
5841,0.0055859858672973025
5842,0.01635256138140613
5843,0.07449490746298816
5844,0.0016906869117318405
5845,0.003395782510296076
5846,0.004840534428946525
5847,0.011468637589463712
5848,0.06567835531103926
5849,0.004372050506309128
5850,0.003769551006604717
5851,0.007883540317969942
5852,0.011321559094023307
5853,0.00782528871656129
5854,0.023587609009087306
5855,0.006632488675320439
5856,0.04017899735127513
5857,0.06147286548069087
5858,0.019144714079825563
5859,0.09674033235678982
5860,0.004801459054054035
5861,0.052904399308258056
5862,0.03699150235853644
5863,0.007938195007224985
5864,0.01968061127120434
5865,0.01319422661781296
5866,0.008532559697443204
5867,0.004851955705867825
5868,0.010522938993577988
5869,0.05628633944190407
5870,0.004149077133777942
5871,0.1009083810964928
5872,0.015849769945025773
5873,0.003572425768096399
5874,0.02140340061359379
5875,0.00956996395081362
5876,0.011519604028261337
5877,0.003305399529099899
5878,0.0035945182072809646
5879,0.005254222943027684
5880,0.0023929763422916813
5881,0.0018111812216903456
5882,0.3886718043141425
5883,0.007263691288187288
5884,0.062110873135472165
5885,0.02944345475118149
5886,0.02292408557718538
5887,0.002491143652999205
5888,0.05961826430207654
5889,0.009338748227346734
5890,0.017718805295319114
5891,0.006541579354617068
5892,0.016428552995962672
5893,0.07392757764685084
5894,0.0039764847540099185
5895,0.008686239280844613
5896,0.020704513040272945
5897,0.0054903582356267515
5898,0.02761453496091533
5899,0.04401960957233297
5900,0.060930018689450034
5901,0.022747879335908685
5902,0.008850697038042275
5903,0.008304652340874472
5904,0.0038084397705581874
5905,0.016770878170397636
5906,0.004930010624034131
5907,0.020730058058158533
5908,0.019680231333824377
5909,0.05710809103268249
5910,0.0030301425073536643
5911,0.007365161709474929
5912,0.02878847895075476
5913,0.004640819445475228
5914,0.00227555370689787
5915,0.005900881446211937
5916,0.015301118314179098
5917,0.025016071523097348
5918,0.06443258538715924
5919,0.04159770411293713
5920,0.07211596846771019
5921,0.007218476004449939
5922,0.03240216520373006
5923,0.009979409919105151
5924,0.012872746780824826
5925,0.07526856376164479
5926,0.013584742161628962
5927,0.005161953951615251
5928,0.002167151975653868
5929,0.03433878315537845
5930,0.016527923053482736
5931,0.008727312916816242
5932,0.04994591936782731
5933,0.012027985042015032
5934,0.025888984033578918
5935,0.0036564716261919465
5936,0.03978423129442152
5937,0.05334653016190236
5938,0.0020265594873429362
5939,0.04449009701153993
5940,0.001703032762590017
5941,0.007413976794824676
5942,0.014564181000825733
5943,0.0144330341396185
5944,0.1343794817008826
5945,0.07585876732791348
5946,0.008964757594830926
5947,0.002287820573776963
5948,0.0032381043166921342
5949,0.0032938749349395
5950,0.021373422360022473
5951,0.05807400067244777
5952,0.006043664063019163
5953,0.23248046840557832
5954,0.0114275720721041
5955,0.008036384412693824
5956,0.1863508039477087
5957,0.06592698778816174
5958,0.008410682443357057
5959,0.011464911899742537
5960,0.14668493008417477
5961,0.005853574939173964
5962,0.13476797788239597
5963,0.004432094541019928
5964,0.013232532474727792
5965,0.0979078430233099
5966,0.05038880914336027
5967,0.015452954149555293
5968,0.050145798338754044
5969,0.15104955921091937
5970,0.003540566567550665
5971,0.003908175229777036
5972,0.013139570436010712
5973,0.03575619921270818
5974,0.019592574453077487
5975,0.021696319776031397
5976,0.012419578204126208
5977,0.11102389767657322
5978,0.01602316451678754
5979,0.003641173452704098
5980,0.0199159336505296
5981,0.006151043917792125
5982,0.00541145704956575
5983,0.37228803430007595
5984,0.005892167201727143
5985,0.008041940242412877
5986,0.0073366555379002435
5987,0.008280690450559488
5988,0.0060203453094805695
5989,0.007436337357942993
5990,0.0175409730806913
5991,0.016458093192917092
5992,0.0008466928720550136
5993,0.010482901281808342
5994,0.05910810647123625
5995,0.013261117594066129
5996,0.014033257375240296
5997,0.0035812656696414566
5998,0.07169269792365272
5999,0.037385589910013874
6000,0.009408876360860234
6001,0.003170801130085472
6002,0.015811204457987182
6003,0.009849474603746113
6004,0.00588117918076048
6005,0.008188563225745654
6006,0.004347962008181077
6007,0.002942607303844786
6008,0.036644430336193225
6009,0.006727124526363908
6010,0.01160766533656436
6011,0.0051896626367969705
6012,0.020443077577025372
6013,0.005878261708178109
6014,0.14844843886083048
6015,0.0019059940807477948
6016,0.0032633474217261572
6017,0.14183071370616537
6018,0.06687517398214389
6019,0.008221089315673074
6020,0.00491674003030087
6021,0.09612216199553783
6022,0.010920263114311135
6023,0.02771363496836831
6024,0.05650127777310625
6025,0.026058341360284447
6026,0.04605229184547404
6027,0.04996831592423002
6028,0.006761330006058342
6029,0.0674851995363734
6030,0.024791721858234396
6031,0.0019481916444592056
6032,0.3035336604573636
6033,0.003189234375984435
6034,0.0021838382548302186
6035,0.005397162555802391
6036,0.007532448574925907
6037,0.009844124720183537
6038,0.020122849531294413
6039,0.0032413289063409267
6040,0.01098288058806258
6041,0.009467858124060738
6042,0.013974427905982146
6043,0.018659706457085094
6044,0.004644208703972813
6045,0.0054087519179456655
6046,0.007812883868621803
6047,0.019065744689870632
6048,0.003412521361861089
6049,0.007531684233905242
6050,0.039021290186438
6051,0.0951768010745083
6052,0.021776625683804132
6053,0.003372754501217295
6054,0.005910684518750223
6055,0.029398039550682226
6056,0.015468213014042503
6057,0.007723571053283904
6058,0.011336497592038088
6059,0.010092721623356393
6060,0.09040955284001384
6061,0.0083164600578108
6062,0.005074215957069991
6063,0.041418866071205256
6064,0.027572741950196992
6065,0.010278262612869947
6066,0.08284111202489014
6067,0.014867143497006503
6068,0.005951374399261238
6069,0.010310886667816035
6070,0.3371014766245268
6071,0.0028223207326927187
6072,0.011429971375394511
6073,0.019512276083706315
6074,0.08397243311198761
6075,0.0036563827702262813
6076,0.009400673461565904
6077,0.00511129751805557
6078,0.0029617531571780134
6079,0.2397741099712005
6080,0.006661887301176763
6081,0.07397252749914426
6082,0.008772847834684863
6083,0.011756325128881487
6084,0.006446096420407323
6085,0.002208441353033617
6086,0.007212747674230019
6087,0.009340735944880987
6088,0.0025026892881988886
6089,0.016484936266636167
6090,0.005914240299246017
6091,0.06798174484198818
6092,0.021576454451326825
6093,0.012941765024370798
6094,0.0033318352610929294
6095,0.013571817598770639
6096,0.010065144803237717
6097,0.009391528166534035
6098,0.35257965538782027
6099,0.0038398244104082303
6100,0.008132124711945719
6101,0.007251694628185059
6102,0.004268574866454572
6103,0.009796558370905215
6104,0.005948424836843327
6105,0.006659196643105909
6106,0.03132481105295654
6107,0.011531477357995533
6108,0.019671551089186043
6109,0.006941355364950281
6110,0.13936479653587963
6111,0.010980160097293731
6112,0.007532947986297788
6113,0.019199082350898775
6114,0.003468263792511552
6115,0.005577581454288465
6116,0.007644086467432622
6117,0.004825238826105579
6118,0.010994885413202912
6119,0.006417428915769155
6120,0.003818318683025446
6121,0.017032343486253272
6122,0.32761810359515714
6123,0.013796574843898669
6124,0.018865577077388517
6125,0.02367625339660837
6126,0.03506830808721462
6127,0.0039549173972630285
6128,0.10274709170332495
6129,0.10054785160163947
6130,0.030144005062626995
6131,0.005545704308827787
6132,0.011050235505674499
6133,0.00455489982071041
6134,0.006744548448433487
6135,0.013723369610003491
6136,0.044988560655291804
6137,0.006501610716934006
6138,0.006606284434366587
6139,0.015525730902572251
6140,0.0046197529924439165
6141,0.01184294911860804
6142,0.06322273789100341
6143,0.023979995831523594
6144,0.0026220070856367694
6145,0.007356938273695825
6146,0.008304598572777567
6147,0.011215736216225973
6148,0.0057204614480179305
6149,0.004762741534262241
6150,0.012250370833583154
6151,0.06193831404315969
6152,0.008693161504562777
6153,0.07329864156574359
6154,0.004192628192151395
6155,0.043772228716757414
6156,0.01161999607851181
6157,0.0946734610537779
6158,0.06341188923248639
6159,0.01815583190195132
6160,0.06375965025417397
6161,0.0033834676657690716
6162,0.00836526782677074
6163,0.0036200768976686723
6164,0.007664282670649546
6165,0.12614012109560757
6166,0.1216674742658327
6167,0.11384998108961598
6168,0.004533322241478812
6169,0.05283343972253168
6170,0.007751398866967866
6171,0.05789977426170336
6172,0.013515352165115659
6173,0.0014437996399592624
6174,0.02347153414830689
6175,0.021148472386898372
6176,0.03052340896023486
6177,0.01186913371515028
6178,0.009272887257288418
6179,0.009195169756161
6180,0.0466783000498148
6181,0.03287518984518375
6182,0.014517838304265217
6183,0.027947438928930986
6184,0.003492551041408643
6185,0.004952947285194374
6186,0.008484754245580785
6187,0.20253022934827564
6188,0.0020566900005061658
6189,0.017979663686926297
6190,0.03789044592675809
6191,0.0047977518101276154
6192,0.04280863923520335
6193,0.09151917742022349
6194,0.009776326976139421
6195,0.011854528569545933
6196,0.10396848583622655
6197,0.004316257985933288
6198,0.0505997122400819
6199,0.023057375323321486
6200,0.008894102052737109
6201,0.02505700982015079
6202,0.004249715490188185
6203,0.01558347890250275
6204,0.02069880899167486
6205,0.009445772514043257
6206,0.003603940801629516
6207,0.017202545170955565
6208,0.003957611209332396
6209,0.015537516670046245
6210,0.04683793036917649
6211,0.00405920287453332
6212,0.0035818514365717506
6213,0.010156962510618697
6214,0.003652784238809428
6215,0.009042953387182553
6216,0.006990337172371265
6217,0.015600674999353845
6218,0.024895496528868473
6219,0.0021008851799103885
6220,0.1767787250853274
6221,0.003685380344660848
6222,0.03781034513361589
6223,0.011352945136254664
6224,0.011283139223501088
6225,0.015604643009232897
6226,0.007338552002462225
6227,0.03495833837523615
6228,0.05609064809967403
6229,0.01758726414376952
6230,0.014586415870978442
6231,0.009292652797100547
6232,0.007140336510372759
6233,0.0016629337495695066
6234,0.010120312179783191
6235,0.005701510943346924
6236,0.01739174740298461
6237,0.006830063227444767
6238,0.042472182951882986
6239,0.004394091488670005
6240,0.05292136147669483
6241,0.08883143654775438
6242,0.005401445417759287
6243,0.04625460055604574
6244,0.011920159747421165
6245,0.0038011414580804218
6246,0.0790870538118334
6247,0.012629658503657574
6248,0.0038583989444840564
6249,0.011673090300017893
6250,0.0079120451794915
6251,0.013579678321319602
6252,0.007946383625468829
6253,0.011371937718700183
6254,0.010103640802880138
6255,0.00909826796181879
6256,0.013501843645924497
6257,0.0012544915293282658
6258,0.0031639675107199726
6259,0.024698486028775703
6260,0.0068246130111913285
6261,0.1027038068380333
6262,0.005922966721899344
6263,0.01085758690790153
6264,0.0045899421113570595
6265,0.013891854165034922
6266,0.009764026150508165
6267,0.004827201146469876
6268,0.04131763002790882
6269,0.004606751975837332
6270,0.00699935907572078
6271,0.02266661463795878
6272,0.01150329350445633
6273,0.007929366481204193
6274,0.009819408316054134
6275,0.008086297625001989
6276,0.016227425621955966
6277,0.01827970767582888
6278,0.07971026611997814
6279,0.08343175010505488
6280,0.012136884714390549
6281,0.020644536901849586
6282,0.008752921128086956
6283,0.013459211399544913
6284,0.011295121805617462
6285,0.07784151492580366
6286,0.017967736310403284
6287,0.006827266821745504
6288,0.07041340345544571
6289,0.0007109117294127972
6290,0.06261049574279764
6291,0.011511694260500943
6292,0.013688797984213765
6293,0.013774905954315379
6294,0.05425245070009988
6295,0.0014960844807766782
6296,0.01142219705097921
6297,0.035115890283347946
6298,0.0028803445953845585
6299,0.011442035293989183
6300,0.007728424553193964
6301,0.028645348531206965
6302,0.053749354793924474
6303,0.0733226053569137
6304,0.016614474720962547
6305,0.008381406112859325
6306,0.004244151143801662
6307,0.008736383551762072
6308,0.007125853292718533
6309,0.1104537351059573
6310,0.014597450340509051
6311,0.008038855384171003
6312,0.001762722505134693
6313,0.0018923212532758883
6314,0.013866873280250823
6315,0.028480947118924797
6316,0.13282620139025264
6317,0.003570572575861223
6318,0.031853652594614826
6319,0.005545890687248664
6320,0.03455801929859381
6321,0.008132631110683377
6322,0.08920220542189222
6323,0.009868370649762643
6324,0.00579567674259976
6325,0.014732734209850438
6326,0.13075955345351814
6327,0.014101366210146663
6328,0.07032639431020064
6329,0.010123908128402758
6330,0.012707114914780545
6331,0.007029133453757164
6332,0.030250000738280564
6333,0.05673069137106214
6334,0.0124447802865092
6335,0.007647173553375002
6336,0.004922914582401554
6337,0.003977917752358814
6338,0.003186964112497181
6339,0.003587020919553654
6340,0.021444823647803934
6341,0.018079721876577845
6342,0.006172035359054731
6343,0.009032023217378803
6344,0.01888834428143055
6345,0.0024995334662671967
6346,0.013413516709917089
6347,0.005461736150995772
6348,0.09978424730801116
6349,0.0030099904300868647
6350,0.14613328807986548
6351,0.002627599576531452
6352,0.006503704047111657
6353,0.0068796588469396455
6354,0.01023634053181923
6355,0.005097878957413237
6356,0.047750119062494545
6357,0.006415390447216456
6358,0.01540690621614651
6359,0.006701419130203952
6360,0.006884745283302074
6361,0.061391521490253356
6362,0.027219505850698184
6363,0.01656225254557916
6364,0.013592647847566166
6365,0.014111520989456278
6366,0.0039504662674653985
6367,0.007820587562504139
6368,0.019849408754797182
6369,0.011129825711508265
6370,0.006155537783169757
6371,0.004724862182830764
6372,0.057240791614488716
6373,0.003800820971105106
6374,0.01051833236885378
6375,0.005313718804204027
6376,0.12381777515208599
6377,0.028460749449739628
6378,0.027110244001895403
6379,0.020357517516788548
6380,0.04919033476395737
6381,0.006260792273854383
6382,0.02357572260965065
6383,0.05029531363063439
6384,0.06198396962622262
6385,0.13652471436471292
6386,0.04256801304794434
6387,0.04577047600843315
6388,0.005135773795232286
6389,0.006071586038437606
6390,0.005105953035813625
6391,0.012080438889397594
6392,0.03497026887023945
6393,0.044148022444928485
6394,0.03121130121805077
6395,0.0033990231041244588
6396,0.025475752776349423
6397,0.05055721949121761
6398,0.06448586833293321
6399,0.019628404155915907
6400,0.046753478344392564
6401,0.00431230368714313
6402,0.011811426492641525
6403,0.004203233426014545
6404,0.009026926934113973
6405,0.003961330731875059
6406,0.004955762228608272
6407,0.008966783430143432
6408,0.006494794737813066
6409,0.005078423534153928
6410,0.0034372227178571485
6411,0.022945282588021115
6412,0.09731386658151217
6413,0.00353329035758094
6414,0.01709422696004176
6415,0.0030578180803755134
6416,0.011743189209076554
6417,0.0226123109514558
6418,0.006905928186118787
6419,0.006207877075833268
6420,0.041438837810544624
6421,0.018241180431927788
6422,0.01587353522099374
6423,0.0033858582239000797
6424,0.01841813569226024
6425,0.001170339766949144
6426,0.027671540096295667
6427,0.008654171010749593
6428,0.005766259980347795
6429,0.003638687846672276
6430,0.008725279018437806
6431,0.00955046854513507
6432,0.019251501494335764
6433,0.01821537677141229
6434,0.002980412480467594
6435,0.006717135664719483
6436,0.044747315548939307
6437,0.010103114991019384
6438,0.008866606151897846
6439,0.008043229054848692
6440,0.018824777098905426
6441,0.003369002420316173
6442,0.012358860133586086
6443,0.009199407357999291
6444,0.05912792781379152
6445,0.020951918326447563
6446,0.007710412956412984
6447,0.11437167459393574
6448,0.0036254041259405666
6449,0.013354078208859378
6450,0.04943854026689801
6451,0.0024725866951377127
6452,0.004294921765249286
6453,0.03621278191776524
6454,0.06647348264448659
6455,0.009720612951487977
6456,0.0025964171709823404
6457,0.010955042427780184
6458,0.07926289853934455
6459,0.007869595887576195
6460,0.007838192243835288
6461,0.011564429765363354
6462,0.0758463047393977
6463,0.09000846304349633
6464,0.006133996619954325
6465,0.004034511697095919
6466,0.02046188273292771
6467,0.008587313255615901
6468,0.004760125429256066
6469,0.015773269102774306
6470,0.0021222636278356885
6471,0.02763863152191966
6472,0.009600474666519133
6473,0.025321885103084002
6474,0.011921342408001115
6475,0.01901251416308337
6476,0.01808550210441806
6477,0.00479988151750988
6478,0.01564836983537833
6479,0.01830226173006225
6480,0.06232198511084348
6481,0.023593253932991665
6482,0.026954347818248407
6483,0.04572723545486123
6484,0.0020778234865748376
6485,0.2514530490906935
6486,0.30782310350895187
6487,0.008112109805233879
6488,0.009749339475466162
6489,0.030842539574922886
6490,0.008758817043766723
6491,0.05727004015547928
6492,0.014071196705183114
6493,0.0017530041624849457
6494,0.013490060408298504
6495,0.016040250861726404
6496,0.00854696963904812
6497,0.01826682509210382
6498,0.07400569496238732
6499,0.005742327359683944
6500,0.03760258723092083
6501,0.019257739245964325
6502,0.028230701347165276
6503,0.020408432286871843
6504,0.008799444066483739
6505,0.007723761210052676
6506,0.027941868249405758
6507,0.006440398984484147
6508,0.003452242146420889
6509,0.014877407705947554
6510,0.010788056464518856
6511,0.009054947769830598
6512,0.0031702223152584212
6513,0.004970935383862401
6514,0.003329873831272706
6515,0.015653177604849435
6516,0.01109256267481816
6517,0.012726800627772162
6518,0.020433483453504063
6519,0.011591663830618366
6520,0.07134217393284949
6521,0.007872064220061625
6522,0.02362897005163119
6523,0.02163839486174835
6524,0.0039428794735497106
6525,0.10492233469009529
6526,0.007367477041052683
6527,0.01097115696631904
6528,0.009633059066195054
6529,0.19116739188281798
6530,0.0070836581218663396
6531,0.0022479971865916226
6532,0.06130586346921925
6533,0.008428145868747747
6534,0.01373924803473169
6535,0.016363332795211547
6536,0.03242472821492926
6537,0.007166399069476977
6538,0.008994444596188231
6539,0.006863974146474225
6540,0.004301171450343815
6541,0.01369770495531637
6542,0.021894846636905496
6543,0.04404410071191922
6544,0.0908856943223524
6545,0.007428586367281493
6546,0.024316346813223602
6547,0.024720061605278666
6548,0.00269427812909285
6549,0.09774981007126465
6550,0.032486340915752934
6551,0.015890492274503495
6552,0.04382676432915944
6553,0.0035028266251488924
6554,0.06965744140603641
6555,0.007714854689186435
6556,0.008409731921574532
6557,0.007357330993059817
6558,0.011807824546590408
6559,0.07139397168124241
6560,0.08056951659565353
6561,0.00306948663453303
6562,0.007777966901884757
6563,0.12707470244747837
6564,0.008833721721432259
6565,0.006799176003836289
6566,0.018439993631607584
6567,0.0266985346984231
6568,0.0015690650529165645
6569,0.04068578827929615
6570,0.04409143203084099
6571,0.1430758502381153
6572,0.006001277903285894
6573,0.002808458876027537
6574,0.008812922870580853
6575,0.07042654857199548
6576,0.016813763246662054
6577,0.007533824651505954
6578,0.008472858161375635
6579,0.017139917893007894
6580,0.007448969830097702
6581,0.00655901789714492
6582,0.016094159019451167
6583,0.027794388683863722
6584,0.005061974046967406
6585,0.020462021787954688
6586,0.007737846736180409
6587,0.010648249447608801
6588,0.010162526702922777
6589,0.007305894468970399
6590,0.005878972581055599
6591,0.06180240503057257
6592,0.003360529679050253
6593,0.009115957623515957
6594,0.01414788287261675
6595,0.05927327254029665
6596,0.010591709656332021
6597,0.006558211449590717
6598,0.009634884960653043
6599,0.02924310545147044
6600,0.0025486402739602976
6601,0.07743524736711635
6602,0.03481985509422377
6603,0.038855056822720786
6604,0.003554714076173286
6605,0.002300477302967506
6606,0.09698493786274852
6607,0.03987753697026222
6608,0.003918285710997215
6609,0.020213240738252772
6610,0.03727657717765031
6611,0.0030398773267345048
6612,0.02459179007373279
6613,0.10012605522258795
6614,0.006459123476901766
6615,0.007843583651841408
6616,0.03104853861760611
6617,0.03915471549330751
6618,0.03033282586586391
6619,0.008208666941089017
6620,0.017613182996857667
6621,0.00835754590020187
6622,0.005633758398962566
6623,0.007143452681364525
6624,0.009739796593881947
6625,0.1343372613584091
6626,0.010236845718853
6627,0.016409918476946676
6628,0.023072486985262684
6629,0.0139872364986052
6630,0.021366597598660192
6631,0.02691434944178078
6632,0.003380008486170962
6633,0.005121049478816249
6634,0.08422051878731261
6635,0.006668160549910467
6636,0.10517437330070141
6637,0.06845886595727088
6638,0.004008293524623686
6639,0.006985424209834511
6640,0.007522800911519401
6641,0.015569356996335257
6642,0.00728535535830137
6643,0.024699870892518055
6644,0.004041331869274261
6645,0.007164982825426423
6646,0.06598911730169474
6647,0.004655738800644298
6648,0.007972221103099277
6649,0.004677423943546146
6650,0.0034137738039471256
6651,0.004717776135530445
6652,0.00445433745086987
6653,0.006237635275073381
6654,0.004761470396945202
6655,0.04551871807785151
6656,0.008732660165736771
6657,0.005642786325740717
6658,0.006863298262700898
6659,0.00870307822991914
6660,0.016612945931149977
6661,0.009118683408889602
6662,0.0043404516733845325
6663,0.023395750035734807
6664,0.01104405398493999
6665,0.012793386050439618
6666,0.02126683684018994
6667,0.06888431570423513
6668,0.05017676864679757
6669,0.01481740624471805
6670,0.0025456207879437434
6671,0.019097362801932603
6672,0.0042351178338379475
6673,0.025354678077315066
6674,0.01767450322404634
6675,0.0073291056259633305
6676,0.004700270436323295
6677,0.004584303127314621
6678,0.018306717790525406
6679,0.03374449603775568
6680,0.011823736864165732
6681,0.014058342908699986
6682,0.015280261348254448
6683,0.013471861937952497
6684,0.06455458431023307
6685,0.013494458327080154
6686,0.051994385026721636
6687,0.01108715647011567
6688,0.022063885706053887
6689,0.007609625858696835
6690,0.01665012336661467
6691,0.009274556124573025
6692,0.0031719325686176197
6693,0.024140817889919286
6694,0.004146606763975076
6695,0.22609200022044015
6696,0.005977394725324697
6697,0.06831227865119692
6698,0.06167029710210059
6699,0.03238778616609176
6700,0.05182401287236402
6701,0.04830168815358804
6702,0.012200222417865815
6703,0.2817163263713948
6704,0.011760341953276628
6705,0.004590050490198093
6706,0.0027989662712239577
6707,0.006524856424589909
6708,0.0308210260841496
6709,0.02412432995616073
6710,0.012734015844513233
6711,0.002631053050264648
6712,0.016616306777925513
6713,0.010074604595577196
6714,0.009720781351671223
6715,0.0481671432703264
6716,0.010123189980788403
6717,0.002266381200313619
6718,0.15856054701802552
6719,0.008752559210850826
6720,0.0025043394324418323
6721,0.029769623052558564
6722,0.006365661852067505
6723,0.06147234440702014
6724,0.02703212980794101
6725,0.09350798899584797
6726,0.017664136935363676
6727,0.19096295821961107
6728,0.003212805260160884
6729,0.020364377304083647
6730,0.005848572670830336
6731,0.008242390123950746
6732,0.002533568118857998
6733,0.015391528999981696
6734,0.07274889498340834
6735,0.007957663340259954
6736,0.05042794143578344
6737,0.09574013415714486
6738,0.02115682711701226
6739,0.014732620729638688
6740,0.03571690100201297
6741,0.0651463707286311
6742,0.02678917552623037
6743,0.08393900766927882
6744,0.003019113004031975
6745,0.005851957498711986
6746,0.06674641275756227
6747,0.01598838994919272
6748,0.014970402131180614
6749,0.008315439473745908
6750,0.06507768918766951
6751,0.039566403790843564
6752,0.009998546824179897
6753,0.006820170030818221
6754,0.00983606814480028
6755,0.01710935950796295
6756,0.1024997149681233
6757,0.006340641346847446
6758,0.015372286945017247
6759,0.10450626746449841
6760,0.003415426408759775
6761,0.06893838440883673
6762,0.002498228637382275
6763,0.0295111775320449
6764,0.00301303219565467
6765,0.0005699198173656835
6766,0.028897232194627746
6767,0.06475839408188226
6768,0.0022788788040107068
6769,0.040406825233605975
6770,0.024180057979098377
6771,0.004646374726734799
6772,0.005123541734405788
6773,0.08283453838563229
6774,0.1034445257010161
6775,0.017308881026917872
6776,0.015491669423569127
6777,0.043497402526817996
6778,0.007339578969876479
6779,0.07000030851565339
6780,0.0034137738039471256
6781,0.001794461054531257
6782,0.07317970412957539
6783,0.0013636952474747016
6784,0.004005634401026344
6785,0.0062773270930655345
6786,0.016981596317222406
6787,0.006983730399558003
6788,0.00564484198083498
6789,0.17845624211134212
6790,0.002632149710515105
6791,0.015450127914443718
6792,0.01891003795186011
6793,0.05301706507157773
6794,0.03098250742074401
6795,0.007565799065552565
6796,0.01386541572231345
6797,0.015053991008322864
6798,0.0033273514298869
6799,0.007175540010962005
6800,0.009802354351736478
6801,0.038413408420416406
6802,0.00344320175298135
6803,0.006703897806223974
6804,0.016673940950861242
6805,0.003844147653836018
6806,0.006113351416391228
6807,0.009898498361989349
6808,0.0051516472437546515
6809,0.01294073527807717
6810,0.0773634940609287
6811,0.004834300530985971
6812,0.2414714008802577
6813,0.09499467976835935
6814,0.007740529256137579
6815,0.013050592868488588
6816,0.05046667686573393
6817,0.008723187361571884
6818,0.0059610663043585714
6819,0.031206393912329638
6820,0.0019213295938218097
6821,0.019658214010471516
6822,0.016762101053439008
6823,0.037226595557170124
6824,0.021416335619746596
6825,0.009763462549108974
6826,0.06331463938957149
6827,0.02616688686828549
6828,0.012312393089138871
6829,0.004095351051707057
6830,0.09987692520105931
6831,0.1424118008391827
6832,0.01343640307210744
6833,0.002869770439325497
6834,0.0216125475755748
6835,0.01842706930529235
6836,0.12501802125073797
6837,0.00938995688301381
6838,0.005797590501147662
6839,0.010187532113897332
6840,0.018195352889497383
6841,0.06323757996516413
6842,0.08027661233463848
6843,0.004985770287683018
6844,0.006372440923698043
6845,0.0037537059327892746
6846,0.0031346312272604727
6847,0.0059364816901084725
6848,0.026354701451283002
6849,0.06098112010220024
6850,0.003860076790714356
6851,0.06258073911588062
6852,0.12026078886609079
6853,0.22598457794496976
6854,0.39463860731215517
6855,0.010007679712577768
6856,0.020569279069168698
6857,0.1693931415181522
6858,0.007442928482481414
6859,0.031126789974075794
6860,0.003140702616471449
6861,0.10988105513600356
6862,0.011441446594190195
6863,0.004104929605998812
6864,0.018778375638449724
6865,0.004750917747191485
6866,0.019475709173150432
6867,0.05296892543196689
6868,0.013141631023154457
6869,0.004484739571806192
6870,0.04016450791290649
6871,0.03024458218190556
6872,0.01684890942981759
6873,0.0037525825947398663
6874,0.012196196425199854
6875,0.07433867239326514
6876,0.0021143034920462237
6877,0.007107949954285516
6878,0.01567388038192794
6879,0.014875975328325032
6880,0.006116560685476889
6881,0.007837562314960588
6882,0.03133646311684563
6883,0.020039525277791775
6884,0.025823525895969195
6885,0.007543546424272645
6886,0.00940266716813577
6887,0.005222073461291357
6888,0.018173992386608107
6889,0.006223255099498871
6890,0.02075318488181998
6891,0.008280994913522844
6892,0.04431998622854373
6893,0.022605648521362185
6894,0.0014996723610235822
6895,0.005350731487713625
6896,0.012288426026409225
6897,0.13510577642681668
6898,0.004215817191823037
6899,0.07577840438784247
6900,0.06394082785720612
6901,0.0386408251769402
6902,0.03744480609882754
6903,0.06993319793829476
6904,0.005764730416419911
6905,0.12398295119525726
6906,0.04400118924431145
6907,0.06547705785171108
6908,0.011762451703158164
6909,0.007720584364471187
6910,0.004775786482110416
6911,0.007059090322458838
6912,0.08026361375170063
6913,0.012809817631345921
6914,0.008549493079519785
6915,0.006557030014167681
6916,0.004214467010175781
6917,0.005219097042299169
6918,0.03962015132665547
6919,0.001968399137718494
6920,0.10760938606226486
6921,0.01069535507474896
6922,0.009193735451219924
6923,0.10660310284804864
6924,0.06366786259515196
6925,0.008631343633170694
6926,0.002675306294467068
6927,0.04507903555635594
6928,0.0026535993657533564
6929,0.006036805349776724
6930,0.06374761082249593
6931,0.002132487453883569
6932,0.04322879977191978
6933,0.006858174461501903
6934,0.06637013479777429
6935,0.010685271172819468
6936,0.0038655343392431157
6937,0.007293375097868617
6938,0.012193356142657086
6939,0.07360197761219381
6940,0.09178827292071103
6941,0.02036639835661439
6942,0.023922369285299814
6943,0.004028595950116061
6944,0.007807855800987322
6945,0.0035976136095759075
6946,0.012056820195320178
6947,0.014107594874380125
6948,0.05349311374806772
6949,0.04440730416310804
6950,0.0013551098580972861
6951,0.00409043726855892
6952,0.03582609726745341
6953,0.005652345405694031
6954,0.011741298457398497
6955,0.003848285380973126
6956,0.05752096243436212
6957,0.007902822900088346
6958,0.06951884870037593
6959,0.00840148640404365
6960,0.006323124995801047
6961,0.004482638349705569
6962,0.019934265257236645
6963,0.022279663861866115
6964,0.01705868906197782
6965,0.046130634070031915
6966,0.004817767160442424
6967,0.01276397080315429
6968,0.021724565919681055
6969,0.027668249926320786
6970,0.012332465141042753
6971,0.06905699541115899
6972,0.011794332599890404
6973,0.04420750171210749
6974,0.004821246731754164
6975,0.00928479700465678
6976,0.089648117171699
6977,0.002271788519188334
6978,0.06310530382214609
6979,0.005744572663071908
6980,0.00361752734363273
6981,0.0057033808764383204
6982,0.00571080771953293
6983,0.002453713378931131
6984,0.0034039056681108926
6985,0.3236663850572224
6986,0.022858108296965635
6987,0.003285755919153788
6988,0.0073790203339248895
6989,0.0037516043834731525
6990,0.07510105599574053
6991,0.004452660233116839
6992,0.006680732580361068
6993,0.005820009013311055
6994,0.004734229306753139
6995,0.00837429483049444
6996,0.002099635185830714
6997,0.010434204410398466
6998,0.0004462243032776338
6999,0.03683310444805784
7000,0.05053946757601369
7001,0.13829589537190662
7002,0.06811740004818724
7003,0.005591766402747354
7004,0.038212528738932376
7005,0.008297651299478613
7006,0.008377516595383452
7007,0.010742933882422425
7008,0.08572493050167658
7009,0.00605725844642388
7010,0.012129410394120438
7011,0.05076760885207592
7012,0.004749129704212109
7013,0.022894438517207717
7014,0.006161534084279468
7015,0.008468863340554496
7016,0.04026701839725798
7017,0.004742226485671904
7018,0.0056529670341849796
7019,0.041922962284371035
7020,0.007703816534211445
7021,0.007405469216547921
7022,0.07363395910005043
7023,0.017490766450240558
7024,0.0031368693372426327
7025,0.07874406177245834
7026,0.004168516778557478
7027,0.005905918634052966
7028,0.00640857756669997
7029,0.014348432509150626
7030,0.03499657780871818
7031,0.040652903645699866
7032,0.011197865784459771
7033,0.0026644621842700942
7034,0.04795132409171826
7035,0.11778123629249296
7036,0.01857445175784267
7037,0.012426289875986325
7038,0.006322908758165949
7039,0.013008025848290911
7040,0.06831079755751637
7041,0.0020936179038804873
7042,0.004216469061752836
7043,0.009181366879418604
7044,0.07228561652263855
7045,0.005673685594637619
7046,0.005886812082829316
7047,0.009531079885047958
7048,0.00766747283786192
7049,0.004617953958075708
7050,0.0036505388834008963
7051,0.010436789951828012
7052,0.0021034990836825735
7053,0.019049395595035323
7054,0.030602175710634436
7055,0.02962496276117662
7056,0.3200288239110889
7057,0.011186765902803354
7058,0.03505610817245663
7059,0.002068419207318234
7060,0.01470424321818823
7061,0.05261184826800866
7062,0.1442782819672423
7063,0.008721490314027809
7064,0.01467985030130727
7065,0.05032798262581371
7066,0.14952072802347008
7067,0.0050788193258966535
7068,0.03945768699772568
7069,0.025676197025720684
7070,0.012175241110949532
7071,0.15968674781898853
7072,0.2050175855796172
7073,0.07137915053667611
7074,0.14597389597409352
7075,0.004691543253627557
7076,0.004213922120523082
7077,0.005715745361383286
7078,0.0006820541423193082
7079,0.00481781478912774
7080,0.00356987289081592
7081,0.005609978973501703
7082,0.002717487158849838
7083,0.03423127078389828
7084,0.005013519657971905
7085,0.007442835372629536
7086,0.006173218102953186
7087,0.006835963246332186
7088,0.15001624388078041
7089,0.005678313400075611
7090,0.0524411407791637
7091,0.05397527534266905
7092,0.0042538973154972425
7093,0.0026473535679259843
7094,0.010258767495249057
7095,0.012910952784641282
7096,0.05259752556798089
7097,0.009287090095667456
7098,0.007808014357503618
7099,0.012454688881188196
7100,0.029288123827040418
7101,0.22704167350245158
7102,0.004990597295231473
7103,0.003593996351828807
7104,0.0367168280411109
7105,0.0157661198326972
7106,0.00888638936702275
7107,0.0026382583567280907
7108,0.01586444337843319
7109,0.013694391734115203
7110,0.012679820639807113
7111,0.00638871411594977
7112,0.02008102373562718
7113,0.010590510755979998
7114,0.0042235668719698945
7115,0.009839806055494118
7116,0.00929643937536621
7117,0.002039616316289011
7118,0.006262035603683195
7119,0.0163338966383877
7120,0.028482451548786494
7121,0.007935813694699305
7122,0.014135091631419598
7123,0.0057939106021394505
7124,0.009190435869891614
7125,0.0070147286390634216
7126,0.005291904902836956
7127,0.15798356316148288
7128,0.04600517941914547
7129,0.040751190281684016
7130,0.02162879678080426
7131,0.004194889878179725
7132,0.007495370990856952
7133,0.007491422975983554
7134,0.035891148736073145
7135,0.05022609030105099
7136,0.021315049959352985
7137,0.11197127792303972
7138,0.07339577808898788
7139,0.07412341277334424
7140,0.2966267304113842
7141,0.004646064127533956
7142,0.004044208294921158
7143,0.027081515034243515
7144,0.016645702454647287
7145,0.003582593999913913
7146,0.06328387161941465
7147,0.0035773483726127637
7148,0.009823678227687493
7149,0.017184240543496536
7150,0.008921184786759141
7151,0.0022428867302247014
7152,0.008136409595709647
7153,0.009295478689041202
7154,0.0047640673596154445
7155,0.10136389782902672
7156,0.006808792731779057
7157,0.004770594092095035
7158,0.005175217916561064
7159,0.014432111388391256
7160,0.013065664762695125
7161,0.0093485353657968
7162,0.009811473056840088
7163,0.003936852211000224
7164,0.014117730794498472
7165,0.004633842904653611
7166,0.12156244918663507
7167,0.10972470685164369
7168,0.009577290554386475
7169,0.00998036639567138
7170,0.08005873695571696
7171,0.6577037385757337
7172,0.01557729270788256
7173,0.09024893995582345
7174,0.06496384025099838
7175,0.004332155215408275
7176,0.0056019965557572386
7177,0.07904375063886762
7178,0.017462675443091547
7179,0.005491608372024577
7180,0.00252504308747819
7181,0.0028799967750247303
7182,0.003552603252687518
7183,0.011905392920850072
7184,0.0033180765659960223
7185,0.3464011204116265
7186,0.013280970998530098
7187,0.003569467303401574
7188,0.026844864970123304
7189,0.32008116289625327
7190,0.006766565937314447
7191,0.0026486335110720155
7192,0.00169542420427897
7193,0.008322163038569698
7194,0.009889220530971642
7195,0.0020830450295742514
7196,0.0009344395391280431
7197,0.07380368486280872
7198,0.016570872310836707
7199,0.005309559138069753
7200,0.13462631873037684
7201,0.003730118103373224
7202,0.0044590356958145285
7203,0.032078038942532174
7204,0.009706159235349178
7205,0.0028404410059753374
7206,0.012285397072303
7207,0.01481490789832437
7208,0.016471315709210774
7209,0.006249343816567749
7210,0.015914778657017566
7211,0.00638199608146465
7212,0.04502409375732174
7213,0.018242272450987664
7214,0.00896574886382507
7215,0.011263527906481222
7216,0.011547758026667554
7217,0.018615028199121454
7218,0.006873379621363582
7219,0.07357255571351323
7220,0.0050298951635496456
7221,0.011258914507354832
7222,0.01341794654404521
7223,0.044491828678251875
7224,0.05435887253638499
7225,0.009245985128022662
7226,0.04878694568680863
7227,0.0039042891659847355
7228,0.00962080798725394
7229,0.014945243389195579
7230,0.40580593515875485
7231,0.007922105813588773
7232,0.005410053641589099
7233,0.010696133587762993
7234,0.1244649418765052
7235,0.09208026950369945
7236,0.006194136135582988
7237,0.008349914109556378
7238,0.030806786799877407
7239,0.015602370891531828
7240,0.004636729970398569
7241,0.014458040434838212
7242,0.004809494804817239
7243,0.009819462550324298
7244,0.0045581399346599945
7245,0.06220471100394484
7246,0.0036324723613220056
7247,0.21068027673966366
7248,0.0036924625540532083
7249,0.004735302752216362
7250,0.0040128344949597735
7251,0.01059807174261761
7252,0.04975392107907262
7253,0.007379006572512028
7254,0.036645109465600435
7255,0.005891964688965525
7256,0.06226885769235693
7257,0.027593245981022415
7258,0.03294536036499084
7259,0.04416706190023651
7260,0.006271401070242877
7261,0.004524560373897593
7262,0.01067134947597681
7263,0.02009142710349281
7264,0.08680849160402497
7265,0.02696638902431352
7266,0.009366261660083669
7267,0.00806949955988466
7268,0.007281523149070151
7269,0.005455158657240642
7270,0.052417765240830715
7271,0.032993392528205726
7272,0.045797131138033055
7273,0.0072328112340565055
7274,0.0030895990740137493
7275,0.0034187341533106264
7276,0.0064308287241178624
7277,0.03302113546866422
7278,0.06875812599989416
7279,0.011913052307576446
7280,0.02449802896596814
7281,0.013541316185111429
7282,0.0032869347164236023
7283,0.057183209498315894
7284,0.021736889880198538
7285,0.0035744015624327883
7286,0.002898901932711185
7287,0.0016062625625407382
7288,0.05133097736983176
7289,0.03847249859982541
7290,0.009653524223088598
7291,0.08022608368006427
7292,0.006399941011307779
7293,0.0034477883674166165
7294,0.058112489301951
7295,0.01993480538283722
7296,0.05621478117597065
7297,0.05137680997969289
7298,0.0024189927702353248
7299,0.11427877352549728
7300,0.04964763880958656
7301,0.014429054230015415
7302,0.006386237022302878
7303,0.0022089826158235085
7304,0.003450632688933779
7305,0.05889802355047362
7306,0.006538108826660746
7307,0.040316656945419756
7308,0.003711868442690308
7309,0.006689213598677576
7310,0.017953993396575822
7311,0.009555701081603618
7312,0.015518096350192589
7313,0.07413851372989579
7314,0.006326387029023424
7315,0.011694427731425967
7316,0.016532422639011723
7317,0.03759607973182714
7318,0.013150524382494805
7319,0.002951280915457587
7320,0.01647003918083382
7321,0.02576358689142579
7322,0.05250540874232962
7323,0.023921898139429073
7324,0.04356488091832422
7325,0.008049690276583843
7326,0.006249078258999241
7327,0.029378462179063414
7328,0.012358117539448401
7329,0.004681547128313948
7330,0.0034593032990719664
7331,0.006283503003561133
7332,0.007370089968278934
7333,0.011310003268933399
7334,0.012174629795290682
7335,0.11783193233793952
7336,0.040855326088159366
7337,0.010413355932114074
7338,0.005099425109711491
7339,0.007024745231498376
7340,0.002882395127317317
7341,0.015609355505954948
7342,0.0065001460126644685
7343,0.003103277734332191
7344,0.0025692778978174155
7345,0.00375006659869573
7346,0.3380412497775401
7347,0.007273078945758481
7348,0.030376595812374427
7349,0.03307742921946938
7350,0.012558651731025501
7351,0.022013896498591198
7352,0.07329351556147398
7353,0.012678447547767792
7354,0.024233961415956108
7355,0.8645102020069855
7356,0.02400914636099496
7357,0.04336782752529993
7358,0.467784684937291
7359,0.008987732913664472
7360,0.008890488018071227
7361,0.007304269144403841
7362,0.021785129632398363
7363,0.0026893567740294715
7364,0.007403034684587291
7365,0.00878694934708607
7366,0.0034225656649118086
7367,0.04944608975031093
7368,0.05213312494440184
7369,0.0039306872972593495
7370,0.02849138430544378
7371,0.029946669497455954
7372,0.03806677324023971
7373,0.03678669997623938
7374,0.06250026124102329
7375,0.015117816830566184
7376,0.056670862636468554
7377,0.0011623732206947355
7378,0.003947104169602488
7379,0.012852103047639977
7380,0.010554771383399518
7381,0.0033005669833374137
7382,0.08427912211061139
7383,0.007165283662139211
7384,0.00282941010478463
7385,0.04260614625171777
7386,0.05410875719571741
7387,0.020167460718294648
7388,0.005975908270202343
7389,0.010141315436612649
7390,0.005896534563166118
7391,0.007346266193301727
7392,0.010084846656411624
7393,0.04574526084113427
7394,0.011163825500890295
7395,0.020006437956501585
7396,0.009948895610348918
7397,0.00510712979673526
7398,0.007403245716032358
7399,0.0025380635580242884
7400,0.11990360423139601
7401,0.016004211172365043
7402,0.00532614539013921
7403,0.01789691529684435
7404,0.014621980287026
7405,0.008818683279967387
7406,0.006124188756066571
7407,0.010681364960405303
7408,0.004103121061152797
7409,0.02879973865924034
7410,0.016959099528274336
7411,0.0651788702243257
7412,0.02326789350451022
7413,0.009289509322647497
7414,0.003987037046979349
7415,0.016733001054432046
7416,0.018386448779156975
7417,0.009772955400131775
7418,0.007749347070646218
7419,0.0036833132307647937
7420,0.08960969609962473
7421,0.009267586467766672
7422,0.007219167342068623
7423,0.007478068033388253
7424,0.008458602808313054
7425,0.007276941205324258
7426,0.012731014936621037
7427,0.008739221842036142
7428,0.0062701947814708565
7429,0.004026228561192416
7430,0.0038907942608130213
7431,0.010220647884995198
7432,0.01111626083333328
7433,0.003269111846212529
7434,0.008731779166378848
7435,0.0314952987893653
7436,0.024087695791679888
7437,0.011046075597270468
7438,0.004536070686224536
7439,0.014898486112486375
7440,0.008966076997714711
7441,0.0060822384896441735
7442,0.0035296737275179227
7443,0.016765526205809664
7444,0.10204277761730213
7445,0.11056164866075255
7446,0.0033657233381809556
7447,0.020735986748161298
7448,0.005178108037020214
7449,0.006536079346964338
7450,0.03782866729748196
7451,0.032808615850959996
7452,0.00843985255580137
7453,0.03081016832218002
7454,0.011089874735961487
7455,0.0017685493410816303
7456,0.013261271894809652
7457,0.009836269573658397
7458,0.006437533421986621
7459,0.0059483003636605246
7460,0.012828864775471455
7461,0.0633986267335204
7462,0.1160374909090822
7463,0.004212797556281008
7464,0.002474248908771944
7465,0.0036496319998550867
7466,0.0027261106576200087
7467,0.0785305047874943
7468,0.00541547958040975
7469,0.041072073992938184
7470,0.15475901552875432
7471,0.05127242384688101
7472,0.1640173734538303
7473,0.0024381229502624512
7474,0.0614427153389667
7475,0.008702732794474229
7476,0.009536108886171771
7477,0.0008873667776889921
7478,0.006683552096549167
7479,0.01352863241769663
7480,0.014945159565659396
7481,0.007672902934277683
7482,0.010296765823397268
7483,0.004167312769509214
7484,0.0038038251184748274
7485,0.009578738647306254
7486,0.020595510493400113
7487,0.020171046791264056
7488,0.05655203363767797
7489,0.12929478926496193
7490,0.2512736708048962
7491,0.008552483926266436
7492,0.009699146249602206
7493,0.01392974395609509
7494,0.01484878882263996
7495,0.04289699389044867
7496,0.15051188914771546
7497,0.005701784644036168
7498,0.05269834519683759
7499,0.007638335394422038
7500,0.00817588102416473
7501,0.0018636879872528486
7502,0.003032695029762816
7503,0.006426757441461669
7504,0.0179628253583049
7505,0.1550480141885882
7506,0.008635291367640597
7507,0.005310289880052111
7508,0.0112958262284871
7509,0.007963427418984453
7510,0.010283380606440738
7511,0.003828251560857589
7512,0.04184427935925068
7513,0.0026418809780766436
7514,0.011406446525900492
7515,0.010611344683399573
7516,0.011396219593804324
7517,0.007807123953664881
7518,0.00896128830141831
7519,0.01454501577849051
7520,0.004531978439135184
7521,0.0081700865002938
7522,0.007861753528042689
7523,0.015880045461185183
7524,0.06687541784587091
7525,0.004283895785803285
7526,0.010950018077682104
7527,0.11994808711178499
7528,0.1853343400616816
7529,0.0020458187485911054
7530,0.022224154810792787
7531,0.054633398488857454
7532,0.3359831804357404
7533,0.10193147438766753
7534,0.0021714685977446903
7535,0.1429256024607161
7536,0.007399628142381503
7537,0.09853163672295864
7538,0.009354724146371389
7539,0.011149671442569004
7540,0.025574057761602396
7541,0.1502980851249414
7542,0.003643886350744623
7543,0.016219450793510847
7544,0.014357726194638007
7545,0.008329711373895795
7546,0.006869874381176235
7547,0.02765372045872653
7548,0.009738002966477977
7549,0.05321452700805842
7550,0.005289827253745505
7551,0.03252604920661891
7552,0.0038827110775035284
7553,0.03445207173749343
7554,0.01646269150335466
7555,0.05145049221156241
7556,0.14367216423938634
7557,0.05393407550714305
7558,0.16652922097762599
7559,0.008109955083330124
7560,0.22675433875390316
7561,0.020608927747906677
7562,0.1635834345760831
7563,0.016388315098228624
7564,0.05329073414667442
7565,0.0023603751257217495
7566,0.013506554325030465
7567,0.006587078206858715
7568,0.025021691481629867
7569,0.026472899759534464
7570,0.026231394349776192
7571,0.0059891626861516625
7572,0.00398158539587145
7573,0.036194027349982574
7574,0.019229847147574065
7575,0.004827993647829274
7576,0.008721979123745598
7577,0.013493444830247024
7578,0.003676034700940751
7579,0.15071876254231376
7580,0.002560213695171627
7581,0.12645830848088183
7582,0.03833931449696601
7583,0.056652943693500074
7584,0.012302841068397217
7585,0.013895487982009331
7586,0.013629171466645057
7587,0.012165568913379717
7588,0.00424518135685356
7589,0.053421044386646084
7590,0.003166213089038448
7591,0.03452611757419843
7592,0.030739642189739583
7593,0.005085074343988657
7594,0.010050350634807817
7595,0.029919812254919954
7596,0.2870391346104142
7597,0.059336293094825666
7598,0.09725451498036139
7599,0.01157388772179202
7600,0.053113242162618014
7601,0.06988737135902053
7602,0.13675114436657554
7603,0.01758634253081402
7604,0.004592266469795005
7605,0.0013877254967197552
7606,0.006877752107152718
7607,0.006636966348732045
7608,0.011161956018612033
7609,0.49595193611278493
7610,0.006343968813342038
7611,0.007990704560733097
7612,0.011942105938564903
7613,0.0027576766479973625
7614,0.026304462625008684
7615,0.009812781193875226
7616,0.00782525664876874
7617,0.015675784653338052
7618,0.06903478574970322
7619,0.00466499044133995
7620,0.003203508782201374
7621,0.003094019270273192
7622,0.03148373742047453
7623,0.009621519716612093
7624,0.04498997422883855
7625,0.01456716507819535
7626,0.007117153571890338
7627,0.02708612626718629
7628,0.010071645404566756
7629,0.013193767778535644
7630,0.05481291599098601
7631,0.003233193784219777
7632,0.009660325397177403
7633,0.04668575151833627
7634,0.18869123387385614
7635,0.005733661054395449
7636,0.0378124589021212
7637,0.045632775857989444
7638,0.06964752623495145
7639,0.007928053861269773
7640,0.01173943269933287
7641,0.0026557497405121882
7642,0.07933521506377587
7643,0.011868495112324746
7644,0.03964123677586036
7645,0.10896204747965646
7646,0.2649211544284646
7647,0.0036201956361408185
7648,0.09971226032005298
7649,0.008853680105843614
7650,0.020942119435342344
7651,0.02728507788838458
7652,0.2744087528480519
7653,0.01166929691604629
7654,0.7204614182812636
7655,0.017643349616575744
7656,0.0038121882705155247
7657,0.014525887164201045
7658,0.003049931001887701
7659,0.006722327205626104
7660,0.007433267878468148
7661,0.008176633230193128
7662,0.13926230818043214
7663,0.006510212488836897
7664,0.06995405763785022
7665,0.012295660613399144
7666,0.015357542855033199
7667,0.01861931223944097
7668,0.009419909401924277
7669,0.011788893464549472
7670,0.02471430408355948
7671,0.002705083587196304
7672,0.004612451812175017
7673,0.01869215676159208
7674,0.12341616204065925
7675,0.013964265996361512
7676,0.011258917032613796
7677,0.004257250988187808
7678,0.013718237467163653
7679,0.006894520595163622
7680,0.13540863592233762
7681,0.025085783769693174
7682,0.006227718297045023
7683,0.007895695379987803
7684,0.059604297348686414
7685,0.005748420255065816
7686,0.06631143584618306
7687,0.004210447529149563
7688,0.007468445857320191
7689,0.0057869884280444175
7690,0.06161587659947796
7691,0.011381247918088798
7692,0.015074606063176744
7693,0.03960049609626576
7694,0.013121481171930677
7695,0.010938303004171661
7696,0.00815667911888552
7697,0.009229635834257692
7698,0.014726618059550847
7699,0.018930162303548555
7700,0.07058380082295392
7701,0.167645908416292
7702,0.06657230508575036
7703,0.06550284072364715
7704,0.028355731440578038
7705,0.01587369889526342
7706,0.03483766860732816
7707,0.021022534279418432
7708,0.006000957031392566
7709,0.11406071410990594
7710,0.1054823238318326
7711,0.008288974919015936
7712,0.01103280608587629
7713,0.02441273188974268
7714,0.02127477591197664
7715,0.002851063995641385
7716,0.020549567043982163
7717,0.014963335384901104
7718,0.4299639599513317
7719,0.014418297146100734
7720,0.006935715685471208
7721,0.0056304745118271726
7722,0.02355238649802263
7723,0.010229277946885636
7724,0.009550347719859477
7725,0.18959003475482794
7726,0.004670516673238782
7727,0.008814828750218195
7728,0.0071706152049315405
7729,0.022628529559804454
7730,0.057869139605796864
7731,0.0009870780291513276
7732,0.024792862672128095
7733,0.013860988392427602
7734,0.06225477116991323
7735,0.028504485510020265
7736,0.0066216074633012835
7737,0.01642759522945582
7738,0.0019964017716842556
7739,0.02900485074992381
7740,0.0144952617772596
7741,0.008066536590144613
7742,0.008211782771995121
7743,0.011838844468143133
7744,0.007423094495206232
7745,0.051002124877831796
7746,0.016826870396433366
7747,0.03811502882034295
7748,0.03016342213639611
7749,0.016468161605955114
7750,0.0031560963095307866
7751,0.0035207564088870886
7752,0.009562141445200024
7753,0.058174670744589575
7754,0.009157402742839518
7755,0.014633385461147107
7756,0.19718492383122238
7757,0.12219143155135836
7758,0.002927172313175169
7759,0.02025301612749076
7760,0.04103983294732159
7761,0.004842888687200412
7762,0.03091567894228156
7763,0.009497323850858528
7764,0.3040525788465631
7765,0.033192324805083155
7766,0.024529586547504572
7767,0.0042505375869313754
7768,0.005915706967522279
7769,0.09288445866833711
7770,0.020187154462566078
7771,0.008045651233598265
7772,0.24559471607508235
7773,0.004544199634938599
7774,0.016515903765036057
7775,0.020358694539489637
7776,0.007378942449717263
7777,0.007703429058939619
7778,0.0031797787822461037
7779,0.01625200216474332
7780,0.04417421440828601
7781,0.003946141777347266
7782,0.009044016681702023
7783,0.013788172453601016
7784,0.029900662436551408
7785,0.010921612237000625
7786,0.0019355575429834864
7787,0.0018355857708543494
7788,0.016432033550828826
7789,0.019765479934147102
7790,0.007533624841796151
7791,0.04893327574242517
7792,0.0022632060006125007
7793,0.020149286364826047
7794,0.011369374439570899
7795,0.014323176557831338
7796,0.022550590913867057
7797,0.07190694113138052
7798,0.03630433945818731
7799,0.019151788447931556
7800,0.008417371488411311
7801,0.007997066679130896
7802,0.015210515502239261
7803,0.029887505640332962
7804,0.04476195360847052
7805,0.010736062765061923
7806,0.0051387841169546694
7807,0.08214215100802069
7808,0.005701437162360728
7809,0.013010889679288403
7810,0.009325563998174356
7811,0.011057892314020292
7812,0.010661654191019816
7813,0.0062928765431292145
7814,0.004264521427180026
7815,0.017992305749164113
7816,0.01184962267616671
7817,0.04380769741706726
7818,0.00872622312348033
7819,0.01589631247670961
7820,0.009547179339141848
7821,0.008105991135094847
7822,0.003251996901341611
7823,0.056771660212418966
7824,0.006381204318641267
7825,0.029580318377324038
7826,0.007534338822426849
7827,0.0956729523066092
7828,0.013102311961522683
7829,0.004144958501748253
7830,0.004123622871966889
7831,0.00439116198780899
7832,0.007875052236763684
7833,0.005314813919019451
7834,0.008108208382878675
7835,0.0176884376677659
7836,0.003301931791079309
7837,0.009527102363720254
7838,0.0019763116309547855
7839,0.0017041803514971456
7840,0.006866829871356045
7841,0.007621285541000363
7842,0.005499313434746139
7843,0.030285831652672596
7844,0.0791632185263334
7845,0.08539629627470527
7846,0.006812304200779665
7847,0.019456177568263802
7848,0.057424563511695545
7849,0.09002198426397519
7850,0.005278019305717658
7851,0.0015187903478395004
7852,0.01815714439521919
7853,0.04117665932460041
7854,0.0077408574871925305
7855,0.008857830537125532
7856,0.005203785250138678
7857,0.010161608793132253
7858,0.005666452129189832
7859,0.012283672431245658
7860,0.0035144390410095996
7861,0.007086065789045003
7862,0.005438787980162332
7863,0.011540600643097153
7864,0.010112181139635553
7865,0.1611655698791711
7866,0.065942083199276
7867,0.11783333638381138
7868,0.0028851468216070093
7869,0.0029891434997796422
7870,0.013540460789086495
7871,0.06409635221367914
7872,0.008437701144444604
7873,0.10315109787767712
7874,0.01996691974095526
7875,0.0034878405278337453
7876,0.003501629233983056
7877,0.008320528984635403
7878,0.003197989776570669
7879,0.04561193610247367
7880,0.01478475741605488
7881,0.0055529442219770415
7882,0.12181527807528773
7883,0.04220531075679112
7884,0.06586381586247368
7885,0.062246880136988446
7886,0.03499815270899977
7887,0.011537949932398033
7888,0.007261149321616411
7889,0.07305582384499992
7890,0.004744669544744981
7891,0.0054229788494494415
7892,0.0041559667465835
7893,0.008078897721716445
7894,0.01158201958732048
7895,0.008461106951068836
7896,0.007314302958826158
7897,0.07108999676708677
7898,0.0036490190759742233
7899,0.02007472286871667
7900,0.02279798058694014
7901,0.006538001169127265
7902,0.18753777855168458
7903,0.0034213137242024945
7904,0.13207426376387943
7905,0.01228649564988215
7906,0.008109184836837698
7907,0.004750643971822576
7908,0.015802766227111766
7909,0.0032719153550715054
7910,0.0688434967675486
7911,0.009753473760440117
7912,0.014727241085209468
7913,0.013517276775056679
7914,0.01597303432407355
7915,0.048741699922547385
7916,0.008670130496224367
7917,0.008903037584041262
7918,0.2702369866030822
7919,0.11190269101287666
7920,0.004047475887698064
7921,0.2634077040629056
7922,0.275117069176691
7923,0.009106119057954356
7924,0.03147544878374877
7925,0.2711562999902066
7926,0.01065367808100531
7927,0.04908024422318472
7928,0.014076380060611718
7929,0.009532241942203694
7930,0.04721963026408131
7931,0.005104414038388443
7932,0.08229914751212532
7933,0.07313818435152195
7934,0.0020832750254382595
7935,0.010386178807684972
7936,0.002788419969443496
7937,0.007784872571096819
7938,0.006016152494924443
7939,0.10062113085036033
7940,0.0486255819440536
7941,0.01612318590846522
7942,0.01988715178991686
7943,0.003936552065068225
7944,0.009792101380512829
7945,0.006185049249948559
7946,0.003940034905449395
7947,0.0038044752483862745
7948,0.020315453401700986
7949,0.0075473627412811365
7950,0.3131879137097148
7951,0.01171931992618776
7952,0.008497791276313836
7953,0.04283917498010071
7954,0.004522223219462316
7955,0.00992897711352472
7956,0.010667668179411956
7957,0.01275394251042405
7958,0.00404992916329866
7959,0.010195698274886951
7960,0.040649186815423025
7961,0.0073898708230889796
7962,0.013760058307905028
7963,0.3461812857461603
7964,0.009599943624246602
7965,0.003530728419411431
7966,0.013339149485175039
7967,0.005221051028178586
7968,0.019058659294548193
7969,0.008030648705273149
7970,0.006220607556170076
7971,0.020090624665458686
7972,0.35180234417229234
7973,0.00877124280355872
7974,0.002664346351102188
7975,0.00456224247916837
7976,0.008262371561706422
7977,0.005855382271605704
7978,0.07151473713032977
7979,0.0031585529711058023
7980,0.021994340938017696
7981,0.028944926197265568
7982,0.2415445713067682
7983,0.04855039352394202
7984,0.008133261896671047
7985,0.007264643438634374
7986,0.012513735711625175
7987,0.00675206126310898
7988,0.023884350960057713
7989,0.0062784600789352624
7990,0.0106294610151807
7991,0.06539571445796641
7992,0.02047494727784474
7993,0.002697857692915697
7994,0.0642012403475674
7995,0.011654462621718917
7996,0.012162810744683717
7997,0.028521715762338473
7998,0.0163183050074162
7999,0.01631133641199946
8000,0.0033105668663180126
8001,0.010971661610487075
8002,0.34161274160495037
8003,0.005787911284532165
8004,0.06347940984119452
8005,0.13063438150859544
8006,0.021303789328632913
8007,0.016536499349905826
8008,0.1357021213267872
8009,0.0066033958557181445
8010,0.008446446432267425
8011,0.0039401910286212165
8012,0.0076691138565417195
8013,0.03425807979506686
8014,0.007563574620806544
8015,0.11334890046265458
8016,0.005083203393679381
8017,0.004527225048711824
8018,0.013437978377380018
8019,0.015906780211753603
8020,0.017941088748809595
8021,0.006674737216879797
8022,0.012851430134077909
8023,0.007894087890454487
8024,0.006249381632806254
8025,0.0036944848746638995
8026,0.0076342571207837
8027,0.00820145132754622
8028,0.0020877227630957357
8029,0.010803019548828778
8030,0.0038016613642734695
8031,0.01983928593480127
8032,0.008044071001556956
8033,0.02270057272106088
8034,0.006363654056038825
8035,0.011572834686772148
8036,0.020690046681202546
8037,0.03999026026701106
8038,0.024252168655695718
8039,0.0910229208552722
8040,0.014079983108725854
8041,0.010076797519022821
8042,0.0017589247274297914
8043,0.11914535778951796
8044,0.003154583982710178
8045,0.014434212242348247
8046,0.04437884092370171
8047,0.11569902314527614
8048,0.0010575933220425176
8049,0.012986698722483985
8050,0.08374669770390233
8051,0.01057917534129124
8052,0.008208312653458333
8053,0.030022580185202548
8054,0.05180347186483193
8055,0.014557957521106666
8056,0.005907568053611
8057,0.007258398121228116
8058,0.028672536641619114
8059,0.01696108060080449
8060,0.007624498220845309
8061,0.010023012299041886
8062,0.006494893471931569
8063,0.055265555618563875
8064,0.005235483713318378
8065,0.020098923998720944
8066,0.0689061035609012
8067,0.013826908300060906
8068,0.06866371755574245
8069,0.0037364367378386653
8070,0.007874855577197214
8071,0.011326348920864902
8072,0.04094211980715053
8073,0.009668118133496674
8074,0.03468275378042414
8075,0.004815302778782888
8076,0.05003852644056525
8077,0.017479016729609394
8078,0.0033526059628784933
8079,0.009555678437098711
8080,0.02496347558309965
8081,0.03014541132336243
8082,0.003013548504542327
8083,0.0071927608113757655
8084,0.0018680193565656035
8085,0.004181389593858479
8086,0.0019755136622759068
8087,0.007972655634881516
8088,0.015821734434839235
8089,0.11836324055513436
8090,0.0032078429029169754
8091,0.032808581555952746
8092,0.017079811058762943
8093,0.01938639107832283
8094,0.39116065940498124
8095,0.007289576078576578
8096,0.13343468176324008
8097,0.005153250391652605
8098,0.005754453433659883
8099,0.03699393189689685
8100,0.008256505871007777
8101,0.008424042177965317
8102,0.03529532596573322
8103,0.21227764741107394
8104,0.006541977641923903
8105,0.023655398869988256
8106,0.010222672836032606
8107,0.08065430382243156
8108,0.05343065323763961
8109,0.007454010372821059
8110,0.005057720136476625
8111,0.021985831786029683
8112,0.0051553862010956875
8113,0.2263792843905212
8114,0.004276561366914649
8115,0.011645453012888203
8116,0.004224009134594117
8117,0.014103656961344337
8118,0.017840126739091654
8119,0.014431342230278383
8120,0.003156340053392497
8121,0.0021576036153179282
8122,0.02492340849410042
8123,0.04157614564434925
8124,0.06669540358740912
8125,0.021091349598573783
8126,0.03261985036071606
8127,0.00636122637192741
8128,0.021933021032862994
8129,0.013976395753984537
8130,0.0665137495270282
8131,0.024592371605484088
8132,0.004340430685004173
8133,0.381118063567595
8134,0.012117141814021255
8135,0.00804910377489968
8136,0.01573949451992046
8137,0.005944443437712344
8138,0.006477640911181896
8139,0.0025257488202822206
8140,0.0474830948943432
8141,0.016722040264649397
8142,0.014136817197089587
8143,0.015748843423914544
8144,0.006381669310258455
8145,0.28723585585222217
8146,0.002229847131676707
8147,0.0068926260715263836
8148,0.008475354388924956
8149,0.005656624944813628
8150,0.020238941236095487
8151,0.02149813813950824
8152,0.05112281031260093
8153,0.04123577380476791
8154,0.021458423028916464
8155,0.005748499637790939
8156,0.010946684928617577
8157,0.009975697801634632
8158,0.014197647167523786
8159,0.025599172976516003
8160,0.032625714358577904
8161,0.00299086198353887
8162,0.013006027488893526
8163,0.0025743453641681627
8164,0.004489674600950609
8165,0.0012994453894187683
8166,0.01966114195709869
8167,0.008132160263984271
8168,0.012595922637836161
8169,0.05988652705515599
8170,0.03035266576271328
8171,0.012591806871399014
8172,0.010438465766409728
8173,0.06567992973042576
8174,0.00910265110574008
8175,0.03468652455774309
8176,0.008335612623629078
8177,0.0015645438524791993
8178,0.006808117155589999
8179,0.01235523711563888
8180,0.053850846379218095
8181,0.011420582514845639
8182,0.0432921297016651
8183,0.04875637297512169
8184,0.011294540920998578
8185,0.003879922598819698
8186,0.03612973075796209
8187,0.00966040144070568
8188,0.0319848954505529
8189,0.001655952763045458
8190,0.002500459482044757
8191,0.0020149713159695846
8192,0.07074575808009058
8193,0.03343992193196529
8194,0.02589156020588107
8195,0.007915844305243046
8196,0.006693569645830998
8197,0.30413283766440213
8198,0.00369753484060428
8199,0.2866090375062216
8200,0.061546855957415554
8201,0.015121138963654917
8202,0.012775441286792689
8203,0.08981690063919602
8204,0.027678771710956975
8205,0.009361444621320145
8206,0.014146476689887565
8207,0.008724991470511426
8208,0.04749390184599239
8209,0.03568777380827864
8210,0.008247559341586438
8211,0.007005701377110987
8212,0.025164751286835926
8213,0.00285743995684319
8214,0.007864943306665702
8215,0.01627945059300807
8216,0.013373934050225581
8217,0.06432829163079742
8218,0.0019570097016975005
8219,0.08342765597790605
8220,0.059059942405685475
8221,0.020069347919592074
8222,0.016892409718525674
8223,0.08901262516310704
8224,0.0037103794823211815
8225,0.011526126009029834
8226,0.0037934653943330573
8227,0.002815185596930056
8228,0.17834757033618132
8229,0.011313662320738771
8230,0.00831590094893047
8231,0.007501153357852438
8232,0.0066202589508497466
8233,0.010311540785992864
8234,0.007285531150177746
8235,0.012596623566359608
8236,0.022681872621065198
8237,0.012788449364399858
8238,0.055966268634548275
8239,0.007970730879521196
8240,0.07720335412181455
8241,0.008466792697254644
8242,0.07764577267099954
8243,0.0059877877927738
8244,0.00479642895269773
8245,0.011346365715163438
8246,0.004178730871949226
8247,0.07201851513778586
8248,0.009292118808091034
8249,0.0019326514765162304
8250,0.0026862065818255747
8251,0.0019980852441864134
8252,0.005359161146341465
8253,0.008917915966505227
8254,0.006817691887925789
8255,0.04856331583985907
8256,0.014968873527544297
8257,0.009408270573051606
8258,0.03092759746232429
8259,0.021395811038828344
8260,0.008853243735227735
8261,0.010232383756318022
8262,0.04514849392545143
8263,0.013810186960834048
8264,0.015564119910735447
8265,0.009235427145232001
8266,0.06627468111491418
8267,0.0019286793639225188
8268,0.00925948457865947
8269,0.061756236531212545
8270,0.002847716914129243
8271,0.008437389163356788
8272,0.016808593761706354
8273,0.0075103848779557204
8274,0.006337560270195662
8275,0.0032452203841619657
8276,0.0141519201948656
8277,0.04264948268200821
8278,0.04120980861188245
8279,0.00941807080906615
8280,0.010875986082773457
8281,0.18515635752083662
8282,0.0029732145548050865
8283,0.0015543228535310608
8284,0.03343468322823363
8285,0.022458363671992953
8286,0.004736431854210199
8287,0.00991949653713206
8288,0.026744522202782225
8289,0.031194999002022217
8290,0.011855318259249481
8291,0.13086234589376
8292,0.006382592504344347
8293,0.013086650582485496
8294,0.0033385456890759474
8295,0.01853251529116757
8296,0.004930811737681655
8297,0.011277623254484262
8298,0.06373263644998775
8299,0.002592434540026866
8300,0.019336487324753814
8301,0.003157656592235258
8302,0.006890769255627679
8303,0.06541163252678568
8304,0.003586236037499892
8305,0.005591175536079404
8306,0.08245483695047308
8307,0.011463206584896735
8308,0.008320357959283339
8309,0.004832163798957467
8310,0.019199614496026234
8311,0.07124199116715368
8312,0.07384232233246711
8313,0.007296000584758988
8314,0.012832247960403423
8315,0.004509420232182048
8316,0.00803279680703241
8317,0.1292686568360351
8318,0.0031473818359765383
8319,0.006932655293974725
8320,0.010844340279761583
8321,0.017619283934471396
8322,0.00716274708765945
8323,0.00783725399418768
8324,0.1247581784132142
8325,0.021017896506081542
8326,0.008179097002971113
8327,0.004085142613917714
8328,0.008459991451983449
8329,0.009725771610997167
8330,0.004932399813329096
8331,0.0077620853401906146
8332,0.00456519917272637
8333,0.00878171883032572
8334,0.015026456724305552
8335,0.006797936232080638
8336,0.004692342281691227
8337,0.008568383649353644
8338,0.11505429122067755
8339,0.0678358194557789
8340,0.013787156134197516
8341,0.011008253149812549
8342,0.011673844418898191
8343,0.012160341166557195
8344,0.011559516070002432
8345,0.00736628820453446
8346,0.028972727057453067
8347,0.014526418470601423
8348,0.007255178384004206
8349,0.08050266106036129
8350,0.002658115487739076
8351,0.007184817595693972
8352,0.009057974510794752
8353,0.028099710616133658
8354,0.007543907709470537
8355,0.006385726315872701
8356,0.0062921382643403
8357,0.02730619364975065
8358,0.018871485637329845
8359,0.002826460185954742
8360,0.09396781519362159
8361,0.1044968194576569
8362,0.009236885027867353
8363,0.009982705882060456
8364,0.04802444602182774
8365,0.07860705317835245
8366,0.06840027554890547
8367,0.02088768096088363
8368,0.007207138170282852
8369,0.0074235181719792135
8370,0.0058463760905952435
8371,0.010151230515003223
8372,0.004413625739922512
8373,0.038358565330808864
8374,0.0093074017309921
8375,0.016565752400548042
8376,0.004589248525516309
8377,0.02255122292103255
8378,0.014684049963682643
8379,0.011911781575087653
8380,0.008545974815192458
8381,0.007902844021655848
8382,0.013376091386324921
8383,0.03077519070441575
8384,0.012653697905363769
8385,0.02059832758381963
8386,0.007103245532633736
8387,0.022848220294590268
8388,0.043365312224474505
8389,0.06852582477897792
8390,0.004025253071613305
8391,0.0036698090619504057
8392,0.006508740148603314
8393,0.06545590572717738
8394,0.07288842308011238
8395,0.0155363323002258
8396,0.010312321326967596
8397,0.026291202128278183
8398,0.019253856033226734
8399,0.009423070391874847
8400,0.009664642402979163
8401,0.014890117540995462
8402,0.02940405697424143
8403,0.011398492354928989
8404,0.01483381004168711
8405,0.034057737536272725
8406,0.011793633739309264
8407,0.009711916006497942
8408,0.00486093858836391
8409,0.004466582644603179
8410,0.009161972972287954
8411,0.019418130668686303
8412,0.05116348710639553
8413,0.03246273770011583
8414,0.040748921760260605
8415,0.016250765967905624
8416,0.008377372356094938
8417,0.08386329497448534
8418,0.009562910797213511
8419,0.019013740149570094
8420,0.05645937433032312
8421,0.07959631442814179
8422,0.007459581556121334
8423,0.004239119418865941
8424,0.034344055804588235
8425,0.015897792496711947
8426,0.007286097410572554
8427,0.009477328058709756
8428,0.04807780220218296
8429,0.012268022361850879
8430,0.0296661117462161
8431,0.02722178746881872
8432,0.03783630140434122
8433,0.0037654331802718026
8434,0.004670796187392769
8435,0.0031430308411030776
8436,0.02283271746061678
8437,0.024475713251047526
8438,0.011378036456265651
8439,0.006413004646638552
8440,0.04550133407643831
8441,0.008140305384509477
8442,0.014276942159070584
8443,0.006747519257540557
8444,0.0520691519815915
8445,0.007706436084159185
8446,0.07338571804993625
8447,0.014121470282367973
8448,0.026962057107454918
8449,0.0009970804356602197
8450,0.21764810044517585
8451,0.013682446381029707
8452,0.0470486610730552
8453,0.012063585856751187
8454,0.03127425975798339
8455,0.00360173953819414
8456,0.018923620706582246
8457,0.013032114805442318
8458,0.037003968992894314
8459,0.008969607493218006
8460,0.0016007808684898963
8461,0.005692402214685995
8462,0.012453726964695658
8463,0.020743787464020693
8464,0.019707771042442555
8465,0.031968817675094095
8466,0.11557670356869247
8467,0.012803143194064129
8468,0.05825357068396527
8469,0.005105665809211742
8470,0.010989899184896077
8471,0.003386150389775978
8472,0.008331028667018531
8473,0.05992846381838719
8474,0.010048739368310956
8475,0.005490060344661406
8476,0.002070076329103322
8477,0.024159497718396344
8478,0.013002954314881264
8479,0.09732780449170118
8480,0.007664047354556329
8481,0.00886602515465982
8482,0.006259563519673138
8483,0.04223103639682199
8484,0.062271993969671896
8485,0.012082959988264112
8486,0.021717338349759426
8487,0.046501133227299596
8488,0.03880649979201246
8489,0.012135692855469653
8490,0.00793755054072637
8491,0.06855967003457783
8492,0.012384240000531416
8493,0.0038032147349400204
8494,0.0020375126740309964
8495,0.06298252495392886
8496,0.0042086041680367515
8497,0.04916395136734082
8498,0.013655847096580628
8499,0.008494968499475683
8500,0.0069111080667513345
8501,0.009753559781691503
8502,0.0077121017700973946
8503,0.007095244501474396
8504,0.03141300204480503
8505,0.014031785746868228
8506,0.009271173810888479
8507,0.003124660451236794
8508,0.005362244029607503
8509,0.0012051028642282454
8510,0.011943746445527703
8511,0.006683554028538507
8512,0.0022294777878035413
8513,0.0172719181004823
8514,0.007123817928049426
8515,0.0093443557444494
8516,0.006972965958279346
8517,0.07009884724533207
8518,0.016293836304455966
8519,0.07315205220192385
8520,0.015209927237091404
8521,0.004256168177845567
8522,0.00671978321311373
8523,0.00811136370692328
8524,0.02803149834205042
8525,0.01134336136454644
8526,0.029591741388219763
8527,0.023667061080045775
8528,0.02856492084527096
8529,0.004264936657814984
8530,0.0021554663941901354
8531,0.018857093796535083
8532,0.01581759734402987
8533,0.007724546611081098
8534,0.012674956402413557
8535,0.013870334839225026
8536,0.05185955885035139
8537,0.0077329409303900235
8538,0.013602216140389969
8539,0.009685689238999966
8540,0.005116171381462509
8541,0.015506653612295057
8542,0.004697447500949903
8543,0.02256843086415165
8544,0.007775524409862833
8545,0.002884592480818355
8546,0.029197840988172675
8547,0.001423686100000623
8548,0.04416195958515803
8549,0.004434249645557804
8550,0.0037138232399045964
8551,0.04598397018103385
8552,0.0032585409605658208
8553,0.0054279838646285085
8554,0.015536372713192376
8555,0.009878902470017806
8556,0.013367018405915183
8557,0.008467834559247338
8558,0.002856494405559524
8559,0.021578476398546195
8560,0.005928184328629573
8561,0.014088890059388294
8562,0.06817936678468559
8563,0.03923946464412511
8564,0.06958937191638388
8565,0.00912103912515956
8566,0.00407422830593462
8567,0.005922884710176284
8568,0.055534612837430705
8569,0.010920453249812518
8570,0.027505688218173955
8571,0.03376032973703068
8572,0.01284784050520913
8573,0.0020129789190772127
8574,0.21903616890919578
8575,0.01244369136216388
8576,0.11539652647100017
8577,0.06394643617170778
8578,0.04045635221939358
8579,0.0700091016274215
8580,0.029435381844136115
8581,0.04470441077525967
8582,0.08015475768518593
8583,0.03061887517706729
8584,0.07606298023225702
8585,0.004765119097418496
8586,0.0031679804458872277
8587,0.011910683483820808
8588,0.01177800374382459
8589,0.10968548382601188
8590,0.02382424912116061
8591,0.039973927008875566
8592,0.06273010020494853
8593,0.008177938961341023
8594,0.033502304635533144
8595,0.0019733493885937723
8596,0.004909966137790766
8597,0.0027042658997596617
8598,0.00931091260915552
8599,0.003977611831796521
8600,0.009388592933406744
8601,0.008837388987750308
8602,0.028602386110180678
8603,0.0136503659137213
8604,0.009707736488139346
8605,0.010959962917575896
8606,0.026639634753048765
8607,0.002562241525420765
8608,0.005590608439413803
8609,0.003604244898451915
8610,0.013771476186580171
8611,0.0030225305201318623
8612,0.005546960125939466
8613,0.06313527378945658
8614,0.020513825988723717
8615,0.022251531014101288
8616,0.0026441687555118242
8617,0.0430368284231722
8618,0.011676079238993975
8619,0.002888545348001993
8620,0.005204249426003336
8621,0.0290210085541335
8622,0.014810785913696745
8623,0.006962716688519594
8624,0.005852956706861494
8625,0.017600186812815374
8626,0.00789277304923405
8627,0.06896450335844792
8628,0.09278933693791781
8629,0.008633339335716873
8630,0.00466794224678872
8631,0.010405414647670988
8632,0.00955251392768143
8633,0.011022582833263106
8634,0.007074608528898772
8635,0.0754109080015092
8636,0.007326260532386234
8637,0.11045638507512273
8638,0.003916614109817381
8639,0.010210400131435307
8640,0.03413654519695528
8641,0.028318899079705525
8642,0.00498741092676961
8643,0.005673227313028283
8644,0.02060148267839805
8645,0.015283371797376035
8646,0.0022810884386703116
8647,0.0034259036368884436
8648,0.061388615151683215
8649,0.016368764992266003
8650,0.0030595275497764716
8651,0.070263127720643
8652,0.0720893981314251
8653,0.036992226982263204
8654,0.30746991753773983
8655,0.01430388928869792
8656,0.07001648711603703
8657,0.011496948788088806
8658,0.01873493831006558
8659,0.011752266546679014
8660,0.01202737270496653
8661,0.014581130428965427
8662,0.07272670252580211
8663,0.007519020834665398
8664,0.008365249455550538
8665,0.01182158270315372
8666,0.018262652036608564
8667,0.054039456807115874
8668,0.15226545063719416
8669,0.012682742460144641
8670,0.012996098886817157
8671,0.0024585397612712917
8672,0.015607302624618699
8673,0.02461131765236131
8674,0.008503672389413327
8675,0.006839950000058475
8676,0.005515358829967064
8677,0.0036444822379822204
8678,0.00979254561694406
8679,0.18791439584775818
8680,0.03228937793696034
8681,0.0720625204901117
8682,0.021277308192379333
8683,0.004062474819267278
8684,0.005422517524047624
8685,0.046874189444399
8686,0.022281813968092017
8687,0.008812191202391847
8688,0.03923339574239586
8689,0.0720652878701405
8690,0.048859659803811385
8691,0.014408196024155787
8692,0.011160905449188945
8693,0.0032581737485968677
8694,0.008893831604335371
8695,0.0076523522241450275
8696,0.037427085349761066
8697,0.03830079184161441
8698,0.08061468827508148
8699,0.13133821807810037
8700,0.012226229354021947
8701,0.01692343105079885
8702,0.004918095415248993
8703,0.12353247363162231
8704,0.0053619120931966665
8705,0.007360882633718285
8706,0.0020228625383696213
8707,0.0124423703974609
8708,0.07801076452753021
8709,0.02136010696505865
8710,0.00832270457530107
8711,0.1247132655778188
8712,0.007874906895305936
8713,0.005157072306711369
8714,0.0040004841031211
8715,0.0127634089075886
8716,0.007152219520910962
8717,0.006357243691551136
8718,0.0969038769372339
8719,0.0037253950741658643
8720,0.006397324293272233
8721,0.007175225770730727
8722,0.0044786402122629744
8723,0.002621386960698156
8724,0.16421215337449893
8725,0.0027985589359810817
8726,0.006932210592074926
8727,0.07407238436215334
8728,0.004571623299538882
8729,0.005065286279055731
8730,0.00841940967387321
8731,0.0037770673863905
8732,0.012390352024520435
8733,0.007596064476329779
8734,0.009086530794879913
8735,0.010043478555872787
8736,0.011064884784584875
8737,0.0038160163959439415
8738,0.11995096338996447
8739,0.025071078754907425
8740,0.037074018456282054
8741,0.06314570286032602
8742,0.008241485123415508
8743,0.010172022795350415
8744,0.012973745149290514
8745,0.035870300031035404
8746,0.010790816637564779
8747,0.0032969384453363213
8748,0.06820346752195516
8749,0.01067673153255754
8750,0.0052188438004885295
8751,0.005095410852187061
8752,0.009626922563116626
8753,0.007884559324102456
8754,0.04311658199948272
8755,0.003769078177607069
8756,0.003709968671283401
8757,0.0028237429985646574
8758,0.00926159670329575
8759,0.01628943517658031
8760,0.06089418504820788
8761,0.007713174613171984
8762,0.018649662434720042
8763,0.003592017801274571
8764,0.013403853994169691
8765,0.0013522882055932294
8766,0.010450728619005322
8767,0.0041300235623376175
8768,0.0019181330763465038
8769,0.07977388817100893
8770,0.014537383404862636
8771,0.006354206802287647
8772,0.02459586281456231
8773,0.004811118357733954
8774,0.005266504590726526
8775,0.11041032292229483
8776,0.007207226011025655
8777,0.020521082391864908
8778,0.07593175432208282
8779,0.0009185755357261086
8780,0.01389781629339087
8781,0.006227154471065787
8782,0.011548677055551711
8783,0.007854499960871885
8784,0.030097147416595325
8785,0.007828472177037242
8786,0.007357751986386198
8787,0.006411587520911654
8788,0.012216725651495248
8789,0.005726046486310684
8790,0.003981261248062117
8791,0.025004119372423163
8792,0.007813114695546176
8793,0.01166890970090585
8794,0.025049159778257273
8795,0.022556723787386147
8796,0.015409369056635355
8797,0.013568016316785392
8798,0.00981307740590599
8799,0.004620189190651959
8800,0.004544932740551566
8801,0.011580027314961251
8802,0.005249841198683335
8803,0.00992808231001479
8804,0.008251828324137159
8805,0.0018072663037714666
8806,0.06193877600327199
8807,0.010715028994110969
8808,0.01941830278324009
8809,0.004712710084671446
8810,0.0017859335832612552
8811,0.007350136297207691
8812,0.031697303101311594
8813,0.00720850225429951
8814,0.008122221169414448
8815,0.012612297412789335
8816,0.07606933214216305
8817,0.05838947671644078
8818,0.0031773932814557026
8819,0.06200974295787052
8820,0.020341518031400115
8821,0.0029597897503005053
8822,0.0014688037784249825
8823,0.00789734251271154
8824,0.044138118501572496
8825,0.0032154267165636456
8826,0.015106616562213978
8827,0.00394624711790325
8828,0.025807285755135485
8829,0.013273520302773316
8830,0.011374120279387827
8831,0.027024099448552722
8832,0.005108970519413139
8833,0.06446410761789904
8834,0.20382778726465212
8835,0.08565922178992799
8836,0.006534567667396589
8837,0.007874282509122523
8838,0.026305921519464284
8839,0.06997278022164201
8840,0.0017103491909332882
8841,0.09004095888154887
8842,0.014072889154129473
8843,0.046509337028383314
8844,0.025180655523814863
8845,0.02917664425591548
8846,0.003994701527378778
8847,0.008050393935679344
8848,0.03991454517937245
8849,0.008662496025557452
8850,0.02766991511347299
8851,0.010880655459828529
8852,0.010158313385755685
8853,0.009190838065184443
8854,0.04164865129742646
8855,0.11630392822406012
8856,0.009256985421810788
8857,0.006311157504370175
8858,0.12098037261202556
8859,0.03209370954759985
8860,0.025810810403297666
8861,0.002499850369175202
8862,0.05008208877357907
8863,0.016158518032872157
8864,0.002602003263888289
8865,0.1417163238515702
8866,0.03149760867563812
8867,0.005398506602005087
8868,0.15451648617783803
8869,0.001986445159737497
8870,0.06419542547042692
8871,0.015911877367135528
8872,0.032992785628811215
8873,0.004060271726227025
8874,0.002260890402012384
8875,0.0028841508170460127
8876,0.022953805506514952
8877,0.04148037688517392
8878,0.14402470279285437
8879,0.01695930857565988
8880,0.0039170819402398515
8881,0.0017612027891850972
8882,0.0014912416447692336
8883,0.0026262504631330693
8884,0.016596890349175723
8885,0.00289567543794244
8886,0.03450471097926388
8887,0.005952907852159733
8888,0.003951934683147513
8889,0.00821851171746217
8890,0.0020680373358564464
8891,0.015898955305958293
8892,0.03269567824003472
8893,0.004502629751375106
8894,0.011146098469533853
8895,0.014881383895400325
8896,0.0036621653855413373
8897,0.0017048045090091565
8898,0.002677290780149413
8899,0.008869286708878816
8900,0.0006181130559997307
8901,0.012756547186449238
8902,0.008346704819320237
8903,0.04167013875413737
8904,0.09588259391740503
8905,0.008588145469537936
8906,0.038147713705713335
8907,0.04695764652869939
8908,0.020440496658551577
8909,0.00718699362178279
8910,0.010238766902046866
8911,0.019879782568112347
8912,0.02767472889589599
8913,0.0045934963090488974
8914,0.00977094569118525
8915,0.00917177412933073
8916,0.0038753357628636188
8917,0.002905231257642772
8918,0.04617909880468628
8919,0.006516110013667442
8920,0.012385932784507394
8921,0.007724088206555614
8922,0.14087002930300094
8923,0.006671358028413995
8924,0.06236888839936612
8925,0.07109153891999866
8926,0.02056588421656087
8927,0.006249660920101999
8928,0.030733197642389284
8929,0.00848743518713986
8930,0.0021938510617185623
8931,0.006469196154912653
8932,0.018955461297379173
8933,0.0016028102656602545
8934,0.16529399455281457
8935,0.027686517349324213
8936,0.004360548851829974
8937,0.007648711281434541
8938,0.003326371866236728
8939,0.05812053461208353
8940,0.0010479840481121803
8941,0.010427266264411157
8942,0.009518894368124767
8943,0.0024720166945014803
8944,0.01159424586179036
8945,0.011890965953930783
8946,0.013667643836860139
8947,0.007139832012039762
8948,0.00975084815358874
8949,0.03209866166471956
8950,0.057572536450616454
8951,0.005378523775032622
8952,0.021997160920155592
8953,0.025900915560408917
8954,0.05923338967439921
8955,0.007034689962552848
8956,0.009359445017093748
8957,0.006766540211224208
8958,0.0038287975897284506
8959,0.014838425123467992
8960,0.009065971251250181
8961,0.018398245300730365
8962,0.018322010570467465
8963,0.007522619788031011
8964,0.11361544400916485
8965,0.015231575349334175
8966,0.008921712171927564
8967,0.0891425389441471
8968,0.0924177821596474
8969,0.015305826083297572
8970,0.017248632737692993
8971,0.005640895043888506
8972,0.007482629132564401
8973,0.004605681154178068
8974,0.01057621428064392
8975,0.02750304200005356
8976,0.044852702075683
8977,0.2174820740173673
8978,0.02700644214165574
8979,0.06303692200721926
8980,0.005976089113599369
8981,0.004847195539272753
8982,0.009177751077297453
8983,0.05934532009868345
8984,0.10173536791161097
8985,0.0062536532442902405
8986,0.001536685601224689
8987,0.06535600733785027
8988,0.06976669008369094
8989,0.010485977581285466
8990,0.014953952658861867
8991,0.003765053767500819
8992,0.057781449553841284
8993,0.006941216398265311
8994,0.0631114865393004
8995,0.032316699999137805
8996,0.014905301076216376
8997,0.017022104934197268
8998,0.010797065017217947
8999,0.0031269593583472884
9000,0.011139437500443475
9001,0.0050618097082199285
9002,0.33684509698438
9003,0.011807695732649453
9004,0.006843739761362715
9005,0.004454859950046916
9006,0.046138579471449545
9007,0.2149418230950845
9008,0.01025264017450683
9009,0.020891152491137488
9010,0.016255173839189847
9011,0.029928490060392405
9012,0.007239227723590488
9013,0.0037006161067047673
9014,0.023531573929576145
9015,0.06550031567287196
9016,0.06148437145254795
9017,0.11293478303814987
9018,0.008782930208481716
9019,0.027851370832443035
9020,0.006779031032763958
9021,0.025264107060173225
9022,0.0020527338852321304
9023,0.027385205783810367
9024,0.06265987654581501
9025,0.03703387156001789
9026,0.0028675488144758302
9027,0.005572897932716696
9028,0.06524284768305148
9029,0.013879033463556269
9030,0.02879503379833466
9031,0.018624904513259356
9032,0.022001505135079036
9033,0.03557929074162769
9034,0.02881808434664374
9035,0.0038185391760368194
9036,0.0037592375357163327
9037,0.06388687522675
9038,0.11750028238014808
9039,0.01869691623974602
9040,0.027736278204774763
9041,0.054696055355306375
9042,0.014712884977145327
9043,0.06792024364808703
9044,0.008019424988357072
9045,0.016168832743105488
9046,0.011917941243084637
9047,0.06740438091297249
9048,0.0014766457647056091
9049,0.014136820139861702
9050,0.0503387683883811
9051,0.005177375071730769
9052,0.03316853973041902
9053,0.007565624965319213
9054,0.01188325251517686
9055,0.009201703948319623
9056,0.004080540397115626
9057,0.003237864485180274
9058,0.00739194940954749
9059,0.046733817772443884
9060,0.0079344492191812
9061,0.006007521257478986
9062,0.009315164763861251
9063,0.011969948919286148
9064,0.004577373107997269
9065,0.046972888849852734
9066,0.017800403508601313
9067,0.01100593357627785
9068,0.012579656106311747
9069,0.0027840126953817008
9070,0.0035483275218691195
9071,0.005947442530001237
9072,0.0036325501749536505
9073,0.1303186163394831
9074,0.0034783008317498033
9075,0.007593335408238888
9076,0.007314101230427421
9077,0.037250597620734696
9078,0.19403427155167832
9079,0.004110938743828413
9080,0.010767421452060054
9081,0.2846536066200933
9082,0.006174036462709608
9083,0.004403534085807382
9084,0.00818173556468913
9085,0.003586139305545395
9086,0.058636344418857386
9087,0.0750913458232271
9088,0.03060005462823886
9089,0.02703868090521204
9090,0.0013619210302457329
9091,0.014315758121964013
9092,0.04511319421588038
9093,0.003088102339381312
9094,0.005668918762289748
9095,0.025422908464851592
9096,0.04623668377980563
9097,0.0022772078976017254
9098,0.016683478568318665
9099,0.006397705858351935
9100,0.04242559451469592
9101,0.00785159623290888
9102,0.12669858440472198
9103,0.048571561015012435
9104,0.0020618539658870897
9105,0.010964003538437187
9106,0.04487633222728718
9107,0.005725661618601045
9108,0.012135692673038089
9109,0.010722361758637134
9110,0.013602565195756339
9111,0.02661511747176401
9112,0.0057476771603458205
9113,0.011888093193485515
9114,0.003229137915330087
9115,0.008116662387060491
9116,0.0019670018154522005
9117,0.007377315372036975
9118,0.06100659507781688
9119,0.13834111001186025
9120,0.017388257230285607
9121,0.0321834769265182
9122,0.0020037629237934355
9123,0.027725159639049625
9124,0.008610013388995277
9125,0.05701145212320783
9126,0.012313592445909861
9127,0.027700856648636436
9128,0.07352496269522421
9129,0.007044613283781084
9130,0.011780178430179903
9131,0.007841399584176163
9132,0.01040658175625106
9133,0.004315993434860862
9134,0.007043169309497729
9135,0.014592934638404895
9136,0.005683923763040155
9137,0.009974355425158964
9138,0.0029828486508194367
9139,0.10027320810307896
9140,0.02444106964229235
9141,0.00484811192606456
9142,0.003630384552698853
9143,0.001962837721095373
9144,0.10859710643311543
9145,0.011894380993856814
9146,0.11055895871213857
9147,0.02009512693686826
9148,0.008850094251197234
9149,0.0047549632052028635
9150,0.012132821689926953
9151,0.011779026667149032
9152,0.023016359718844432
9153,0.012369150900514037
9154,0.0070851834748459665
9155,0.02415521632874137
9156,0.0422043893942909
9157,0.012596185696811856
9158,0.006834255436998791
9159,0.0072166235367119615
9160,0.006881685713323807
9161,0.009636301339724103
9162,0.0080560494672146
9163,0.020278608230071195
9164,0.007178223646012413
9165,0.04162868201423142
9166,0.020732282107264775
9167,0.0040625663001063435
9168,0.009594044685648919
9169,0.010821550409158196
9170,0.1432743550438252
9171,0.15024520313585196
9172,0.006619435716977037
9173,0.02817742831905771
9174,0.024560379155403437
9175,0.1307742237222549
9176,0.002965062073044363
9177,0.043218507933369114
9178,0.004497044147714699
9179,0.013484849661553343
9180,0.038665421833622635
9181,0.011478925196079674
9182,0.01729145607203891
9183,0.02186223430507447
9184,0.014156339097643798
9185,0.004572744356380964
9186,0.012505686147528283
9187,0.0053700246169697
9188,0.005324769603811339
9189,0.020156843093283947
9190,0.016606009064788766
9191,0.03610578982256027
9192,0.019560389766613184
9193,0.012256753506748314
9194,0.012563158263988359
9195,0.005587981455660281
9196,0.020289803453210627
9197,0.0052287810776356644
9198,0.005949507760578607
9199,0.008688167106963908
9200,0.01252057427542778
9201,0.02248016715311343
9202,0.03863039318758845
9203,0.0046365838126114015
9204,0.008110905773242204
9205,0.00814058462938211
9206,0.03938353169748345
9207,0.0011491907655273273
9208,0.012873630915932157
9209,0.009177459735318702
9210,0.021871449911946124
9211,0.02679554346526586
9212,0.05946292343679971
9213,0.3539819476271745
9214,0.006008264904643626
9215,0.011993223395006443
9216,0.0028919251017164548
9217,0.009258513510658862
9218,0.007033924956356779
9219,0.0030751083632938377
9220,0.07413269130257262
9221,0.008762537928140824
9222,0.2887836330442239
9223,0.0023743881030482247
9224,0.006230939451758134
9225,0.007116924112717157
9226,0.029192780474055022
9227,0.08455797548950066
9228,0.009677770760357906
9229,0.08274174976051443
9230,0.01654440877151825
9231,0.013174382994859244
9232,0.03887521290198186
9233,0.10718174515034211
9234,0.10619162699878545
9235,0.03116986045549384
9236,0.019634493513609293
9237,0.1306084722950742
9238,0.01698810123766206
9239,0.004087805933258643
9240,0.009368143499157834
9241,0.015407352841780866
9242,0.0023893615027912496
9243,0.1337826131593372
9244,0.0045092035545194285
9245,0.004081391192017638
9246,0.010963552092118377
9247,0.00786364393952699
9248,0.005083294311657945
9249,0.045316610401105774
9250,0.004653949478738036
9251,0.31587701467079726
9252,0.04440818863730604
9253,0.00703149367418233
9254,0.00776723142161894
9255,0.008362869719881188
9256,0.006018504385842189
9257,0.007562920056293878
9258,0.007249044021767701
9259,0.010975221473803313
9260,0.06591463307183058
9261,0.0015955058579350402
9262,0.0067639963417482915
9263,0.011116597106578313
9264,0.0034967894924204167
9265,0.049690329531998235
9266,0.004076713179212472
9267,0.003207597298103994
9268,0.005518279716708303
9269,0.004635793665015813
9270,0.2846771395688115
9271,0.030290445935461395
9272,0.016607241675228472
9273,0.019159258815836307
9274,0.014528244604759334
9275,0.009188334855870953
9276,0.005933697074101534
9277,0.006584448126397448
9278,0.013724462971260256
9279,0.03090705958542989
9280,0.011219145629627409
9281,0.040016009232544995
9282,0.013046900362340411
9283,0.005159852655143994
9284,0.004128448173542996
9285,0.0798161618130373
9286,0.028540702574558825
9287,0.006585369432536457
9288,0.006376143204904356
9289,0.014236962744585368
9290,0.006208914706043768
9291,0.08380301494455795
9292,0.0059845868622506
9293,0.00544811743810528
9294,0.022260354583931354
9295,0.003369859573879073
9296,0.009378972125438569
9297,0.0018795885257005198
9298,0.015150068517629362
9299,0.015407040174431343
9300,0.035666345460999116
9301,0.02222168376543956
9302,0.0034957843424615856
9303,0.01626030169682202
9304,0.0018798684356148366
9305,0.0571334994478919
9306,0.008012963665347128
9307,0.007959299525913541
9308,0.0035097272703171383
9309,0.008274765411503331
9310,0.005050133013282
9311,0.08914305317812796
9312,0.03401584356955623
9313,0.01028425409846424
9314,0.006414128803851684
9315,0.012247262947021016
9316,0.02913206477256577
9317,0.0133389945534166
9318,0.09299054045279329
9319,0.013107022113362104
9320,0.029353738787565836
9321,0.03867642308492303
9322,0.003395928118527585
9323,0.01833309952708662
9324,0.004303268988607513
9325,0.00436314521226071
9326,0.011986208859379063
9327,0.0049162536525364404
9328,0.015396251651157301
9329,0.038442887023946916
9330,0.016123542877400077
9331,0.03564518030739126
9332,0.086711991439953
9333,0.006540350512563637
9334,0.015133725494544763
9335,0.11947647899738192
9336,0.026561408419482246
9337,0.02790057166700037
9338,0.005876968908982652
9339,0.08549969448644477
9340,0.007683963120754799
9341,0.028016756936512736
9342,0.011910493702764612
9343,0.005697175273312887
9344,0.0030941013542719604
9345,0.036499783458988605
9346,0.01053146246881679
9347,0.022542757958605504
9348,0.03521209852092199
9349,0.03848576014867371
9350,0.024952235376774275
9351,0.013792289442039654
9352,0.0062266741652597275
9353,0.015638466681909966
9354,0.009276649478215482
9355,0.021226126137130038
9356,0.01865653419394992
9357,0.006412347287001775
9358,0.007351694075552757
9359,0.001622007380321076
9360,0.013516960640360544
9361,0.015354005848488617
9362,0.007246328718403628
9363,0.011611547663791128
9364,0.015579566778785369
9365,0.08312265611233674
9366,0.014663204466924824
9367,0.00456421031623038
9368,0.00829185870713343
9369,0.007787930335997186
9370,0.0466024186038715
9371,0.005033889973210795
9372,0.01908424995284046
9373,0.007874868799458552
9374,0.0046061902419239666
9375,0.014362853886544985
9376,0.003725508863041813
9377,0.09742395801874505
9378,0.0033108976104276096
9379,0.02503847011755237
9380,0.008011962453369588
9381,0.03770580857788046
9382,0.006666590269722535
9383,0.005508521969016995
9384,0.005685928627218886
9385,0.0065612887734177285
9386,0.003760233045985102
9387,0.010431098165846446
9388,0.0070301315246634995
9389,0.10952250457618974
9390,0.011777571625469413
9391,0.016941356599814376
9392,0.012506828375063403
9393,0.0024426510075676736
9394,0.00911729638359271
9395,0.019931080171613744
9396,0.005414762172013083
9397,0.034055382875178196
9398,0.006727386343159986
9399,0.001954497123666755
9400,0.06468238180349631
9401,0.022826998145702743
9402,0.029992453457534287
9403,0.017161333064271082
9404,0.05192951055874635
9405,0.0016406955264430842
9406,0.002120922456779924
9407,0.00391926815627531
9408,0.0044553590932242945
9409,0.08095482403695563
9410,0.0032397536826892183
9411,0.03663478938438866
9412,0.014662156885441539
9413,0.004030650962438827
9414,0.0036083879119049142
9415,0.005987679903352516
9416,0.008551115139112655
9417,0.003998810288029181
9418,0.02487317124878258
9419,0.002170639166420188
9420,0.010620897793582313
9421,0.006412457935928907
9422,0.008525401269500386
9423,0.006453571486626699
9424,0.002600394922998291
9425,0.0723863340413306
9426,0.007318835838124053
9427,0.006424542929918389
9428,0.01768406211898646
9429,0.003334236206474576
9430,0.020282986086650745
9431,0.22081489862552167
9432,0.09626160609085926
9433,0.23584848578651824
9434,0.0442850508946739
9435,0.006621878890163502
9436,0.01311625565530344
9437,0.012643921054788248
9438,0.024267134775913028
9439,0.022330182791364492
9440,0.014841622844614592
9441,0.01868752881669961
9442,0.06389023469642736
9443,0.03672555115612947
9444,0.06870190767565777
9445,0.019700461484843296
9446,0.02175080156574641
9447,0.044842265018458574
9448,0.034877791149381644
9449,0.006866758215271831
9450,0.0029060676404491954
9451,0.004398160248744453
9452,0.0056850387221561785
9453,0.018000633302981045
9454,0.13420849660296866
9455,0.020609647907556847
9456,0.003644855561050992
9457,0.022783782095691513
9458,0.005908808793495497
9459,0.031815327096299695
9460,0.007076798599038688
9461,0.006998027979049336
9462,0.007430205620674789
9463,0.008880550140062438
9464,0.009953854584683255
9465,0.0422117754090978
9466,0.00841721923410666
9467,0.025339657552055427
9468,0.008013720764130964
9469,0.014905823330454312
9470,0.01615591851638952
9471,0.003820048836723078
9472,0.07293942594266448
9473,0.018433971846634346
9474,0.018783920179553642
9475,0.0070021083070774025
9476,0.011204518333166415
9477,0.008561056496955441
9478,0.027506629842153414
9479,0.06809190374075325
9480,0.0024665202932651034
9481,0.004158682418275332
9482,0.004848167816702534
9483,0.02297115079654719
9484,0.013867879680984841
9485,0.009614798092895043
9486,0.012038333654064471
9487,0.009884885443861832
9488,0.006777564911572792
9489,0.011013739714911045
9490,0.011092171724872386
9491,0.00881256209181561
9492,0.009247364642315452
9493,0.0030086327531557455
9494,0.005490597461568549
9495,0.06203702417099032
9496,0.025457477936807547
9497,0.002572739339836886
9498,0.002516632237173223
9499,0.025149386161437005
9500,0.00454644508751182
9501,0.011678259946576789
9502,0.0009685788907369113
9503,0.008665352161068424
9504,0.007981466153130544
9505,0.003481528444275513
9506,0.006836526724604064
9507,0.004937352351404077
9508,0.005785787443728997
9509,0.06548726017219005
9510,0.03279073998972521
9511,0.015691801569497642
9512,0.006122428575239404
9513,0.009875043876064573
9514,0.07610000551241318
9515,0.033286112984519875
9516,0.09275800404893685
9517,0.0077986515741023145
9518,0.009834158626161944
9519,0.002816394792914594
9520,0.01074587827413758
9521,0.006983828143539363
9522,0.003479019116884913
9523,0.006656883325189745
9524,0.04097275644429238
9525,0.016181374182168525
9526,0.018844499482037
9527,0.07916524339276804
9528,0.01186024805631092
9529,0.003927327058897068
9530,0.010703216529039645
9531,0.04617768889297413
9532,0.008562171982877802
9533,0.025945966484517496
9534,0.011058748002170523
9535,0.17265480317680532
9536,0.01366451691833102
9537,0.016625626663461693
9538,0.007427921861201577
9539,0.001396562455436903
9540,0.04433449372025703
9541,0.011127630202717037
9542,0.07915606853134839
9543,0.011434009524717627
9544,0.047804126894881435
9545,0.0026399243429033343
9546,0.005090027924170715
9547,0.004914298118767753
9548,0.01625994686730002
9549,0.02125972865407237
9550,0.065673817730885
9551,0.0015650467741354002
9552,0.008807331695956206
9553,0.005370127501302328
9554,0.013177107511025856
9555,0.0075375476990693505
9556,0.3033755856138927
9557,0.0028854426909757764
9558,0.004546721907090662
9559,0.047600002254148364
9560,0.015435062610160812
9561,0.017978757331057225
9562,0.09015133092880938
9563,0.03649898691101015
9564,0.00581355937213865
9565,0.012803411168935505
9566,0.008796474339472393
9567,0.005053567249152891
9568,0.011752184117399138
9569,0.009925483364734327
9570,0.0052996784067015894
9571,0.04199597577792703
9572,0.007347898180794723
9573,0.022977795918781695
9574,0.0274150448793051
9575,0.04498818853803564
9576,0.028168621542809604
9577,0.01302332758101188
9578,0.011099345125987075
9579,0.008344873509322991
9580,0.06309620441815086
9581,0.0028539418063889535
9582,0.0038958244921593888
9583,0.05007958877448933
9584,0.005872886676265636
9585,0.06732038641993529
9586,0.008090313195774614
9587,0.03488327666696233
9588,0.03457471100635801
9589,0.030799935518266913
9590,0.0074026548724623635
9591,0.029052042430200355
9592,0.10800612728637801
9593,0.007820221392114385
9594,0.00909460946293968
9595,0.06073886822890764
9596,0.025832951962872688
9597,0.01909634816380882
9598,0.013843613179621846
9599,0.04052334483698214
9600,0.02872942711008928
9601,0.029107742904768377
9602,0.06838203906857213
9603,0.013789456195040514
9604,0.006943320185376744
9605,0.005873637533078118
9606,0.09719599061422667
9607,0.0028744545968224008
9608,0.025045536933297988
9609,0.030336485339699557
9610,0.0181159847874096
9611,0.006337875172377809
9612,0.043047417392354445
9613,0.0062876305962208355
9614,0.06884552060767193
9615,0.002765829491520032
9616,0.011010863431065734
9617,0.003445215871337729
9618,0.0023483022179347965
9619,0.022275314189919498
9620,0.06898686698852446
9621,0.07968991151571496
9622,0.026127760599282242
9623,0.008628573611854554
9624,0.01074250274358584
9625,0.020837909545796555
9626,0.010165718393715686
9627,0.02788678885535594
9628,0.004936929469679673
9629,0.007516719129675271
9630,0.009606563278879389
9631,0.024982652906515693
9632,0.015284245212705043
9633,0.0028756381548642423
9634,0.002833837657113836
9635,0.1633328729179926
9636,0.008873543342768504
9637,0.022089449621217495
9638,0.01991015490284266
9639,0.017917885419845778
9640,0.03770597396977723
9641,0.012060557407342291
9642,0.008875201984923566
9643,0.0053242968164528915
9644,0.017805360902639535
9645,0.01981023233671212
9646,0.011769930620712653
9647,0.0031038861200275397
9648,0.07078121700912854
9649,0.019145964290057747
9650,0.006146160254268249
9651,0.027656925027656255
9652,0.00881095319003473
9653,0.02079663433734258
9654,0.005094719688175164
9655,0.023153872655156706
9656,0.015955443122683172
9657,0.024160052163078108
9658,0.012317023352344003
9659,0.005131601226320304
9660,0.051883070173529056
9661,0.06453617596390165
9662,0.018705714500186807
9663,0.0027166002287735405
9664,0.006382239447257724
9665,0.04332918202517212
9666,0.055476175576504944
9667,0.06422511433180525
9668,0.033264634548622135
9669,0.021625266177774376
9670,0.010964736708875805
9671,0.11067085603097093
9672,0.03048496339160458
9673,0.0025460987097123315
9674,0.02826655364137697
9675,0.008321563800398312
9676,0.010841712716420874
9677,0.005966052000422203
9678,0.0024400291787527997
9679,0.021776610469448655
9680,0.019314649095837976
9681,0.01589285842864648
9682,0.042856274148278084
9683,0.07448779942059165
9684,0.042075367105941903
9685,0.0013434980780049697
9686,0.00501447584549449
9687,0.02686144573768759
9688,0.02041625348740452
9689,0.09016261092630508
9690,0.09136902325784296
9691,0.003675163926952259
9692,0.007481389662035871
9693,0.03859407141837923
9694,0.007733094787766902
9695,0.02439609696759027
9696,0.007254896175965864
9697,0.011939796082433778
9698,0.013741163197712
9699,0.057859852457757925
9700,0.007886766350882597
9701,0.01017374606531459
9702,0.039696659454338167
9703,0.10003353055918487
9704,0.014588406965178583
9705,0.0071097430054424555
9706,0.01457718781029498
9707,0.0027289706786534245
9708,0.08031473600965612
9709,0.007861771939546085
9710,0.010342980863584737
9711,0.09167865867391027
9712,0.0034040137595093105
9713,0.035690342116792215
9714,0.011238674366997088
9715,0.022710011398874696
9716,0.010766432034828544
9717,0.015001120662488373
9718,0.007760823332835718
9719,0.0016638575698879091
9720,0.007040981074853745
9721,0.0033901970750779657
9722,0.008752592083738084
9723,0.21226398334706068
9724,0.001966664039737945
9725,0.005364784900382515
9726,0.08796483925499927
9727,0.008811629772783028
9728,0.0033536429575941203
9729,0.02092292860443724
9730,0.009305287739351164
9731,0.016450723384753285
9732,0.0016729067711018634
9733,0.0072722330337498505
9734,0.003312520657962008
9735,0.14601255803553737
9736,0.007448341634392316
9737,0.01885264354096687
9738,0.055476343669009165
9739,0.022557928778881846
9740,0.06300534518721845
9741,0.004082816237003718
9742,0.012185904496250127
9743,0.0248792498585563
9744,0.004580376637299531
9745,0.01366906151394229
9746,0.009564926660803061
9747,0.008169590526793792
9748,0.12467984486282241
9749,0.03370535885333778
9750,0.008060058588689852
9751,0.004257388129066536
9752,0.009920791399207466
9753,0.00735125856961361
9754,0.3325129570224413
9755,0.013816911876828398
9756,0.010029086925663346
9757,0.0038703888835286146
9758,0.00733529608266274
9759,0.004000809585837116
9760,0.01287550363241722
9761,0.01409888494881229
9762,0.0106136418152327
9763,0.0024605276518986723
9764,0.005646644968384434
9765,0.002214134184132127
9766,0.021165564919285135
9767,0.013232870400179043
9768,0.032418520096453504
9769,0.005248965880126472
9770,0.18248009703614332
9771,0.013313672427968617
9772,0.0036744705908230307
9773,0.12226372548652827
9774,0.013508915695883635
9775,0.02579015906062382
9776,0.3037935410233842
9777,0.061989571955077954
9778,0.015004189020565549
9779,0.009714065449459502
9780,0.008298785293984215
9781,0.020108045934572362
9782,0.003207778005070235
9783,0.06347555396042212
9784,0.0223841233539081
9785,0.0059367782378893594
9786,0.014676576940148412
9787,0.005311927725620363
9788,0.17655817334048332
9789,0.008633438820718804
9790,0.01385495459762733
9791,0.01191845773639267
9792,0.0052059569040518805
9793,0.005735030830468771
9794,0.16018537368136973
9795,0.045349524786537095
9796,0.012448724796212366
9797,0.007256315584183311
9798,0.009172082376238306
9799,0.005336952245671663
9800,0.015022368804826798
9801,0.13980039649337814
9802,0.005242745706352102
9803,0.006997633863016802
9804,0.061791554287843664
9805,0.0038450233249888474
9806,0.015957141448828958
9807,0.01601064512629533
9808,0.005264195171016517
9809,0.01004009510794543
9810,0.03547666987016909
9811,0.0073283285446539975
9812,0.003733100822373154
9813,0.11137802996236246
9814,0.006226735235166889
9815,0.001997727461687627
9816,0.006383471726891961
9817,0.0068171798334383145
9818,0.008568758533322063
9819,0.014844566405875753
9820,0.04411661781264349
9821,0.013070124170735737
9822,0.0061578068257512435
9823,0.03171622796619843
9824,0.005829456386633563
9825,0.0654817353350022
9826,0.00934775017914334
9827,0.001841000132545072
9828,0.0369488774669429
9829,0.007009923120152277
9830,0.01902453763557152
9831,0.058153355012067656
9832,0.010342319788075207
9833,0.006031507903658392
9834,0.015316719142213827
9835,0.012476181846642762
9836,0.0028927911678844464
9837,0.006443961208088615
9838,0.01913482475325111
9839,0.12811429025282856
9840,0.021164534741241515
9841,0.0037623221134476937
9842,0.025527819275305546
9843,0.07201182643508963
9844,0.08767566261083676
9845,0.010798204675333453
9846,0.010611576362051912
9847,0.18774899389999888
9848,0.017729583505752614
9849,0.13471706368405015
9850,0.006650353150845639
9851,0.018507406896695017
9852,0.023601109202916703
9853,0.03141019371404705
9854,0.05233222231280344
9855,0.013776683628675578
9856,0.010799664076038436
9857,0.01091812269639612
9858,0.010006165607753921
9859,0.0023015440644073393
9860,0.023643028154897605
9861,0.012009803504032898
9862,0.04493496018588947
9863,0.005855591751994898
9864,0.002428040127847524
9865,0.015080842523377564
9866,0.05810299568023828
9867,0.0036728464772479313
9868,0.0033582593818426865
9869,0.010285412813689058
9870,0.008054621157229904
9871,0.0032991868518887136
9872,0.0018960175852553239
9873,0.0018728125213916618
9874,0.008006947613382415
9875,0.02993565396253544
9876,0.018203027814983782
9877,0.02566591069637381
9878,0.008044590505659002
9879,0.015606885901069224
9880,0.006263234012674327
9881,0.00618436703308516
9882,0.008949660406251947
9883,0.008152453882429772
9884,0.15095092667364912
9885,0.04211272630436256
9886,0.04846121380035487
9887,0.00916128799122439
9888,0.00824602740260003
9889,0.05496244433705411
9890,0.027416585189213784
9891,0.007897081650022994
9892,0.00030299289644506144
9893,0.007254370724934859
9894,0.0068965118243098115
9895,0.012648102789608281
9896,0.008046782784930996
9897,0.035410689831029366
9898,0.016357094598937548
9899,0.007074291834179395
9900,0.006735245329492498
9901,0.006687112105736122
9902,0.015488980324088542
9903,0.004734060745569625
9904,0.044650813487272296
9905,0.009666724359829884
9906,0.018274339114237603
9907,0.03972435218248058
9908,0.004461999262366813
9909,0.00381837004447197
9910,0.004791345397451426
9911,0.034034229458890515
9912,0.04626046477065857
9913,0.007377466104022816
9914,0.041143772766720585
9915,0.07200635863363876
9916,0.08779605906695066
9917,0.021650761181820067
9918,0.003785929695903107
9919,0.0023402334353242096
9920,0.004864367786351604
9921,0.01080377652608894
9922,0.0172015237247383
9923,0.012741508708120224
9924,0.06652199607608644
9925,0.01924477348274632
9926,0.005762495076876679
9927,0.007233447501062331
9928,0.008400656012802647
9929,0.0027862515774450505
9930,0.0035939431674125487
9931,0.015067131556452229
9932,0.19355575423794424
9933,0.02222879312538683
9934,0.003232202440667944
9935,0.031642000282153075
9936,0.008893165800234868
9937,0.01262113886235846
9938,0.00021922948024148003
9939,0.07604018936811735
9940,0.03405449054767432
9941,0.02836127394148311
9942,0.0038069568651822416
9943,0.020569971895855233
9944,0.02877872752529222
9945,0.7683104427962362
9946,0.006453943814846632
9947,0.01860785556729404
9948,0.028766009805133542
9949,0.0066120422098990385
9950,0.03553720686698721
9951,0.0247618180061885
9952,0.00642135968126191
9953,0.12399050348556075
9954,0.00661893335294987
9955,0.0019277701520505354
9956,0.006027091619531232
9957,0.012662402557449806
9958,0.12401814161828967
9959,0.003564931121987382
9960,0.0021766461676511833
9961,0.025731662125549497
9962,0.01916452341893065
9963,0.0489375221423731
9964,0.013682883054405777
9965,0.008923137683523649
9966,0.22127059403660124
9967,0.023162961361743877
9968,0.010580270098977678
9969,0.05101567181806622
9970,0.003760748285648514
9971,0.009029827026970019
9972,0.004156086614909911
9973,0.036684647923981774
9974,0.003877511943725143
9975,0.006007545834507062
9976,0.008110457692528444
9977,0.019593272558113526
9978,0.0029710032786879796
9979,0.05728744277476938
9980,0.009378853646302207
9981,0.0287486282208532
9982,0.04455924403193147
9983,0.03712227776730408
9984,0.008521063876195237
9985,0.20908769197873192
9986,0.15992385121806016
9987,0.005484335995465652
9988,0.002902155981036111
9989,0.006555230836590117
9990,0.00646418342036258
9991,0.005671305040259094
9992,0.012688504068103727
9993,0.02695758985044672
9994,0.01058640204058418
9995,0.005728284464051297
9996,0.002131936620694598
9997,0.0060262170598381955
9998,0.006243900412813843
9999,0.0302608823373061
10000,0.001535433589230056
10001,0.0054386145007257825
10002,0.11656025681506842
10003,0.004838820940946942
10004,0.07084286752393337
10005,0.007138802123368852
10006,0.010005193627564022
10007,0.024561830043638273
10008,0.030407155878402904
10009,0.040546394203396584
10010,0.002256307317716212
10011,0.08236153513144694
10012,0.00816557142771422
10013,0.0026910089584964423
10014,0.047870455226231394
10015,0.055589626423247336
10016,0.09782789129394927
10017,0.061537427217358096
10018,0.01273112854621691
10019,0.0075473626072102
10020,0.007029355981222804
10021,0.08538998629761434
10022,0.0792023591707226
10023,0.007063281735738292
10024,0.014311782241384555
10025,0.04146041836923676
10026,0.004001876420549471
10027,0.4951357150441
10028,0.0018992684088380994
10029,0.007018343233987071
10030,0.021289179444401583
10031,0.008370912748957272
10032,0.06604033283359755
10033,0.0034898650734503257
10034,0.0043382007399794115
10035,0.0053492378748995475
10036,0.0632106122364876
10037,0.1076029342154965
10038,0.007608515896757461
10039,0.0351405855650952
10040,0.003801961240937825
10041,0.0019356728694001255
10042,0.019373597217897234
10043,0.0703859703095296
10044,0.09183960558087645
10045,0.015271588618610554
10046,0.0011393011511834235
10047,0.005032456491154921
10048,0.006979540431701984
10049,0.0046130797391073265
10050,0.017540645889500113
10051,0.0046499930500837235
10052,0.013285253425685177
10053,0.007135538960518191
10054,0.004224984795123724
10055,0.002052321342396979
10056,0.013582859736237832
10057,0.0020166178299972056
10058,0.010863095876055944
10059,0.09249734958681773
10060,0.003842409354432817
10061,0.00899342223006856
10062,0.08215665141475852
10063,0.015169895607627978
10064,0.0066718068274028266
10065,0.0015403171930208491
10066,0.0046927571937442685
10067,0.12491297582895793
10068,0.015484790919929197
10069,0.007947767541126565
10070,0.0928146306914892
10071,0.0056717814750596885
10072,0.006508290804338665
10073,0.03188151767621614
10074,0.003468372538172079
10075,0.002564490889649421
10076,0.004627003908569828
10077,0.0510014661763153
10078,0.01685307423187762
10079,0.008972034318291376
10080,0.03687622518612881
10081,0.025050129199029127
10082,0.007888119806429719
10083,0.025176732567266703
10084,0.004066810366232443
10085,0.1779704494774081
10086,0.036769836071253885
10087,0.20026781742695957
10088,0.009127638455977208
10089,0.07262255935696837
10090,0.005903409876018666
10091,0.013205186720337011
10092,0.06439093521704138
10093,0.029852560940842807
10094,0.032878427165000286
10095,0.005779511777336641
10096,0.02833909207733598
10097,0.024305880034262536
10098,0.014058555977677772
10099,0.0050813699908692144
10100,0.003871158077398592
10101,0.011352537251441292
10102,0.0017365098649620332
10103,0.005485563836276124
10104,0.023479593821964122
10105,0.004604251045875428
10106,0.039430289615259524
10107,0.002137162661025717
10108,0.009620485471500158
10109,0.001983947821422929
10110,0.013092778182345596
10111,0.014592303578170636
10112,0.003568230956385005
10113,0.00459635173461009
10114,0.004589052661627425
10115,0.014331281931324161
10116,0.004288109771304921
10117,0.0015584915046889909
10118,0.01553333738942005
10119,0.003127262732808047
10120,0.05035460657658138
10121,0.00361267083806857
10122,0.02305642966510098
10123,0.010212694855852454
10124,0.0335476036299541
10125,0.0053776428684272045
10126,0.004107424496376778
10127,0.014593418770281976
10128,0.009978049612138322
10129,0.018475646614743865
10130,0.007106745652106006
10131,0.025759891604560724
10132,0.0034934083262240234
10133,0.004103281327675313
10134,0.0035198453885655137
10135,0.007322390890636556
10136,0.014427487606149987
10137,0.15960798001589405
10138,0.007167846485825323
10139,0.009813942272712543
10140,0.008727768024002077
10141,0.0072491281338888285
10142,0.0039609878416430695
10143,0.006238833830654986
10144,0.008679093803076127
10145,0.011028208383488159
10146,0.01717088539160546
10147,0.011424421121331307
10148,0.01814139967285485
10149,0.004129988021858181
10150,0.044907913774689105
10151,0.06094736393060086
10152,0.03400531083155667
10153,0.009271356630835923
10154,0.03302895530024515
10155,0.0029948141141685194
10156,0.029410341046714163
10157,0.055496532900901674
10158,0.015292072100342781
10159,0.0728646353478208
10160,0.0028417761450577443
10161,0.06935965817323156
10162,0.011278536754697704
10163,0.006357157225847402
10164,0.028556291353736045
10165,0.13169110724738267
10166,0.01158378516630835
10167,0.004306549001308335
10168,0.0062753188508714135
10169,0.007261190470152702
10170,0.0036472916738513016
10171,0.008011233451171294
10172,0.023881317192043984
10173,0.10361954761267807
10174,0.0035827173112214874
10175,0.005116173850536594
10176,0.014813279519473478
10177,0.007930125678783274
10178,0.023736252504434785
10179,0.004363258642198777
10180,0.019982669722871747
10181,0.0070614427959492625
10182,0.004703298054204709
10183,0.0036381794988958782
10184,0.019445618373606283
10185,0.0010444793324970185
10186,0.03149421989709172
10187,0.018336701779412382
10188,0.02094020184867843
10189,0.0307169341309741
10190,0.005788762555478112
10191,0.021731487363337975
10192,0.07855276125814903
10193,0.002205193856227093
10194,0.009441537152143336
10195,0.0040247383507111606
10196,0.010745067109921869
10197,0.007790064272364799
10198,0.044153969242393246
10199,0.004872225746222499
10200,0.0064754354185327535
10201,0.00919262625776501
10202,0.023292874992894022
10203,0.007312794267975607
10204,0.0016747695222126113
10205,0.012375270691697235
10206,0.011560277670958805
10207,0.016587195917491724
10208,0.02038048240065448
10209,0.03966416926109353
10210,0.03460912302344574
10211,0.06604720081849773
10212,0.008413979028912269
10213,0.006256999410365446
10214,0.005488655722740321
10215,0.0029958364869965325
10216,0.08142924081015353
10217,0.006868277236533711
10218,0.06390256442974883
10219,0.0344516837828379
10220,0.14913051919916157
10221,0.018571856062121653
10222,0.0828843185722772
10223,0.002909849373459466
10224,0.14781895923341404
10225,0.012704005723918594
10226,0.05392411566458802
10227,0.06217800326333235
10228,0.2837296640084172
10229,0.06928281919971693
10230,0.129334247819213
10231,0.035193754574864115
10232,0.011261205566326146
10233,0.00350118447848552
10234,0.0027449927370650725
10235,0.004917527744330951
10236,0.004365608601729531
10237,0.002769549732691775
10238,0.014154716310903063
10239,0.04934717768416831
10240,0.1670731622392051
10241,0.07304439159619114
10242,0.08264398805649648
10243,0.006140432266621667
10244,0.022909565199182698
10245,0.0043031313023094596
10246,0.005672785527067364
10247,0.04983421046449138
10248,0.011723235686799475
10249,0.018164333878904357
10250,0.05517068065115091
10251,0.014881743666235077
10252,0.013666738043815213
10253,0.009246664741543122
10254,0.009648095421602745
10255,0.08281551337828623
10256,0.010117532714053601
10257,0.004791422529810748
10258,0.005830502100775316
10259,0.003631802535196489
10260,0.033074866550614375
10261,0.04870621680425814
10262,0.007554944088223715
10263,0.0036152097923999706
10264,0.00868185199422994
10265,0.014141610254599599
10266,0.026468871620216366
10267,0.02838829366600802
10268,0.008602713107489234
10269,0.019383794809409122
10270,0.011689989081216217
10271,0.02882780444188174
10272,0.0637799652061808
10273,0.025207363956981955
10274,0.00338149895800984
10275,0.00650456331306283
10276,0.1152222306215917
10277,0.03145672757723246
10278,0.002993250665022812
10279,0.07379826639446599
10280,0.00849112672818046
10281,0.002719771046551257
10282,0.006638055564080023
10283,0.008521629626755164
10284,0.040445030345435826
10285,0.008512472759764102
10286,0.017425657662400926
10287,0.02344084120530062
10288,0.06791148576132203
10289,0.005487220924836493
10290,0.03922364395869124
10291,0.022019061743817313
10292,0.006253342695192282
10293,0.01881432314860476
10294,0.0293740005528265
10295,0.005918964818783424
10296,0.06351788695602036
10297,0.0837197289754526
10298,0.033749226712796114
10299,0.12070252273556929
10300,0.008554451251088158
10301,0.013189067215204775
10302,0.040545273036581356
10303,0.04425268377584959
10304,0.006472598338286966
10305,0.015589438149488738
10306,0.07346913159901831
10307,0.032147489353328826
10308,0.03179745659972673
10309,0.07453233804973818
10310,0.016536121970819485
10311,0.004480890754874229
10312,0.007709900880392777
10313,0.003273518291623148
10314,0.015018677766731764
10315,0.00884484937554971
10316,0.019001947492975964
10317,0.0057645522412783385
10318,0.004417556836744434
10319,0.0032334929043998538
10320,0.013400468364342128
10321,0.0067686946347646475
10322,0.08416170268552481
10323,0.008678896829074752
10324,0.07505657680972566
10325,0.06762717303027166
10326,0.0032320521590581664
10327,0.004764974879610079
10328,0.07955023357085604
10329,0.02063093192950151
10330,0.010245116315205843
10331,0.025724733069240103
10332,0.007549488358955487
10333,0.14030520491056492
10334,0.003911983288381085
10335,0.008786318819309528
10336,0.006704421718462979
10337,0.10565854205788487
10338,0.008248917877017349
10339,0.02448770505070513
10340,0.003120028437523097
10341,0.043000573129417616
10342,0.005705592134637178
10343,0.06427800727389789
10344,0.006266956644532548
10345,0.006415188868199331
10346,0.019435180427035036
10347,0.0014597556539799868
10348,0.0049898872622664596
10349,0.010453468568797123
10350,0.0057276020589748945
10351,0.018991576490210264
10352,0.0104813070814802
10353,0.010667484886331579
10354,0.009068254446632331
10355,0.03597208161327911
10356,0.23610487142706893
10357,0.0305095789067154
10358,0.003030101931601814
10359,0.19831951722547586
10360,0.0321256011929141
10361,0.4232276859349199
10362,0.021627061284107064
10363,0.014120816219983384
10364,0.004892962583611729
10365,0.0675331008520069
10366,0.004692609376810997
10367,0.00448531630761365
10368,0.07893048123692555
10369,0.00516430053100084
10370,0.00743354682653583
10371,0.00328508257361157
10372,0.015426685672312581
10373,0.05075234290219323
10374,0.005593932119763448
10375,0.11628515072754075
10376,0.012163848988407186
10377,0.032922834714125854
10378,0.01636732635369031
10379,0.002078941257390729
10380,0.023290595994201198
10381,0.0028701466658285404
10382,0.009368069513907281
10383,0.024148723537580127
10384,0.008695211867922215
10385,0.2028643246214195
10386,0.019688425874494302
10387,0.06106758488479127
10388,0.008575913824337164
10389,0.008446687190542543
10390,0.012726441704804622
10391,0.008105750075666884
10392,0.003623035002096272
10393,0.08549775917285159
10394,0.006925017374728319
10395,0.012895630657395362
10396,0.0019132647914490062
10397,0.13608800710117433
10398,0.011836496520990811
10399,0.002860670146687368
10400,0.0017615103911064588
10401,0.02720175968138038
10402,0.01254364948388973
10403,0.017975522610575355
10404,0.007024665277229711
10405,0.136970533025048
10406,0.0027951452050463533
10407,0.06020397076275525
10408,0.07999659562290937
10409,0.012770952279515775
10410,0.015316616807624629
10411,0.019684553795733053
10412,0.0066126336689303145
10413,0.050052713690055255
10414,0.0025350719804957123
10415,0.023630400130450018
10416,0.012149749110302449
10417,0.010427252175680003
10418,0.0893248514252491
10419,0.013721004020618996
10420,0.004939095725846369
10421,0.0033827034141888034
10422,0.012792528989621316
10423,0.005192003304151001
10424,0.07228784093231794
10425,0.14047486952948185
10426,0.01087566545663266
10427,0.011832416088478664
10428,0.10725475879498671
10429,0.115871842428793
10430,0.04230554087177839
10431,0.0055080951013686055
10432,0.011708247470038912
10433,0.017271500209591305
10434,0.004607200072263846
10435,0.008984757562590096
10436,0.010788032887031795
10437,0.006634948348180634
10438,0.009315119834015591
10439,0.013692093729689011
10440,0.01688298634237388
10441,0.0459497853684289
10442,0.004474199567767087
10443,0.0032568062541717935
10444,0.21670692908067857
10445,0.007518270763337862
10446,0.004833613067192371
10447,0.05483575832453027
10448,0.06336950525056201
10449,0.005838330378159067
10450,0.004773885553992761
10451,0.031236265560640616
10452,0.0028838211857218888
10453,0.004973859956661846
10454,0.06461789519803676
10455,0.04937675175145391
10456,0.0014690957455869538
10457,0.06244039225143825
10458,0.008174711388066826
10459,0.020466564502101946
10460,0.004118376664500015
10461,0.0016292243938162596
10462,0.0027815031460356357
10463,0.05671915886766389
10464,0.025843410397907215
10465,0.007314277388482271
10466,0.006514831131218144
10467,0.03727865209456823
10468,0.008445478152777023
10469,0.004487842404949053
10470,0.041334256144641375
10471,0.0038128775841798916
10472,0.002169214777780031
10473,0.0330736372190165
10474,0.0017659750303632077
10475,0.014303329106306467
10476,0.009193872537235843
10477,0.004846623286430012
10478,0.06596379947093879
10479,0.007900470841129544
10480,0.003519540097326328
10481,0.0026648608610064677
10482,0.01005539178379844
10483,0.028964823005940707
10484,0.008932443113639608
10485,0.01775170326408074
10486,0.008104027347908053
10487,0.024967322735262476
10488,0.10332906412425057
10489,0.02005420896008397
10490,0.007228697770398224
10491,0.001808668262176515
10492,0.007704658955535
10493,0.05459487765421168
10494,0.008768300538014093
10495,0.01824465890835902
10496,0.008913686994988752
10497,0.008137567607231281
10498,0.004359460549745942
10499,0.023023495287945325
10500,0.009731582255404556
10501,0.06930242327063761
10502,0.012990659526955035
10503,0.013896955243120209
10504,0.004896195139348223
10505,0.006801797528946391
10506,0.007775120528115619
10507,0.02744616005772895
10508,0.0200698894336135
10509,0.14090732160139416
10510,0.014354721949878848
10511,0.004453130612710473
10512,0.14957706275715796
10513,0.03170156795822667
10514,0.06513083336644399
10515,0.017007499927423154
10516,0.015488524432463782
10517,0.06800748590615148
10518,0.17439984703293177
10519,0.0781703216449762
10520,0.0037834766454485007
10521,0.1815185031919501
10522,0.00737255341030869
10523,0.007102494396706422
10524,0.002162431240392604
10525,0.014202860967888494
10526,0.00958059718543438
10527,0.008293956725721516
10528,0.002080833581174069
10529,0.013235261165427704
10530,0.0018198002529743675
10531,0.005631743005672564
10532,0.025577926030581656
10533,0.003908450769263184
10534,0.19186506162441408
10535,0.008140993963082783
10536,0.06024101965127458
10537,0.00633295183001887
10538,0.006366572570719474
10539,0.14015731436212603
10540,0.049710253858282295
10541,0.0066500190420490475
10542,0.013499696025219082
10543,0.21094820834358977
10544,0.006628836233447675
10545,0.013149555722315185
10546,0.05890745142370245
10547,0.006312313041860945
10548,0.006200122719779332
10549,0.023599660673785012
10550,0.007345614959115087
10551,0.011758737887972512
10552,0.01725985448378552
10553,0.015771653736782628
10554,0.007679077796869408
10555,0.006965713551234566
10556,0.011567081339966692
10557,0.02184406268120812
10558,0.004522474853904597
10559,0.04946369771472159
10560,0.008157872850742223
10561,0.1002001199532342
10562,0.012247477992758996
10563,0.09261362559971585
10564,0.0053017503740870235
10565,0.015096232238854751
10566,0.007811777746607589
10567,0.06162194129894281
10568,0.006340365945170343
10569,0.07463831506685889
10570,0.00975980734165206
10571,0.00921193280978511
10572,0.009462495550893514
10573,0.008512242034323684
10574,0.00733666480140507
10575,0.020273845166861103
10576,0.13584226936339663
10577,0.00387940040170475
10578,0.0929935888995149
10579,0.0063320861785822365
10580,0.0030243256550764146
10581,0.020516472946988044
10582,0.002869133967773334
10583,0.013644934944150878
10584,0.03340546324569243
10585,0.004255424416019413
10586,0.012572191447293567
10587,0.011652412938951253
10588,0.0021098787306762772
10589,0.014725348876147046
10590,0.003528583041754769
10591,0.05586988680680673
10592,0.005429729465552572
10593,0.03028117938092456
10594,0.008170305011807589
10595,0.023934456153529026
10596,0.006132366307979911
10597,0.009379516883300168
10598,0.007304520685890895
10599,0.0024744558156657437
10600,0.005879277796506825
10601,0.024978463172772126
10602,0.017970461670276962
10603,0.07079979986698104
10604,0.014083244024583136
10605,0.022637119523490356
10606,0.016337608283145198
10607,0.03737715723911855
10608,0.02024438153286843
10609,0.016999504642675106
10610,0.004676775290556854
10611,0.019036068651601675
10612,0.007035053779706589
10613,0.026543397010178854
10614,0.032877872073741
10615,0.012038937695793438
10616,0.011112024320634096
10617,0.009520268745343344
10618,0.0036060072549390643
10619,0.013680583720595468
10620,0.009583071044953661
10621,0.00761787267366149
10622,0.0036170935528454734
10623,0.010287863954200536
10624,0.004122928451146973
10625,0.028724704206406892
10626,0.006294546811718009
10627,0.09267459901808194
10628,0.006666262736881025
10629,0.07173949550853179
10630,0.006283449178412143
10631,0.030613077503183005
10632,0.08370762595717544
10633,0.013301880683091672
10634,0.0021203736717954826
10635,0.007676269218280688
10636,0.03470732211662385
10637,0.02832556570960555
10638,0.003058951800609545
10639,0.005553195645969632
10640,0.011478371265647491
10641,0.009897905199592778
10642,0.022953407195042404
10643,0.014410022317107005
10644,0.009486048336949288
10645,0.025118862606788972
10646,0.0007898792088169173
10647,0.11463783336677692
10648,0.013761442358497869
10649,0.07971467436105152
10650,0.007625592143404015
10651,0.008229170201049565
10652,0.01868001538114798
10653,0.029926397021047733
10654,0.029045166373094424
10655,0.009915589160430293
10656,0.005839026011264918
10657,0.0033300342490442045
10658,0.007046730921033484
10659,0.06171533031472236
10660,0.012730889435697702
10661,0.027758444111640617
10662,0.14089214536601305
10663,0.006160205487857312
10664,0.05260693526910094
10665,0.004508235854465697
10666,0.005053803243233154
10667,0.008736702884742249
10668,0.016773500002711404
10669,0.0708595795194881
10670,0.11658439549716652
10671,0.016416969328657542
10672,0.015875446974816812
10673,0.0839396254313232
10674,0.0058441698035759946
10675,0.004389652433920411
10676,0.013941664317523573
10677,0.07318044840379931
10678,0.004627254380403895
10679,0.013740226446761664
10680,0.006200200534935594
10681,0.034895733435397334
10682,0.0037622930106800036
10683,0.006462028215759224
10684,0.0013504064972155651
10685,0.006891096007199063
10686,0.0021362282407606263
10687,0.0665569140194814
10688,0.0021724601376757456
10689,0.025542956559582664
10690,0.0086632449423665
10691,0.005819646345164664
10692,0.009995043211872888
10693,0.00304393161383486
10694,0.00900830208368126
10695,0.08323666862703463
10696,0.011255368478969192
10697,0.009655468060301035
10698,0.1646146186004681
10699,0.04330138287171028
10700,0.25691976532873945
10701,0.07899006206644792
10702,0.010770585563471175
10703,0.011048125289630553
10704,0.009194487957871401
10705,0.008830525619946362
10706,0.00443452165959898
10707,0.04725636860046087
10708,0.03158094808691348
10709,0.29264381852485866
10710,0.0029364970539303478
10711,0.11419078189619201
10712,0.037709693251930076
10713,0.02560106418629504
10714,0.007933623942982347
10715,0.28031970227603514
10716,0.027789143076066357
10717,0.0027810641878339916
10718,0.005841321418285736
10719,0.04470312238662526
10720,0.007121163660484563
10721,0.033071829868849906
10722,0.005458224069240168
10723,0.0069024361866222754
10724,0.02714541534181324
10725,0.01589353583353176
10726,0.012055968303998533
10727,0.03044851424494323
10728,0.021724422925680546
10729,0.022259733791912564
10730,0.003612127026790715
10731,0.0029721320072825562
10732,0.05520218240291279
10733,0.003769092388878887
10734,0.001549697929827669
10735,0.007771720015202835
10736,0.010276949961490318
10737,0.018513083695438342
10738,0.010451991288453108
10739,0.01866393704067055
10740,0.008284090090693369
10741,0.04622830129445605
10742,0.007313083852865555
10743,0.03188659459771242
10744,0.009162802248806187
10745,0.004702066564110699
10746,0.012642594646239796
10747,0.02267878203206958
10748,0.008850981585678555
10749,0.0017850840713818223
10750,0.00825188427953273
10751,0.003534422173490635
10752,0.002938880756659255
10753,0.011127791583301403
10754,0.008436781434738232
10755,0.03894885177284335
10756,0.006808477570771213
10757,0.006548996422237083
10758,0.011266118403149264
10759,0.008451206097098499
10760,0.07759877146371948
10761,0.05120018618228013
10762,0.015953693106446037
10763,0.009105397025747218
10764,0.07133947502187572
10765,0.010408681879299927
10766,0.013865642261575004
10767,0.0037642949275514975
10768,0.0042752467907934515
10769,0.22857367703280526
10770,0.003058214768053323
10771,0.0031118102147974372
10772,0.03732185333729438
10773,0.009098101494471237
10774,0.009538707593919466
10775,0.01752596632060484
10776,0.022979187485626704
10777,0.007672767186707191
10778,0.02003268599191938
10779,0.024031365533867078
10780,0.015212552954155939
10781,0.003308021862873817
10782,0.0016969262384686394
10783,0.003471829174818219
10784,0.061253250817574614
10785,0.06264201375091122
10786,0.006793381054544037
10787,0.00507531595933735
10788,0.0057056936317632
10789,0.0054180155856478045
10790,0.07738110807099678
10791,0.0071201190930752205
10792,0.002368988228606279
10793,0.10442084451188234
10794,0.0033641961061693423
10795,0.0038698392643441784
10796,0.004631749925113974
10797,0.13158754282880683
10798,0.06337760376841266
10799,0.01709723854339507
10800,0.07938373983787073
10801,0.00440350532614675
10802,0.011813416272153026
10803,0.057918069582930325
10804,0.00481126257359997
10805,0.0035793281017470866
10806,0.01832477183446007
10807,0.014533204304593027
10808,0.11929363069203314
10809,0.009012897359690804
10810,0.0634202556983921
10811,0.0055850263561149525
10812,0.012466259346378135
10813,0.031114164264644285
10814,0.018980442893418423
10815,0.022867596864286507
10816,0.0035635145195779283
10817,0.01040203348146021
10818,0.02386968794292169
10819,0.004069251015607882
10820,0.00883979202266955
10821,0.003986467952676795
10822,0.006943109980153826
10823,0.001531886158210717
10824,0.010073687334665965
10825,0.3745700544000575
10826,0.024880306724750938
10827,0.0243743501736776
10828,0.053770485913946835
10829,0.019819467766325833
10830,0.007314107962999345
10831,0.13194851815920064
10832,0.010106524165375256
10833,0.018075164359040122
10834,0.004717239351800736
10835,0.07061088855780699
10836,0.0070166336629038616
10837,0.02105431512217677
10838,0.003712146293298132
10839,0.008645042526259163
10840,0.005605449647462589
10841,0.022132197967416573
10842,0.0034290654624050602
10843,0.015685123132063654
10844,0.00934665989846783
10845,0.015874345672407433
10846,0.008793135670619526
10847,0.009615222835028308
10848,0.008360898388001935
10849,0.07227313997218653
10850,0.04515119659582906
10851,0.05461695161190981
10852,0.007325376303723267
10853,0.11010892776484649
10854,0.011471900152840114
10855,0.01006087294342365
10856,0.03554605594469805
10857,0.0028537628189767863
10858,0.007096347469589483
10859,0.01503300402492552
10860,0.07156370068550272
10861,0.006601853222248857
10862,0.09886379653926233
10863,0.00586884091171999
10864,0.006936590797960535
10865,0.00852255169737461
10866,0.006403866085397298
10867,0.013130693422097762
10868,0.02050289891586336
10869,0.037541279049185035
10870,0.007905734208560269
10871,0.00867296501114404
10872,0.005049413155441804
10873,0.008916056856044694
10874,0.0033110522960067596
10875,0.0019034882833507557
10876,0.031174144415695184
10877,0.007766324715076488
10878,0.023848743993886302
10879,0.04064327629678841
10880,0.0062142684663197955
10881,0.015241556026063773
10882,0.002737551825711682
10883,0.00215829556924286
10884,0.0032487881470074638
10885,0.10084543676022947
10886,0.029815787098697366
10887,0.025935607707503378
10888,0.0023345404722231477
10889,0.01008919892803951
10890,0.009553508339476468
10891,0.012712336304850275
10892,0.016929706874925066
10893,0.011376299477380572
10894,0.005297501734545255
10895,0.0032720806322571985
10896,0.0072994348800752284
10897,0.004075337517575111
10898,0.00640979179688988
10899,0.0067707508255668136
10900,0.07108819765211408
10901,0.029223657675782715
10902,0.010905209032784908
10903,0.017724258481178642
10904,0.007381370514517374
10905,0.02217001508260477
10906,0.008386091043398991
10907,0.003987443423859678
10908,0.010702640738172264
10909,0.003090155373101082
10910,0.002300946142870568
10911,0.0019156933972974944
10912,0.0035911810292161995
10913,0.038475386765709586
10914,0.305938560642024
10915,0.022100080441453764
10916,0.006957198011521353
10917,0.005263716468060382
10918,0.023409071395761944
10919,0.07271045387818115
10920,0.009872355598379557
10921,0.007096450827003391
10922,0.01578469180151547
10923,0.036128976918545844
10924,0.011917749798879293
10925,0.03641729365091412
10926,0.0064677366269236545
10927,0.00628028098804625
10928,0.040673860889973275
10929,0.005260475359981082
10930,0.004258088917339873
10931,0.005350102930720527
10932,0.001831430466145043
10933,0.029857186830348652
10934,0.004349371338035617
10935,0.009795961074572429
10936,0.005628978519442125
10937,0.004378660675473188
10938,0.0027064196680952907
10939,0.002479655432513514
10940,0.010436666288492727
10941,0.05459517973885122
10942,0.055947734759377185
10943,0.010242293613899419
10944,0.1187297238450539
10945,0.03297232762998252
10946,0.013308164887600248
10947,0.003259813949658737
10948,0.008359840333423995
10949,0.0027549669157199805
10950,0.0038986623870871867
10951,0.024134814950345206
10952,0.006960905993778882
10953,0.010856329022965116
10954,0.009357539261062796
10955,0.003819143734474114
10956,0.0009564434509470336
10957,0.09053586612525168
10958,0.006717638535381027
10959,0.012530919332652254
10960,0.07204446755339514
10961,0.25674381726467166
10962,0.00459427597962031
10963,0.007837833079053646
10964,0.004532468967835956
10965,0.010668489261073485
10966,0.03581255140486752
10967,0.019270426692024403
10968,0.0048845751132553265
10969,0.010957575390130357
10970,0.01873762675732244
10971,0.00745662923990312
10972,0.013288270076600217
10973,0.04385888562363757
10974,0.12128278674390304
10975,0.014861341929039118
10976,0.008339964791164079
10977,0.006338217105700309
10978,0.0031956114318924264
10979,0.010185810202864387
10980,0.0402971464911562
10981,0.061431363944034256
10982,0.010815967606224266
10983,0.025669186155347263
10984,0.007630278385854165
10985,0.0048694040028794995
10986,0.004086949564975719
10987,0.01069318467183299
10988,0.005780162807135219
10989,0.006044943221159942
10990,0.013340001537610897
10991,0.20078899850293255
10992,0.014584783580149127
10993,0.011609831629972327
10994,0.005327227606835885
10995,0.009139674184141975
10996,0.0028893625172107884
10997,0.008674011287717704
10998,0.0647159613448157
10999,0.01664847327503402
11000,0.011347676504842247
11001,0.0033913359147841097
11002,0.007289012271752065
11003,0.00447453958504623
11004,0.0387923594184514
11005,0.003220415494192005
11006,0.002062755296174942
11007,0.004167522859860101
11008,0.11648851622906128
11009,0.002404587710894211
11010,0.01516763751818993
11011,0.012273210646213081
11012,0.0032505230836371865
11013,0.24450740143714392
11014,0.005581912989842214
11015,0.003038949422714018
11016,0.006913047945229893
11017,0.0047962721765797516
11018,0.01557787974055918
11019,0.029968871248641723
11020,0.006364215248556837
11021,0.004028012946169634
11022,0.004173065504224032
11023,0.008380217628334144
11024,0.02497956641115318
11025,0.042479247710792166
11026,0.005432341421286466
11027,0.0917250719421861
11028,0.014364956477152161
11029,0.01299165129007588
11030,0.09174832780316557
11031,0.001388641926657314
11032,0.011041203626371933
11033,0.044085819802501355
11034,0.008967172956722447
11035,0.013692244988145056
11036,0.0034814033370211732
11037,0.004754069525526537
11038,0.01559770348389082
11039,0.03315179121763199
11040,0.0027212446443068278
11041,0.04486629188461483
11042,0.037143758058631716
11043,0.011107348132939357
11044,0.04526048959397907
11045,0.2822081456470746
11046,0.01488901916082216
11047,0.01574246349388492
11048,0.026316852857705225
11049,0.00856273465990846
11050,0.0638971175282478
11051,0.0037449116365013756
11052,0.013164571605713106
11053,0.009121759296564386
11054,0.03372442641700278
11055,0.002344454490260368
11056,0.42828235537711606
11057,0.02457058380535668
11058,0.005737852340062016
11059,0.004820237133794876
11060,0.00863443241838484
11061,0.0071310574006513685
11062,0.014717205529920408
11063,0.010723780078334405
11064,0.008500067785011787
11065,0.007436416152011763
11066,0.007599592761196991
11067,0.0033810708326958696
11068,0.07693225633201603
11069,0.011602850833457641
11070,0.008442363154203946
11071,0.03589355593182131
11072,0.005556264215126476
11073,0.005291089632768599
11074,0.07820664011242465
11075,0.08428738412027237
11076,0.01510299254092007
11077,0.006877698508611861
11078,0.003269900859103423
11079,0.06980015366808386
11080,0.01785462941437201
11081,0.008686794312855463
11082,0.06840300930491185
11083,0.06167905932570049
11084,0.02075226838453391
11085,0.04918159950685526
11086,0.05817926128460134
11087,0.010263577500630451
11088,0.021299233841416004
11089,0.004841919985250288
11090,0.007275275759216396
11091,0.035363461239342614
11092,0.34209373773645246
11093,0.0019030472246316182
11094,0.0042782993363140774
11095,0.0025650978044708668
11096,0.002789206950889215
11097,0.02880683342655885
11098,0.012702849714177056
11099,0.009654214437456963
11100,0.001241345345478294
11101,0.0033686576054436476
11102,0.008021741889693998
11103,0.005937871080415183
11104,0.008266719620210104
11105,0.037368721691469646
11106,0.02874341334013489
11107,0.008859738998262175
11108,0.00741872071575987
11109,0.010319857020460638
11110,0.010250777720629479
11111,0.0125495476171467
11112,0.01277049273645383
11113,0.01061851313929084
11114,0.004781769357279169
11115,0.004041920343366293
11116,0.011893475516103388
11117,0.009708092712715131
11118,0.0034114607161419837
11119,0.008835110912545368
11120,0.013108178445859174
11121,0.028513500460554023
11122,0.0046075774370288765
11123,0.004063199989952221
11124,0.0027121483659193276
11125,0.012027154704010772
11126,0.004000851083959583
11127,0.007558374777321634
11128,0.06823583652351005
11129,0.02733733814346031
11130,0.00789522018922026
11131,0.015036479290508154
11132,0.03983431019875836
11133,0.005211293128868079
11134,0.008879373678186432
11135,0.024360790704208445
11136,0.0018105648898379062
11137,0.010441201000840243
11138,0.017427550187451315
11139,0.012220986931108584
11140,0.008100917537519901
11141,0.003325090073629005
11142,0.004401635876713472
11143,0.004805606948734266
11144,0.14794193263067493
11145,0.030331309480416378
11146,0.04072523108785648
11147,0.0033194231873795504
11148,0.03117786909655883
11149,0.006685498498389277
11150,0.0019357580653279348
11151,0.012441269069966485
11152,0.0028308765697056025
11153,0.08578009679426878
11154,0.007824631352144805
11155,0.4171135411028617
11156,0.009889094865487108
11157,0.22809364633448306
11158,0.07988053619398323
11159,0.08973078049362282
11160,0.009352506820414188
11161,0.0017295244737540098
11162,0.0058682031034698965
11163,0.019349586358084227
11164,0.1303459061202883
11165,0.007279531806173271
11166,0.008121112447256894
11167,0.006445544427927211
11168,0.08527935326114112
11169,0.07342011450718496
11170,0.007836824224838258
11171,0.012722459038208636
11172,0.015804050813939353
11173,0.003319644653706909
11174,0.14974243583304417
11175,0.0528016186824374
11176,0.011689775730092052
11177,0.009828808231258646
11178,0.005092027097890986
11179,0.004405266446930527
11180,0.010013343692069531
11181,0.0018878334083824722
11182,0.016214089201168465
11183,0.059202532270401266
11184,0.004153008185323635
11185,0.008513911335303364
11186,0.007644743745710135
11187,0.04487496372894042
11188,0.017777990528475826
11189,0.013468230056005769
11190,0.05627789115587339
11191,0.011165456437719462
11192,0.057922352872751035
11193,0.029527139050538845
11194,0.015566057612850478
11195,0.01154213513142765
11196,0.013133946072262169
11197,0.03217356214589701
11198,0.017575054649498257
11199,0.003968655707948714
11200,0.003962652958870706
11201,0.06289277545191743
11202,0.0036514411376930536
11203,0.005034527445381938
11204,0.010865767306435167
11205,0.04463805833551132
11206,0.004440083505872057
11207,0.049125015057606136
11208,0.019478657913532205
11209,0.055393727098748215
11210,0.0032582996380433682
11211,0.03409800201252743
11212,0.03903096563653511
11213,0.2665625976621298
11214,0.028032781662113596
11215,0.005679478346353359
11216,0.03302074487165844
11217,0.017848036161740258
11218,0.02067184729987814
11219,0.0058968083201394305
11220,0.025412770854086462
11221,0.0034221792040155367
11222,0.015836074666011588
11223,0.009813882292516224
11224,0.07137737116316632
11225,0.08437762432606426
11226,0.06900220368676396
11227,0.003666411419614953
11228,0.003524652314745051
11229,0.012708406553620816
11230,0.004288340448810085
11231,0.014171927879449491
11232,0.005584848991150074
11233,0.004090886411663216
11234,0.013341565792182609
11235,0.02031593593013961
11236,0.006199914938609062
11237,0.007248057538507302
11238,0.05561133918953922
11239,0.005734437045566874
11240,0.07982683960567447
11241,0.009081842578414732
11242,0.0027547744938330038
11243,0.03502706812096526
11244,0.005041212635397224
11245,0.014084752117476026
11246,0.007238089466451726
11247,0.004547757731987217
11248,0.006711320995034858
11249,0.007607604517627904
11250,0.07476883788300828
11251,0.019775847754227537
11252,0.010650954007150685
11253,0.03392604764099403
11254,0.039544893331828375
11255,0.0618085416300233
11256,0.04236523395696219
11257,0.010237089094908065
11258,0.09008190480944127
11259,0.013090534549094878
11260,0.00831299441170568
11261,0.02898986545601929
11262,0.01194628658111335
11263,0.00148798130145547
11264,0.050161296641970145
11265,0.022331433906994314
11266,0.3706433045204958
11267,0.010514033922746179
11268,0.01147300943876172
11269,0.014015372753849285
11270,0.034721243396027494
11271,0.015055186839794583
11272,0.0035803100235546363
11273,0.0038715756565455054
11274,0.014831588812576738
11275,0.028643499241462728
11276,0.02481726417062667
11277,0.004171978932031744
11278,0.010225983726140487
11279,0.008345286042022662
11280,0.006934615749374767
11281,0.010697763667840449
11282,0.0068421293788199266
11283,0.00597433511622462
11284,0.08119630962342848
11285,0.008867113481933654
11286,0.01664761783165619
11287,0.0033869463452754415
11288,0.005175706530192408
11289,0.0030329442648409466
11290,0.01373572864216734
11291,0.007309836288406048
11292,0.017101305043642934
11293,0.01483692703288824
11294,0.013521895616334715
11295,0.007044633238616834
11296,0.004680149894595511
11297,0.014380599986020412
11298,0.005161535966014479
11299,0.01931935445628023
11300,0.01656586631828577
11301,0.017978339464031618
11302,0.006105013730067342
11303,0.0033617777597353717
11304,0.0038194507363698885
11305,0.007578351006420472
11306,0.010903625636059618
11307,0.07582330353466166
11308,0.006025639473045591
11309,0.026842530088115716
11310,0.017254061947279114
11311,0.02802108504793933
11312,0.018016589692551332
11313,0.1290619920538104
11314,0.006924479375693084
11315,0.10086491984698447
11316,0.004425500307020703
11317,0.009287854500781942
11318,0.004649413643583304
11319,0.032349448957736074
11320,0.02124211983814095
11321,0.0025170192481819512
11322,0.003916525985949041
11323,0.028963591175776772
11324,0.010182340069568406
11325,0.025494034277955543
11326,0.008489115344689106
11327,0.007215602504877671
11328,0.00809795789991139
11329,0.0035491877579203177
11330,0.31657961589028644
11331,0.0022640646409875518
11332,0.0038219206552175034
11333,0.03740942152727093
11334,0.015997109598390447
11335,0.006313297085246135
11336,0.021082178562850405
11337,0.04416997039192174
11338,0.011717887399849525
11339,0.0715900973068263
11340,0.010021827874171892
11341,0.01034902307096029
11342,0.0476458724947437
11343,0.006517108031808457
11344,0.020037347607106785
11345,0.05531156517636081
11346,0.0013326218531353024
11347,0.0038933071665444817
11348,0.027916153800564517
11349,0.03265686028221101
11350,0.005439771342162597
11351,0.004312875612140953
11352,0.006726815559196443
11353,0.011580076462892453
11354,0.003084746082268953
11355,0.07035961344471664
11356,0.008108118119511499
11357,0.06291503461931225
11358,0.003329540142016681
11359,0.004434633630544216
11360,0.008413877728094066
11361,0.004408208579398176
11362,0.0019260537685395055
11363,0.002679683995771016
11364,0.0031509814715116533
11365,0.008435599924904641
11366,0.015479758650676915
11367,0.0077098402909555434
11368,0.08221759871071486
11369,0.0025748429062194774
11370,0.02022235323126785
11371,0.024847114684719337
11372,0.02507934582707549
11373,0.021110855732488033
11374,0.13388577034645074
11375,0.02288263106457917
11376,0.00933597548826896
11377,0.032938934942562274
11378,0.0595596866487863
11379,0.02136097951236314
11380,0.00226990780518329
11381,0.00616162266830624
11382,0.008797217713135692
11383,0.027119501877362177
11384,0.007227725356229277
11385,0.002703926386462347
11386,0.030517186145533847
11387,0.026883053594590554
11388,0.06495439693810225
11389,0.006207533168151565
11390,0.007231367802012066
11391,0.005106092799856105
11392,0.003037925736082379
11393,0.011981811571856398
11394,0.007111959218113855
11395,0.10282591384979743
11396,0.06712437802748834
11397,0.21402313360355793
11398,0.016020489279671465
11399,0.4754375596895818
11400,0.005057950180958158
11401,0.037618726700917815
11402,0.043833298640374926
11403,0.00633541653974427
11404,0.013803919264780208
11405,0.007633088808352312
11406,0.01003855580134995
11407,0.004258033332409499
11408,0.009483433223498006
11409,0.002750848532627726
11410,0.006459286854076688
11411,0.01013688544031543
11412,0.0031939568952028727
11413,0.03431934248931977
11414,0.032915320892969356
11415,0.009850873629892686
11416,0.007173626938402304
11417,0.004133228160982583
11418,0.0046157183627149765
11419,0.0036574639337624178
11420,0.004321070374958225
11421,0.01627277233367654
11422,0.004480282709352599
11423,0.011577463945287974
11424,0.01026599173375883
11425,0.0206649337422257
11426,0.02217130797673113
11427,0.0033873246553855034
11428,0.007401060775929995
11429,0.00843202714072175
11430,0.0035242535334981846
11431,0.08079169177474572
11432,0.07662042227426344
11433,0.002458891361717626
11434,0.06134731812493809
11435,0.014371479915253185
11436,0.14437412891964246
11437,0.005070150010916088
11438,0.004129370521928685
11439,0.002325149779021968
11440,0.003908557893230478
11441,0.0058878404177278324
11442,0.00508875807682963
11443,0.013157199708735702
11444,0.2237198268066891
11445,0.004958869689347404
11446,0.3205875298630628
11447,0.011895131264065656
11448,0.00811054753797887
11449,0.002915295583826489
11450,0.06907400692496025
11451,0.01427233200059057
11452,0.0033318643934402677
11453,0.017159433407804372
11454,0.005579860583656532
11455,0.009062702206271023
11456,0.03888889308145785
11457,0.014231413450558807
11458,0.058180245913854324
11459,0.0017867485406096236
11460,0.010370110501480406
11461,0.006731913161498803
11462,0.11642053398055734
11463,0.0708056775370379
11464,0.008850172669004352
11465,0.007059384152910969
11466,0.0038591177027232034
11467,0.10721732391645984
11468,0.05440433912848302
11469,0.05806702736075684
11470,0.008841280338005705
11471,0.005851576761643278
11472,0.03929904525952585
11473,0.01985581369268954
11474,0.06770825177683829
11475,0.007221348632306834
11476,0.006695748295896786
11477,0.0042596949082517556
11478,0.13940554456945872
11479,0.011312864670233036
11480,0.007433980295837571
11481,0.005939415620361428
11482,0.013186576106603502
11483,0.0038946178244887017
11484,0.006802458821607842
11485,0.003116248753804689
11486,0.016498170194680837
11487,0.005068940601278471
11488,0.11095119966314855
11489,0.010923867484618079
11490,0.007160455970160454
11491,0.015051792108772442
11492,0.00820569780795075
11493,0.008938152946224834
11494,0.06046233524641886
11495,0.08226570903000223
11496,0.00585498633475958
11497,0.02492375124572236
11498,0.0035002599123205077
11499,0.014836610154785478
11500,0.008050032728746779
11501,0.009388735698951985
11502,0.013196495370791757
11503,0.0066593646119712056
11504,0.010455307351180049
11505,0.013965920493686192
11506,0.044520720700909996
11507,0.0026324469864621915
11508,0.028145759681090583
11509,0.003968461585469232
11510,0.011303624350182579
11511,0.12306950092797778
11512,0.09785525585529317
11513,0.003067940702286311
11514,0.005034794675184247
11515,0.011563951928048327
11516,0.004313878608064324
11517,0.006581065572766037
11518,0.010061993939541145
11519,0.01833951510136644
11520,0.04096766701781276
11521,0.08304343449170694
11522,0.013332493273796025
11523,0.06308862115827003
11524,0.038164260604022886
11525,0.01403023676081527
11526,0.006813268297968217
11527,0.021065342436980355
11528,0.011026575522886153
11529,0.026482728344422123
11530,0.02757482749674348
11531,0.009711316145540008
11532,0.0033182222068281588
11533,0.006352377949308063
11534,0.0864068723498181
11535,0.09902804970827812
11536,0.010387390659483397
11537,0.02136877755794283
11538,0.003601077993480885
11539,0.002582069409908156
11540,0.005468321103342542
11541,0.008664294165436216
11542,0.03308351731363707
11543,0.017555078973264047
11544,0.005774727092803009
11545,0.010706893650875408
11546,0.1827968198479133
11547,0.05899344451004681
11548,0.007723803610518859
11549,0.01116874023994648
11550,0.0023435622223256193
11551,0.002719310510176867
11552,0.00286719584839964
11553,0.10027952671833255
11554,0.01604331938183846
11555,0.06670879917936198
11556,0.06764275897014357
11557,0.006499707566437152
11558,0.06339069435498741
11559,0.07530923213070095
11560,0.006660475105558467
11561,0.019686728466135527
11562,0.010929721640321917
11563,0.007365236796339043
11564,0.004802173366942243
11565,0.008047196434650176
11566,0.035192308444871964
11567,0.006558530649894558
11568,0.02411097520073891
11569,0.0586921523277011
11570,0.01775049654160556
11571,0.017067582543286854
11572,0.009342306005652426
11573,0.018372609316246062
11574,0.003593146873686828
11575,0.007494781010577006
11576,0.049894503424847046
11577,0.003955456332625024
11578,0.008351205091934006
11579,0.007454997460818721
11580,0.00579824569385868
11581,0.022090162516216087
11582,0.038725527443213247
11583,0.06279349270742333
11584,0.005890391921703191
11585,0.01727775905905359
11586,0.003877105469015104
11587,0.007046724323893917
11588,0.004715248569111266
11589,0.0026167414077909877
11590,0.013306682216267622
11591,0.011002728491843338
11592,0.0021649815732679403
11593,0.20349903085765614
11594,0.05686495112118983
11595,0.012117995222872371
11596,0.07974883569579415
11597,0.17509180685366943
11598,0.01728044930160892
11599,0.007045832778453743
11600,0.016355832975933016
11601,0.05405361133947957
11602,0.013904269246047247
11603,0.0025257820196802083
11604,0.0807447512691418
11605,0.014104790117487801
11606,0.007428857794940371
11607,0.021022164549667127
11608,0.07772616666788697
11609,0.0035517065748159786
11610,0.013402282290134293
11611,0.0037533533296612966
11612,0.03639210137669431
11613,0.012987766744427151
11614,0.1924959137495867
11615,0.016520544730291797
11616,0.011055870384791354
11617,0.0017614769126140166
11618,0.02196693639054232
11619,0.009965866234643007
11620,0.0015745050109573346
11621,0.0018308901999514872
11622,0.09839728514551434
11623,0.0234003889423004
11624,0.008698466364775696
11625,0.01065826663894732
11626,0.014979428857220024
11627,0.03321656407093543
11628,0.00634288098845978
11629,0.0022659926042657794
11630,0.009413814901135693
11631,0.004992905518111936
11632,0.015626092495967588
11633,0.004159989911189275
11634,0.005900889246974928
11635,0.005730553011526302
11636,0.07630904135104327
11637,0.009255887571826101
11638,0.10809116402500732
11639,0.010128207881897893
11640,0.00557056443829247
11641,0.022562719519569258
11642,0.14461162792580406
11643,0.005172725778180899
11644,0.09400124934229151
11645,0.031057450036925716
11646,0.01692128906753728
11647,0.02077172898607681
11648,0.027140449161983406
11649,0.020389763455159363
11650,0.0063202721663948936
11651,0.007956736368633905
11652,0.0043958693152460395
11653,0.004171075652223802
11654,0.003462742658143695
11655,0.006595503803975466
11656,0.0076985331526932006
11657,0.0035572484325121674
11658,0.002967056188264009
11659,0.002718554457967041
11660,0.0019454247991821827
11661,0.023411793586226134
11662,0.009571242378124761
11663,0.2834960915997011
11664,0.003512211173468821
11665,0.031262882253653736
11666,0.0036857322453501115
11667,0.04431241997088215
11668,0.019109462866739813
11669,0.003495271993629719
11670,0.008329586614758223
11671,0.019392736491088476
11672,0.004176071164864353
11673,0.0064936517644865795
11674,0.07509351528410248
11675,0.005940207530661256
11676,0.02221876310644268
11677,0.016343609781891623
11678,0.01390405067589966
11679,0.006953191233024473
11680,0.010027604150141329
11681,0.007036491979239328
11682,0.01560215307492773
11683,0.00546718116452472
11684,0.0008824181033345119
11685,0.010678827064944706
11686,0.11764148272502843
11687,0.008166492143379455
11688,0.003140212102012144
11689,0.018124035191709135
11690,0.06629864602339423
11691,0.0029465086630227574
11692,0.024432058893385365
11693,0.007685516299025327
11694,0.0054719463302514365
11695,0.014339288898413865
11696,0.0034184604326395873
11697,0.1009564587617129
11698,0.021401841786521294
11699,0.005735015631840527
11700,0.014491955370656588
11701,0.0049432666686358
11702,0.007462135649549715
11703,0.11524481587084794
11704,0.3598608692334103
11705,0.05757455521658154
11706,0.016390697288976037
11707,0.03134843282775899
11708,0.01587769032681577
11709,0.007926236488995504
11710,0.07681587071253806
11711,0.16767062220066967
11712,0.006605223235979809
11713,0.004221990868977641
11714,0.04447975543479397
11715,0.0031422186342151175
11716,0.011055595004516415
11717,0.09624892798714288
11718,0.044319634385663484
11719,0.015007386972224429
11720,0.013644498896128917
11721,0.005650014190918697
11722,0.014596818553963015
11723,0.06904651028443796
11724,0.00644176014990786
11725,0.003999344662478356
11726,0.026287998252632533
11727,0.018754921844691394
11728,0.050519299049838096
11729,0.0075584013370798165
11730,0.007486935187230777
11731,0.003144449971576065
11732,0.004611384113050194
11733,0.01744906679485657
11734,0.006413382935357549
11735,0.014388223284533956
11736,0.0034418774756600976
11737,0.004524837895578947
11738,0.012055690478093692
11739,0.04855189351678198
11740,0.012425354873879196
11741,0.010248500847236943
11742,0.0033105190143869778
11743,0.01382762885002371
11744,0.0032513066488281373
11745,0.008608618478442163
11746,0.00998691894774922
11747,0.004485440061012764
11748,0.0016599095231304266
11749,0.03851835788279325
11750,0.1267980154000687
11751,0.010354692712460757
11752,0.006838340908358876
11753,0.013565501715994794
11754,0.020251953069341605
11755,0.0035543461344450873
11756,0.004255068034505587
11757,0.0031877150380842448
11758,0.016215364355011436
11759,0.0638828729702033
11760,0.08707127965451414
11761,0.003878427280220838
11762,0.011714145570007705
11763,0.0032823121811721505
11764,0.0071544015310405626
11765,0.006568706563767583
11766,0.011513652079687735
11767,0.09461912953739432
11768,0.022473769792010524
11769,0.04660081778499353
11770,0.015532676453406882
11771,0.008099517910730568
11772,0.15203824508864175
11773,0.016380535493458998
11774,0.0036011718737357324
11775,0.14187112098774796
11776,0.008696181208152286
11777,0.0066924348614880395
11778,0.06200841399925452
11779,0.00878440779455092
11780,0.009936307995309823
11781,0.06370427550164434
11782,0.008758704103452074
11783,0.029703318189160142
11784,0.06377335480542301
11785,0.03272481736439384
11786,0.03431577298096278
11787,0.016227935032145473
11788,0.011207730621823727
11789,0.009782463830881785
11790,0.003263076198478419
11791,0.025767466631573675
11792,0.030980144894455768
11793,0.029279636229788762
11794,0.013816355390955477
11795,0.00531829739716839
11796,0.004953052936373279
11797,0.032064285226966915
11798,0.009485461230491305
11799,0.00633774772860001
11800,0.004161554293019147
11801,0.0036197888575881954
11802,0.12223764894703207
11803,0.041137361055820276
11804,0.004385549953890375
11805,0.005177610847860119
11806,0.03927374687378229
11807,0.003760846020642892
11808,0.30098016277189815
11809,0.008526695819818872
11810,0.004103783439832343
11811,0.0021896194566891785
11812,0.004520387749492227
11813,0.01027008590788398
11814,0.014219547270044297
11815,0.05991561471366279
11816,0.012597210550662246
11817,0.008820337761345286
11818,0.02603561561691886
11819,0.0031785292124908745
11820,0.006116720162534522
11821,0.0857341059389935
11822,0.013646634866301757
11823,0.005133254587102125
11824,0.006402343137965087
11825,0.009365011838190933
11826,0.006582337403910496
11827,0.0051208860997416
11828,0.03017610636835483
11829,0.0038509869636262723
11830,0.010566181181454722
11831,0.0058176312370084495
11832,0.02305729605767943
11833,0.007953930820109903
11834,0.005003909278175695
11835,0.015103602871140525
11836,0.02043647722958652
11837,0.0056945750468531215
11838,0.0026221036674963544
11839,0.005198117484066812
11840,0.008010640862667775
11841,0.008652993167143738
11842,0.0037837751756263746
11843,0.018871464860007275
11844,0.003410563423820844
11845,0.010537317044171842
11846,0.008778539033167583
11847,0.006809240995574435
11848,0.006208947317210176
11849,0.02201564594720591
11850,0.0032137955490530606
11851,0.04080517558564242
11852,0.0061618242823379375
11853,0.010611384972460811
11854,0.0018820457362126745
11855,0.058383890095909906
11856,0.004039448652192727
11857,0.01945956351655316
11858,0.11972170556584491
11859,0.008937455156651529
11860,0.04525057251281465
11861,0.0029773410656593127
11862,0.011580893854669505
11863,0.007488846874046906
11864,0.0025102436574471016
11865,0.005880618306506074
11866,0.0031737096732270464
11867,0.10154636562987548
11868,0.0014391765888732303
11869,0.010327450317385517
11870,0.01665201538279603
11871,0.004180867953086481
11872,0.0072354595738226436
11873,0.04432023339412493
11874,0.012676779373140754
11875,0.02521277932318031
11876,0.009553198276744293
11877,0.003030085024254999
11878,0.006658690706101511
11879,0.06153402710832302
11880,0.04313780304563683
11881,0.04263101228845795
11882,0.012064774730728915
11883,0.012942488546236525
11884,0.006667907483692445
11885,0.0029825577928220366
11886,0.009961318126131163
11887,0.00747376895385998
11888,0.06824054839665702
11889,0.0954709893215163
11890,0.00866550580576397
11891,0.011317315194866234
11892,0.010877173661399958
11893,0.004822417855173819
11894,0.010838975501947111
11895,0.007178347383566085
11896,0.06571455153632684
11897,0.015521823513242588
11898,0.02259728665263084
11899,0.032221758593757845
11900,0.05000445893817395
11901,0.01616752181359741
11902,0.029256939487323576
11903,0.004189864966133975
11904,0.0036334328768288437
11905,0.060678751785259145
11906,0.012816359691099786
11907,0.014069410301527394
11908,0.0059359145516582395
11909,0.014192997885231587
11910,0.05848230814990521
11911,0.1401736478134686
11912,0.004543513566304947
11913,0.006056767309961458
11914,0.0056184046998312516
11915,0.021008607622373634
11916,0.00972083652771763
11917,0.0035531043132612326
11918,0.01617277959472031
11919,0.0225819918793964
11920,0.02749650313101739
11921,0.008120115612176742
11922,0.004874776764490438
11923,0.009459936205372641
11924,0.0019018960157767702
11925,0.012058515382933618
11926,0.001498088391317956
11927,0.012864796997367766
11928,0.01059253785500727
11929,0.010210001119786241
11930,0.008722018631432758
11931,0.018564188593527868
11932,0.021157937678196594
11933,0.0066895609053835995
11934,0.012954901560830028
11935,0.018777090930240773
11936,0.010769336093560856
11937,0.014528220121627767
11938,0.0021336552562118763
11939,0.007529315155209589
11940,0.02670122382084585
11941,0.007609344006060856
11942,0.003997973824299307
11943,0.011537610713763467
11944,0.0069783386209526874
11945,0.003607365522055772
11946,0.015689394850259032
11947,0.005065894291299767
11948,0.012597660200241629
11949,0.01215670805779767
11950,0.008759498185662233
11951,0.006490608452184709
11952,0.08369689455532489
11953,0.056664626211005265
11954,0.018640373184703428
11955,0.299233970064709
11956,0.004553085696058277
11957,0.011391865930430232
11958,0.045406064340354484
11959,0.005972579262217311
11960,0.01656229735951111
11961,0.021715872457244805
11962,0.006468751084121206
11963,0.026647844531809465
11964,0.003203373489082595
11965,0.00679269465018517
11966,0.015634615065318654
11967,0.006183076518307507
11968,0.015672560437531128
11969,0.006406917839914339
11970,0.11333253582416376
11971,0.003041647289678055
11972,0.005749693285127107
11973,0.002009909158034034
11974,0.01916846727537224
11975,0.021364817522216077
11976,0.061331249346967126
11977,0.008528422475857694
11978,0.009690718547021072
11979,0.026820324686424996
11980,0.08231896710479493
11981,0.10484349155215039
11982,0.0554710326807177
11983,0.0067845568423703295
11984,0.03809270829822936
11985,0.003714144983741403
11986,0.0066984480654540225
11987,0.021785007197316592
11988,0.01490426351131029
11989,0.003007006514277686
11990,0.032363352243386954
11991,0.00865474872562391
11992,0.09625790358609267
11993,0.004567647355401738
11994,0.004057879748807344
11995,0.004054471182686888
11996,0.006076778293159522
11997,0.00480367414727828
11998,0.0836679734206747
11999,0.003987734159153762
12000,0.006280953666754553
12001,0.009282215266648986
12002,0.039707323793914555
12003,0.3099104358464971
12004,0.024593766816333643
12005,0.002921464035665383
12006,0.018053683335446366
12007,0.05429663603389548
12008,0.024940147357506916
12009,0.013771425828340778
12010,0.09173560362104065
12011,0.00788928491225834
12012,0.019458573617277573
12013,0.016752868538964828
12014,0.018075404627060105
12015,0.00339649175630722
12016,0.0025186107605928813
12017,0.007724793739453283
12018,0.014018570246856779
12019,0.012279669505484276
12020,0.08484733589474965
12021,0.015106033434292856
12022,0.09102993881036896
12023,0.007579679331325544
12024,0.05731374813525751
12025,0.015987822247055937
12026,0.009769146144009552
12027,0.022049949296246353
12028,0.002692388129661355
12029,0.00445222700178491
12030,0.009113697659259089
12031,0.13174070400393217
12032,0.006878332383781975
12033,0.023967241489590792
12034,0.008269184571312174
12035,0.03368861409892456
12036,0.007316616572294559
12037,0.07725912081005452
12038,0.02691628545111015
12039,0.024560337211281705
12040,0.035711199529981745
12041,0.007479209546859425
12042,0.005001884366925075
12043,0.029614978171882897
12044,0.020670669493597624
12045,0.06696622819451208
12046,0.04208639634700506
12047,0.018048489784462614
12048,0.00664977688686615
12049,0.005333952711200762
12050,0.023953933831177016
12051,0.005698020120936372
12052,0.06898582867699249
12053,0.04843635136483403
12054,0.006373804670040381
12055,0.04385626845232553
12056,0.01882659542241657
12057,0.006852504705827497
12058,0.06610078424944013
12059,0.06220666540516544
12060,0.00815499467811001
12061,0.053370727445112134
12062,0.014818024867458047
12063,0.08853100962065136
12064,0.07290140253469239
12065,0.022534006340070533
12066,0.107027954904995
12067,0.00861616641023701
12068,0.015148329379839615
12069,0.008982231651356453
12070,0.10160933698476265
12071,0.1102121196586161
12072,0.019988448215441153
12073,0.03575043039755977
12074,0.015569376482030002
12075,0.005276523734832467
12076,0.05443565769608489
12077,0.007381413722169488
12078,0.007088616939890289
12079,0.040458198799685124
12080,0.0037645094534959817
12081,0.0033200974075528323
12082,0.01859798333974562
12083,0.004377756700955771
12084,0.06399678068451155
12085,0.016765130850644988
12086,0.009710129157425824
12087,0.0077259706934992055
12088,0.04278919746326079
12089,0.0063112072216243275
12090,0.03499680913036884
12091,0.004280200403308378
12092,0.0031727140991365073
12093,0.006524839450360097
12094,0.012433074708729995
12095,0.008550037782315747
12096,0.03257563828566361
12097,0.0969508018653729
12098,0.2842684211567619
12099,0.06708900534269338
12100,0.0037695000013734034
12101,0.02422252896354753
12102,0.0034148663729931714
12103,0.010811135962581448
12104,0.16062369119262
12105,0.015894647024227913
12106,0.003151022191563963
12107,0.01132466296305261
12108,0.0957474624499771
12109,0.012448124715247318
12110,0.08828433983147936
12111,0.011381115510208904
12112,0.002456220535691469
12113,0.020767134367783074
12114,0.09454483202522254
12115,0.0092482632665949
12116,0.0033032211584776935
12117,0.08119673932556826
12118,0.06521387050117636
12119,0.004035460349678761
12120,0.010537461891117218
12121,0.012713053724287288
12122,0.006109582750854714
12123,0.053932237175300164
12124,0.0700533710348989
12125,0.025996292942709286
12126,0.08118421552031409
12127,0.017832562637018188
12128,0.010204460157465985
12129,0.003984424266413158
12130,0.008921121995148237
12131,0.01713293809826209
12132,0.008945331736074593
12133,0.0686912558375105
12134,0.02125852685008946
12135,0.002434924506275566
12136,0.01578613594069814
12137,0.015724213232883713
12138,0.149259212151951
12139,0.015657478165570504
12140,0.12336871276024883
12141,0.0021176355082268275
12142,0.009172899521028925
12143,0.00870751517788867
12144,0.007149835532821577
12145,0.00544775369429397
12146,0.006737669428626835
12147,0.12756302524878993
12148,0.06339966349380635
12149,0.005157431406109258
12150,0.011426194051433533
12151,0.029762781354135733
12152,0.0031226527391533584
12153,0.008997422164607824
12154,0.006293702775508965
12155,0.013195822388434234
12156,0.22108755724504675
12157,0.26628198719177604
12158,0.003541211305295121
12159,0.0721553354394757
12160,0.020583847073487947
12161,0.012199069613012037
12162,0.04500408718645136
12163,0.06339116497882226
12164,0.03030837839679454
12165,0.005850734181322223
12166,0.02019506119143629
12167,0.011311327044244182
12168,0.01415945333346797
12169,0.030564346159654577
12170,0.002407324225012167
12171,0.005652804170021091
12172,0.010770416019212244
12173,0.07088086977429185
12174,0.004471769418987541
12175,0.004665819786293109
12176,0.003656776849674951
12177,0.006467396100055571
12178,0.005250908264229933
12179,0.03510028372523286
12180,0.01062931437219488
12181,0.003729544667980904
12182,0.02521228749723998
12183,0.04014459366522573
12184,0.032634730118469076
12185,0.0050767867516724975
12186,0.016973896297774124
12187,0.003596858326574007
12188,0.010179820836278107
12189,0.00436920329735563
12190,0.045700030927024834
12191,0.028706077767706558
12192,0.25633866156598306
12193,0.003506781244573031
12194,0.009335989846415147
12195,0.006936256895896499
12196,0.0064193566926097154
12197,0.003072917086156149
12198,0.007239057670383548
12199,0.06647969104728117
12200,0.004186601431550692
12201,0.0627762384535729
12202,0.015192122290262325
12203,0.006639159802526379
12204,0.004955215400832146
12205,0.037853611789061214
12206,0.019056468632606835
12207,0.04914636097098566
12208,0.07693767945414345
12209,0.0033096348634259645
12210,0.056040579950138926
12211,0.008869112216630136
12212,0.056870544858199666
12213,0.017546078417960582
12214,0.06962804884182507
12215,0.01143680963611045
12216,0.17446232158476896
12217,0.010563778892092061
12218,0.004260016473460233
12219,0.00446737512196257
12220,0.08712795706542845
12221,0.0071469408631749335
12222,0.008804584554494082
12223,0.009184562571752835
12224,0.006638603597995677
12225,0.07792742408146322
12226,0.011758199601464169
12227,0.022086992663331917
12228,0.07089893342205836
12229,0.13128613145293175
12230,0.15827863569492093
12231,0.0032564008697457945
12232,0.05383917118478235
12233,0.01611411831413826
12234,0.027750527239083684
12235,0.008092611906847128
12236,0.008260585377656596
12237,0.029641205548058824
12238,0.017889183112307576
12239,0.012978856596344818
12240,0.005775925343649683
12241,0.040848817454526384
12242,0.02398645898924009
12243,0.039916248877388365
12244,0.007687769757562055
12245,0.06268799926691832
12246,0.010034806511323192
12247,0.008314266688997445
12248,0.016931276772642057
12249,0.008904722101800055
12250,0.05190362734537447
12251,0.007904917882856846
12252,0.024074231365490573
12253,0.05586039478106679
12254,0.025026098719812307
12255,0.012213978819219293
12256,0.004702395720826022
12257,0.009192155375272144
12258,0.04092924498878604
12259,0.004976768666438821
12260,0.022105167088272547
12261,0.004619915307763559
12262,0.00795904099540344
12263,0.005378033931406318
12264,0.0022726707486582045
12265,0.18261790055984678
12266,0.038896200096633235
12267,0.014061177874856562
12268,0.002047737418030725
12269,0.007937642750432445
12270,0.03924943806154911
12271,0.015708067263321187
12272,0.024664285675932467
12273,0.05351679570235007
12274,0.011352900766428678
12275,0.06620763196438109
12276,0.09699598911501084
12277,0.012612811806509808
12278,0.009565253185303539
12279,0.00966378952576935
12280,0.012040696209061853
12281,0.008803447551873133
12282,0.026443807637527413
12283,0.06574580085334193
12284,0.023132643064390432
12285,0.002939632771861529
12286,0.029567848659189287
12287,0.05315355875911763
12288,0.0287129278685143
12289,0.0607319814783231
12290,0.007932292241313248
12291,0.021414358779011905
12292,0.02367087221675643
12293,0.03225238963365789
12294,0.019217058260150615
12295,0.020845577796925047
12296,0.07899478909185102
12297,0.06838084590981898
12298,0.06444069851556701
12299,0.018516039384073438
12300,0.009824554295320115
12301,0.013244651927933029
12302,0.005383724426478514
12303,0.06402396847555128
12304,0.11299485593300866
12305,0.027025843579041618
12306,0.007289679137682769
12307,0.011092460711614953
12308,0.002595937221339339
12309,0.004784017200739246
12310,0.06530822511754436
12311,0.039690023099319315
12312,0.0065388083622125595
12313,0.012252014120716272
12314,0.017761262922542077
12315,0.009167571777651535
12316,0.04352369233008679
12317,0.005482297972565273
12318,0.009979109112569174
12319,0.056068828216350446
12320,0.014420184428643013
12321,0.006283204620068394
12322,0.0030495844108618035
12323,0.00309417877333979
12324,0.01695629631142141
12325,0.006575512960975483
12326,0.17387341661311181
12327,0.001700057745701965
12328,0.017292034119598766
12329,0.010125685817197114
12330,0.06461567652630855
12331,0.003764525698423439
12332,0.06404231912838985
12333,0.020528926027459916
12334,0.025800849941179222
12335,0.006427858644050838
12336,0.012651037911240748
12337,0.00465583206715193
12338,0.008440044877152497
12339,0.008937567830956585
12340,0.04030764501889405
12341,0.013747548813094918
12342,0.08396149175015753
12343,0.006199575779331596
12344,0.002010379851103025
12345,0.010163772217145279
12346,0.0023173684471032366
12347,0.007540139700704972
12348,0.01724553350905728
12349,0.012476657548335315
12350,0.008120898360632374
12351,0.07610406007123635
12352,0.009437785725245005
12353,0.004890992871399383
12354,0.010663539895555562
12355,0.006307867471354695
12356,0.007820857858879501
12357,0.044142794913213726
12358,0.37298713504770736
12359,0.004471602629534235
12360,0.0011073682011716927
12361,0.08979010957862991
12362,0.003749564954946786
12363,0.010516483519188177
12364,0.009396150415746159
12365,0.005501643961569097
12366,0.0023430847592750058
12367,0.03862538054475662
12368,0.011153825552974048
12369,0.007883527589664048
12370,0.03382363873248536
12371,0.004387541866872909
12372,0.0621261862554302
12373,0.011178243798374348
12374,0.07333434218997296
12375,0.015591864955592357
12376,0.008023652033674934
12377,0.014269940299557733
12378,0.0028869507969484787
12379,0.09977444255607543
12380,0.013745364338310322
12381,0.03478005322915462
12382,0.008710467752236821
12383,0.00461879460111814
12384,0.007300234909997931
12385,0.0033075623630012263
12386,0.015062753920865455
12387,0.002241697759512621
12388,0.06921379733858281
12389,0.008605315284242113
12390,0.033293429054176905
12391,0.002842248835639621
12392,0.007127921264782269
12393,0.006300596962612144
12394,0.018523402982353887
12395,0.008675436853502335
12396,0.005304625722024818
12397,0.005492427971264935
12398,0.00356194804043558
12399,0.012561598357149635
12400,0.13463136395541425
12401,0.033704266510810425
12402,0.01751300981640634
12403,0.0963073098101835
12404,0.008847503534379466
12405,0.004104216994651372
12406,0.002772471601139715
12407,0.00403468147108255
12408,0.043594076283952295
12409,0.0966360903308542
12410,0.001595531021732212
12411,0.01828080877284617
12412,0.06966155414467998
12413,0.06338931285805115
12414,0.052366854224231915
12415,0.0122800286191432
12416,0.019693558542417295
12417,0.08453849815970783
12418,0.0018580040414438376
12419,0.024270051274473098
12420,0.08005762469796938
12421,0.008481780387456096
12422,0.004375126853891742
12423,0.059402621568044794
12424,0.03822667740495428
12425,0.03230000988434643
12426,0.009803093338024704
12427,0.07065961510888741
12428,0.011020989199181765
12429,0.01725084390381995
12430,0.01302954728014428
12431,0.0028890024349426543
12432,0.00718399925471831
12433,0.0035980973807010945
12434,0.006924749698698911
12435,0.02149023639643517
12436,0.014852029111766476
12437,0.005679865217183628
12438,0.009781208274989281
12439,0.0174205412452081
12440,0.004554044154741438
12441,0.004105249296980061
12442,0.009613073246091867
12443,0.0036173627046139083
12444,0.012949204624694543
12445,0.005047479716763114
12446,0.012589121453141937
12447,0.03473621959686871
12448,0.012561090195848173
12449,0.020286895371501905
12450,0.022608623702276266
12451,0.0039658524820068335
12452,0.008176440151689267
12453,0.017742132856662235
12454,0.004050269502846412
12455,0.011672217178533867
12456,0.006791692471232278
12457,0.02549848860359321
12458,0.011996200380394277
12459,0.00945128344016492
12460,0.011667791431905904
12461,0.033627141095258675
12462,0.008296410983056349
12463,0.08220918396515667
12464,0.014658287592667206
12465,0.013840263752613567
12466,0.152680312506054
12467,0.07217909524425989
12468,0.004432417247611306
12469,0.06758707670723345
12470,0.08788496655889232
12471,0.01711275793826765
12472,0.23377996331146547
12473,0.017117878732758367
12474,0.06395498331648744
12475,0.018463387801098165
12476,0.010390637377629956
12477,0.003771561187710505
12478,0.016588201184521263
12479,0.030153201512455624
12480,0.02747203268880473
12481,0.05697090282225153
12482,0.0032945868889262776
12483,0.004445939627839674
12484,0.005301477838104472
12485,0.07167046277065735
12486,0.010648419415639017
12487,0.06655263406067104
12488,0.02414270122412081
12489,0.009821144383671017
12490,0.025003174678335197
12491,0.1372351413702472
12492,0.07442202202705646
12493,0.0074844161441620745
12494,0.023611479575983342
12495,0.11912456302397016
12496,0.00257961358893017
12497,0.035805441009148745
12498,0.036592043455600874
12499,0.02193134056107635
12500,0.039727884239801746
12501,0.006025680343331293
12502,0.02088831085527471
12503,0.0020097433345781608
12504,0.002278632485400652
12505,0.0037618275469600616
12506,0.008907417022492993
12507,0.003176726534043916
12508,0.0292813419813036
12509,0.004751720027855225
12510,0.06678195122820307
12511,0.011095267493694359
12512,0.005640849193888104
12513,0.0114008868988521
12514,0.005556958706425104
12515,0.028404767804252055
12516,0.010077348210969044
12517,0.07646362670267237
12518,0.04865896062803566
12519,0.018190072953083114
12520,0.044530852844971464
12521,0.0037791365358502724
12522,0.007971749270848776
12523,0.013830048180131909
12524,0.006780678242592725
12525,0.008266406272611517
12526,0.02470187089812099
12527,0.04470127111983517
12528,0.008282068568193492
12529,0.006892638347349981
12530,0.04909608160701186
12531,0.0026516221777687244
12532,0.018228105168803188
12533,0.005633167051208859
12534,0.020819868348265665
12535,0.00848802554884272
12536,0.09025599141309026
12537,0.016477609964883747
12538,0.019485270417887626
12539,0.010531767069090313
12540,0.0103832173997786
12541,0.0165820168820084
12542,0.003658704736049648
12543,0.019589231926770024
12544,0.04996462496074285
12545,0.034313702894255234
12546,0.00964202325085806
12547,0.007561926312960271
12548,0.03297224714411255
12549,0.008645782773605021
12550,0.00974338892216564
12551,0.13450546008757755
12552,0.07171298866630405
12553,0.004040868273026277
12554,0.008903936256899624
12555,0.06429218695218412
12556,0.023324732109822163
12557,0.02484746516712874
12558,0.00799843452571554
12559,0.16276154265922868
12560,0.010249950384997734
12561,0.0028001306827425544
12562,0.009084658998952892
12563,0.029731321165971568
12564,0.002633707357643733
12565,0.13620338917189762
12566,0.005867542667362272
12567,0.008382185415369994
12568,0.00705707690397048
12569,0.006009517365073249
12570,0.009364953711024955
12571,0.09408521586800901
12572,0.004669339145225972
12573,0.0035419019749843563
12574,0.0030248869458637017
12575,0.004078764686146408
12576,0.013400699289446446
12577,0.009028797757896393
12578,0.00849235192743918
12579,0.03615780903879332
12580,0.09735136834035286
12581,0.017832819681655836
12582,0.009146204290680417
12583,0.003929601214163695
12584,0.053676947118631364
12585,0.16553290925799508
12586,0.038673884264361226
12587,0.02453989672162464
12588,0.009478506299837897
12589,0.008417066891090202
12590,0.007276824114564087
12591,0.012841796179221269
12592,0.02735399889020817
12593,0.004244515234742644
12594,0.04406553962303445
12595,0.004364295411113059
12596,0.007602675128953961
12597,0.007280147288262347
12598,0.005828675899797212
12599,0.005261164290205493
12600,0.05745558211990425
12601,0.015501481747622453
12602,0.015282797459576128
12603,0.05374956530040493
12604,0.09116333945743435
12605,0.011787191797297113
12606,0.008371760839798776
12607,0.012492794663803524
12608,0.21876371464201816
12609,0.012118749629910202
12610,0.005424794491084498
12611,0.006495025840213116
12612,0.19605919678693562
12613,0.2412981693319155
12614,0.07351116435828632
12615,0.08115477890192298
12616,0.0037649402470821573
12617,0.002121973240410424
12618,0.015905386341363098
12619,0.020195257617240014
12620,0.12518516647399672
12621,0.01155679425803539
12622,0.2892844543786529
12623,0.16992101371845453
12624,0.06622344262034247
12625,0.1668973021382131
12626,0.005454535462764224
12627,0.00874507336125071
12628,0.17695298981636076
12629,0.009536284425552155
12630,0.006286273409305531
12631,0.0837425064254979
12632,0.0052402076617221694
12633,0.010727924229145624
12634,0.0640742093548405
12635,0.017681581259889823
12636,0.011278946588077175
12637,0.08516186841516642
12638,0.005158138790253078
12639,0.009707848783103209
12640,0.006296328457543105
12641,0.01410417241641059
12642,0.14957434440710402
12643,0.01897991222516132
12644,0.0015729291312211722
12645,0.0034355487066538336
12646,0.030777489145990742
12647,0.012353086450703087
12648,0.004077386746332521
12649,0.001516130953413347
12650,0.06722322051504592
12651,0.006304343308520337
12652,0.013700473398833663
12653,0.008929820422586065
12654,0.06778237497682113
12655,0.004186401225141449
12656,0.01623560193970035
12657,0.014863278922698944
12658,0.294188818994723
12659,0.010615170620696928
12660,0.0015218010260658241
12661,0.02057663415164844
12662,0.007303283946382558
12663,0.13290858449173334
12664,0.014765438192691402
12665,0.026515833793579368
12666,0.0034817746012154563
12667,0.030346719588228887
12668,0.10390327985289312
12669,0.01155479554040167
12670,0.019715981270431535
12671,0.03220928933177466
12672,0.008856530262700451
12673,0.0375282776099716
12674,0.007592794882841474
12675,0.01525759263217977
12676,0.0022373710279124993
12677,0.007437515735876484
12678,0.015220284698960028
12679,0.024271301992163447
12680,0.019063344962715934
12681,0.03734629078903854
12682,0.004318824518004532
12683,0.20890597795448404
12684,0.0013354642136679327
12685,0.006860055328531746
12686,0.0033728217951601164
12687,0.0020466399220184037
12688,0.003777794963780431
12689,0.0017338390977142133
12690,0.008598259760783253
12691,0.005887283499326092
12692,0.06322440560439843
12693,0.010471056222145881
12694,0.04813368303529435
12695,0.6095918656590386
12696,0.010037976266897532
12697,0.004289239178020125
12698,0.0044140904693287875
12699,0.009780661081925953
12700,0.0022035774346282583
12701,0.0058212468680372605
12702,0.010890525839399817
12703,0.008651707935045362
12704,0.0010981316443846444
12705,0.03167159885417562
12706,0.03157747316207447
12707,0.0043964109141849846
12708,0.0070423946146609
12709,0.7631662769488182
12710,0.006307660299215982
12711,0.009125629555797233
12712,0.23163726281313513
12713,0.003924587280752216
12714,0.007999334660809156
12715,0.003727731576723935
12716,0.0059693335507384525
12717,0.009464389908855187
12718,0.01455660159901272
12719,0.018951409451319932
12720,0.011131770741857444
12721,0.046616568236667384
12722,0.21599525816048123
12723,0.007151365836320238
12724,0.004562200198670221
12725,0.11408333273647148
12726,0.05708123933704382
12727,0.04644760504061548
12728,0.012615565742498
12729,0.022159144681758437
12730,0.007384586531431545
12731,0.005947433658370425
12732,0.00579953513818059
12733,0.006436604332422083
12734,0.0033241927393391616
12735,0.01711404668227444
12736,0.009811216735141421
12737,0.006261983402291781
12738,0.008804969264805758
12739,0.006220783279385489
12740,0.0053367813502519165
12741,0.017183592193759756
12742,0.03146972723823828
12743,0.0020839077470765285
12744,0.013202700279441544
12745,0.005921062729430143
12746,0.007808877151950437
12747,0.0020776015832665055
12748,0.03476110242357555
12749,0.006696651189087035
12750,0.015800177865899934
12751,0.007162126468786233
12752,0.00998267168741631
12753,0.02014255761059787
12754,0.012398331503886013
12755,0.002931175931966499
12756,0.013637259927545315
12757,0.010701313680688761
12758,0.03649362354073611
12759,0.016648546659680817
12760,0.214286615747862
12761,0.006301625124742617
12762,0.03493713244507228
12763,0.011243501395642933
12764,0.025217222027187916
12765,0.020844181445646925
12766,0.08396399810100058
12767,0.0033197336180720294
12768,0.0040499695083388776
12769,0.00805957631596077
12770,0.005858974815980539
12771,0.004636615876130396
12772,0.011004832853508995
12773,0.19888994569208518
12774,0.012049518905423832
12775,0.037517569413035676
12776,0.008122505076171302
12777,0.0039239769352324635
12778,0.014808573666357426
12779,0.00769809047030589
12780,0.00865493004436731
12781,0.00520752164973975
12782,0.3390415815744681
12783,0.0026099406266639814
12784,0.01988551489511471
12785,0.0034014256014312768
12786,0.0073204970638027994
12787,0.0616541162723755
12788,0.010023243974477488
12789,0.0647943215498389
12790,0.0672491203283586
12791,0.012158862170319503
12792,0.0038775812115385637
12793,0.006807411789228859
12794,0.0027544763679551824
12795,0.005108321523708195
12796,0.007574692536494579
12797,0.02279473005972607
12798,0.029018561343406545
12799,0.00528779016627666
12800,0.001717508562123088
12801,0.004183928496277446
12802,0.011069623816018252
12803,0.07297576093780636
12804,0.010940604936997776
12805,0.0036049305458253247
12806,0.10729894291087669
12807,0.01058716905066821
12808,0.013308568227409051
12809,0.0032648550878003673
12810,0.02962698810199186
12811,0.010081246423479694
12812,0.0793914194350963
12813,0.0029950179173344536
12814,0.007587671594450567
12815,0.005557104860138516
12816,0.007961164781747075
12817,0.0024094948521780706
12818,0.04631576220297236
12819,0.006847041739772473
12820,0.008593213367694325
12821,0.011244528683931106
12822,0.04630764310714551
12823,0.026951835860121665
12824,0.03621066927241914
12825,0.007580304432187793
12826,0.012131648084878318
12827,0.006323737808151269
12828,0.005732097269710608
12829,0.002687215318763445
12830,0.015114629472778538
12831,0.00857827170866002
12832,0.012035084879348243
12833,0.007843192229333086
12834,0.0038802255481021402
12835,0.009775911239781705
12836,0.014452174282713597
12837,0.0020361776456738916
12838,0.002341347183892835
12839,0.013902272690189385
12840,0.020418755499806016
12841,0.008368663122784451
12842,0.004492288164000124
12843,0.11734612516297914
12844,0.0022298177321112226
12845,0.008718540669312397
12846,0.004725453959431337
12847,0.034087148618524105
12848,0.021933677738053124
12849,0.011639807113085928
12850,0.016828821238944077
12851,0.008314013170228993
12852,0.015900848948892633
12853,0.003595516493165812
12854,0.5268641437197994
12855,0.025591478679900127
12856,0.026107723678880892
12857,0.07439444109958666
12858,0.027260299720389142
12859,0.020977429445265098
12860,0.03918567620520418
12861,0.0060793733464155125
12862,0.15180359492911374
12863,0.005687528453494214
12864,0.010375368936445865
12865,0.0014887573185888338
12866,0.1274912646670866
12867,0.035877521198059106
12868,0.013179714316277368
12869,0.09178471749918665
12870,0.005650996621447398
12871,0.07525216283701591
12872,0.007158085105821399
12873,0.0870575386051572
12874,0.01619543586883929
12875,0.015941357072965658
12876,0.003652218955235317
12877,0.09632951387469632
12878,0.07476997943374619
12879,0.0040849560468878224
12880,0.003451738239912768
12881,0.009182040349683734
12882,0.0038908230511165835
12883,0.003104436605683017
12884,0.0023530169168590387
12885,0.016008336437348863
12886,0.00456239779267762
12887,0.016508440708249653
12888,0.0040427830559168435
12889,0.0051126625678957005
12890,0.006392194855544241
12891,0.008087636720584775
12892,0.004160106772233821
12893,0.03430254251379483
12894,0.07727986044711367
12895,0.06497736874471544
12896,0.007381051967241481
12897,0.06002699692461451
12898,0.019596590450185025
12899,0.006706773432171877
12900,0.007481824553214756
12901,0.04715609870012975
12902,0.159158370333471
12903,0.012051753825820112
12904,0.014186985901189308
12905,0.002462827564557892
12906,0.0630744936523202
12907,0.015580960791949854
12908,0.015656367757090194
12909,0.0035324722375112824
12910,0.007774201698509172
12911,0.08474977543369044
12912,0.015641436415402395
12913,0.010688799883782008
12914,0.00695640085290447
12915,0.05122593868420656
12916,0.04553979115558004
12917,0.04430687772241068
12918,0.018364229102748486
12919,0.013503639029999216
12920,0.012774572919547773
12921,0.0027594063212647503
12922,0.010544904986320016
12923,0.01713251879814012
12924,0.007544326744555449
12925,0.08359884447144038
12926,0.005533926769287868
12927,0.02795510019112756
12928,0.013304052545217764
12929,0.014433094285118611
12930,0.007474860152623167
12931,0.0648303395721166
12932,0.004138540416118483
12933,0.013200900436905713
12934,0.06735002328926677
12935,0.008061222648587867
12936,0.09115156845184273
12937,0.013284393349995646
12938,0.007470123099626973
12939,0.009340155074692682
12940,0.009499605240157112
12941,0.0614473840795311
12942,0.01588325947898257
12943,0.004748764580619033
12944,0.021939114349875253
12945,0.009047159384003117
12946,0.16243982311076277
12947,0.05276327381906986
12948,0.018650121281265534
12949,0.003399702185613042
12950,0.012524909812385226
12951,0.015824259233662902
12952,0.006071285580371005
12953,0.1031102727187296
12954,0.019158641839648195
12955,0.00773647236094711
12956,0.046169673042287286
12957,0.015852934395165736
12958,0.031562589763547214
12959,0.07791617685426508
12960,0.004194513204778684
12961,0.005309567595775183
12962,0.007095611078052563
12963,0.020208993056752146
12964,0.05253060250992557
12965,0.013936423159327664
12966,0.0037162587530538056
12967,0.05423720946751807
12968,0.004844435291496017
12969,0.03163761532985034
12970,0.011266819917656875
12971,0.0030757723967461447
12972,0.13280610633133766
12973,0.010472056351829752
12974,0.007580486157038635
12975,0.010033762633499107
12976,0.006189789051288036
12977,0.06947705582144444
12978,0.0033500871060030226
12979,0.01698731944835399
12980,0.0029787480816600167
12981,0.0030408435981166644
12982,0.03014987745526885
12983,0.05454571223568205
12984,0.007788680669118405
12985,0.062128319222729676
12986,0.007465993883244131
12987,0.010949901311878202
12988,0.07216629218277743
12989,0.08693795502039398
12990,0.05295508731999553
12991,0.01793211743220799
12992,0.012293522654353156
12993,0.01304535650169686
12994,0.04222297197029159
12995,0.022190165721618624
12996,0.010752394703726659
12997,0.011842126839491745
12998,0.006310165005943803
12999,0.009199179043456334
13000,0.003543139072184956
13001,0.0020349736979722176
13002,0.1370057148962542
13003,0.023762320108812792
13004,0.04043999682041704
13005,0.00971096676769082
13006,0.023126927763115968
13007,0.14319505579101713
13008,0.009956622437253359
13009,0.07121584360365243
13010,0.00509954708500172
13011,0.020301843012891334
13012,0.02777227338831175
13013,0.020315172986917648
13014,0.0048243171317895826
13015,0.023074958198415787
13016,0.015065907452304189
13017,0.0013464377465484743
13018,0.009089297108859425
13019,0.040668139899289475
13020,0.012946253710838004
13021,0.001519289518157309
13022,0.06236517393366977
13023,0.021640057481364956
13024,0.01551756534034545
13025,0.11285403134631908
13026,0.015223103944259487
13027,0.012328767708129353
13028,0.006495221670350164
13029,0.10590972404189991
13030,0.0013693685813870268
13031,0.00965663353929707
13032,0.027834318493308412
13033,0.20977013782316337
13034,0.021396738159894606
13035,0.00487704040494371
13036,0.0024707742007553835
13037,0.009819530934263144
13038,0.0143112900938168
13039,0.04764384790893268
13040,0.1034350308943984
13041,0.06423062708832822
13042,0.005175196948862571
13043,0.0030448274059750985
13044,0.009292846459184892
13045,0.03594766633104018
13046,0.014694083889427988
13047,0.13176568350236423
13048,0.016989089862637384
13049,0.024078049372472186
13050,0.020529721340589686
13051,0.003282095093291749
13052,0.10708832579285135
13053,0.01664740189744193
13054,0.020254490127057666
13055,0.008780538474437294
13056,0.07463482219282797
13057,0.008484750945693764
13058,0.048370689766382924
13059,0.23914671875334473
13060,0.033835654132898005
13061,0.020236190907856118
13062,0.005532567512487151
13063,0.009523217183584938
13064,0.2691754576393298
13065,0.013808787630382072
13066,0.007711827644306684
13067,0.0232927903985036
13068,0.002143015156820288
13069,0.0031888094878784125
13070,0.011405857548091189
13071,0.09557637039159962
13072,0.009579601258339938
13073,0.044755493288019636
13074,0.03921617574800713
13075,0.056652457638916014
13076,0.013130213986654685
13077,0.06609590995436733
13078,0.003829719711697621
13079,0.04369996824728576
13080,0.011500202556591219
13081,0.007285490659372533
13082,0.004539027419037496
13083,0.029679710359563446
13084,0.007201235132922067
13085,0.009477263417978514
13086,0.01052170341294318
13087,0.0854604006309324
13088,0.06610469850856443
13089,0.005401676120784844
13090,0.0772408637549721
13091,0.01932885045917558
13092,0.009996034068660476
13093,0.016639386515721385
13094,0.00905158818639741
13095,0.00660753985104864
13096,0.020074248025152227
13097,0.0037453366801201145
13098,0.0030726513981011493
13099,0.020901591788144835
13100,0.046428699180963984
13101,0.005522866434968825
13102,0.009355344228946579
13103,0.012750634364170801
13104,0.003863113150724888
13105,0.0941303311306606
13106,0.03780437742874382
13107,0.03446750684155082
13108,0.013665910310571383
13109,0.005789479337267617
13110,0.0030679394030417814
13111,0.004061044821680698
13112,0.007935606364247078
13113,0.006095568003853026
13114,0.01322562843587913
13115,0.016560873405137056
13116,0.08322437416509908
13117,0.03612820981116667
13118,0.0061879784575341506
13119,0.013932150675364442
13120,0.002893200140786187
13121,0.005191743246812338
13122,0.035667143204939925
13123,0.005938592845677569
13124,0.018959664085687142
13125,0.02752570135472782
13126,0.06354985286348265
13127,0.003223081772643456
13128,0.0030154582702746307
13129,0.010697612003448646
13130,0.08703332044754652
13131,0.016103686803886907
13132,0.03136138495706612
13133,0.019248056450855127
13134,0.008152692279200083
13135,0.0033558859976357807
13136,0.02327738796318359
13137,0.016027875634831015
13138,0.030593127821923957
13139,0.015591972502108847
13140,0.010845257630469235
13141,0.07655404945799942
13142,0.009459709029018088
13143,0.014624206604038403
13144,0.05041099479638352
13145,0.00844302815513448
13146,0.02354531461189298
13147,0.003107358634632701
13148,0.07047855307502361
13149,0.0036665743835253735
13150,0.009735873526534594
13151,0.008015804301916427
13152,0.06471524590229202
13153,0.024060309263918837
13154,0.006953845839183946
13155,0.01068920054095844
13156,0.00784510533756814
13157,0.0037306016753003574
13158,0.005069550109882328
13159,0.018659963124776073
13160,0.011121995174473834
13161,0.004920262289799845
13162,0.007614699086155014
13163,0.01125079186341802
13164,0.026090834644671147
13165,0.024131373414048266
13166,0.0018432054166602567
13167,0.00344496386251951
13168,0.007330823366324334
13169,0.016589844634498974
13170,0.02806287520981114
13171,0.012744948941035129
13172,0.013607102912201088
13173,0.10184109177018426
13174,0.01827651982180992
13175,0.04034447938709116
13176,0.00845823248509267
13177,0.013515144601301517
13178,0.004126450307961997
13179,0.03686624295766742
13180,0.01082225800635712
13181,0.007505966661464033
13182,0.011063787958711768
13183,0.0881972224597771
13184,0.003154021474576083
13185,0.05900661699642122
13186,0.006593681038596137
13187,0.008385292900038189
13188,0.00509254965533949
13189,0.016731361865188102
13190,0.024718295693904452
13191,0.006970841040640553
13192,0.011949607321022895
13193,0.01267388530233038
13194,0.006089381982324663
13195,0.012582499954714254
13196,0.026698879009559136
13197,0.004746194440760443
13198,0.011355210297952998
13199,0.06589394759944543
13200,0.013820607638832241
13201,0.007317800204630221
13202,0.019512519991075363
13203,0.0033995147300958217
13204,0.012272968472661695
13205,0.056092505880668345
13206,0.007527000881343524
13207,0.04532766471728556
13208,0.005678881802126917
13209,0.01477523102565553
13210,0.035328191024684395
13211,0.06839954117230272
13212,0.005300308023184218
13213,0.006758273161107376
13214,0.004342394486916695
13215,0.00521712575062237
13216,0.00329220371069991
13217,0.0033067121157367534
13218,0.002866066827711935
13219,0.06019410718318885
13220,0.060118497680867036
13221,0.04684553521959468
13222,0.006975687637694661
13223,0.010828119965442815
13224,0.014125503569159707
13225,0.0057580604404060655
13226,0.009712981330092074
13227,0.007494407419911722
13228,0.003219909084657582
13229,0.006804465517300509
13230,0.05683908174322308
13231,0.008367096256511017
13232,0.0024026153363992777
13233,0.05512297425563239
13234,0.0035653826673590597
13235,0.11964857604319276
13236,0.005027292207716501
13237,0.013845364267760245
13238,0.5312408332866987
13239,0.013304369813712852
13240,0.46630253216052125
13241,0.010735015159741694
13242,0.013086005945143605
13243,0.0036834611490235225
13244,0.008909572052251128
13245,0.006436616976248331
13246,0.06318511058207826
13247,0.12436424289008083
13248,0.0034505816323550918
13249,0.08754069793974967
13250,0.005972844119694427
13251,0.017854075096121462
13252,0.003198352689310498
13253,0.07401588438509904
13254,0.051334684530752676
13255,0.014306850131044047
13256,0.004731992667010505
13257,0.014744554504743887
13258,0.008540763770079412
13259,0.006522848653458926
13260,0.011029017454984467
13261,0.0026080681706744492
13262,0.014804090707477244
13263,0.010055711045667513
13264,0.01795714229185216
13265,0.006790453767808233
13266,0.03195359238410554
13267,0.004318044156761948
13268,0.0042277135546887066
13269,0.00885797321240244
13270,0.07113122126536614
13271,0.0041242449841864355
13272,0.006403287161485076
13273,0.0043429142860269155
13274,0.003557985521880587
13275,0.004118003234461098
13276,0.007444687258839478
13277,0.01298700422319928
13278,0.012666842028518808
13279,0.003053770237271983
13280,0.007019318986158799
13281,0.0035509151396627423
13282,0.07077349320584868
13283,0.0031974925788736948
13284,0.006606684727074421
13285,0.0036136805256009527
13286,0.0031199981222265276
13287,0.0068717564660760394
13288,0.00463141752880721
13289,0.0029886789414496255
13290,0.005947361353642185
13291,0.0021138045191632353
13292,0.027268286756079504
13293,0.002581018952810086
13294,0.011616005272427059
13295,0.003184843700587126
13296,0.06914135901199489
13297,0.007791922181180061
13298,0.012996492810980295
13299,0.046584741693308555
13300,0.004685441717658993
13301,0.0074213709313557166
13302,0.021197559216349946
13303,0.3424234154397374
13304,0.007243096610049361
13305,0.054039866981150306
13306,0.00898004905352397
13307,0.009997739164287039
13308,0.015286772219366689
13309,0.01194029220045848
13310,0.0053533262847267095
13311,0.009972517986866599
13312,0.01407875569780684
13313,0.009262205524339148
13314,0.0018697585862978033
13315,0.028548134282490974
13316,0.6040102178841833
13317,0.13291193193800613
13318,0.1303801752065204
13319,0.008032409721675635
13320,0.020797415942679733
13321,0.02781696321425581
13322,0.015921856298561257
13323,0.007157567416825693
13324,0.015404171823902881
13325,0.01126422713824429
13326,0.02443303276292277
13327,0.030415986271549292
13328,0.007512462110176046
13329,0.3177315293079778
13330,0.0018825221136586179
13331,0.004502702432611964
13332,0.0023530117335793187
13333,0.00342672130414194
13334,0.024896485429030987
13335,0.004416164808295861
13336,0.0036755679145740535
13337,0.032463509709364916
13338,0.007901214611114418
13339,0.007408275726343404
13340,0.016386141743394242
13341,0.012304670331081523
13342,0.005815305267687582
13343,0.0036835484692604877
13344,0.008627483229129958
13345,0.0030655614719463055
13346,0.02700900816947263
13347,0.1292193213548522
13348,0.00533433885080641
13349,0.021806127901957968
13350,0.006305516009229591
13351,0.0051208590832384935
13352,0.029125202949890024
13353,0.006074414697109079
13354,0.009598444569107105
13355,0.0055158531801678375
13356,0.008712022797468631
13357,0.012541899711206509
13358,0.029372184026412868
13359,0.025420094157715258
13360,0.005432585658843127
13361,0.003975695285775066
13362,0.006180468901680695
13363,0.005431849844024702
13364,0.03276602884992404
13365,0.006058351526545228
13366,0.09042443752651398
13367,0.02432699329010556
13368,0.02158515701773972
13369,0.010488157459940976
13370,0.06280411508722095
13371,0.12123816639038258
13372,0.0087640122471614
13373,0.003578796595972879
13374,0.016358934791305495
13375,0.0015524191419306627
13376,0.016097588096067893
13377,0.009643288805747288
13378,0.09836872292485328
13379,0.014813536035872014
13380,0.016090942102301897
13381,0.07289920199868885
13382,0.038532016807572615
13383,0.0038064090413783775
13384,0.06487026807407331
13385,0.004795264933295603
13386,0.011944998277155006
13387,0.01850177691495976
13388,0.00836655004460643
13389,0.017536482331518166
13390,0.01365267955524503
13391,0.22447586996467195
13392,0.08022273816775612
13393,0.04415522310856517
13394,0.008444279659386067
13395,0.005150370930913606
13396,0.009678255661372948
13397,0.0036260362576233432
13398,0.015622394841843123
13399,0.0259300082785503
13400,0.013013026413376826
13401,0.03833936133177712
13402,0.03624307921050817
13403,0.003384257578794053
13404,0.006628700553310399
13405,0.007723566480922023
13406,0.0642310341188329
13407,0.004248980153206223
13408,0.1199918366906825
13409,0.009664209611549054
13410,0.00753924754358084
13411,0.013727081432804182
13412,0.003012242008495623
13413,0.009878505726839876
13414,0.0053319148027734485
13415,0.019997047386581163
13416,0.008201845445687661
13417,0.011178910375883288
13418,0.1739565031627627
13419,0.03945853107336658
13420,0.008934102202089136
13421,0.0036065079439625007
13422,0.007089928852403968
13423,0.0032104309318312105
13424,0.04022711776374366
13425,0.14251051964149755
