Id,target
0,0.004579499305261079
1,0.04354115365819782
2,0.01892386363278386
3,0.02983534247943222
4,0.09995372264109487
5,0.04728646911903184
6,0.0035886297439144334
7,0.03844298156211209
8,0.001955251342231091
9,0.15314150841639287
10,0.06528629448261311
11,0.05214718800074721
12,0.03661050887551831
13,0.23046337368919986
14,0.06782364212959117
15,0.05036181677967794
16,0.023272973115890237
17,0.025313730141002192
18,0.14090897905003089
19,0.040451488697329716
20,0.08619635924018557
21,0.09697120171524583
22,0.003911222339622758
23,0.02909574237073498
24,0.010237698529109801
25,0.04294332164333209
26,0.00860289366718146
27,0.03938466487078157
28,0.13370925158782382
29,0.03409791582277915
30,0.034312448903222784
31,0.07199740132488243
32,0.013879872187693433
33,0.1377111464096717
34,0.09334834404766225
35,0.15935866873426652
36,0.015885538361916054
37,0.012991104326373253
38,0.01164210190591069
39,0.11828553302364271
40,0.01276054482377666
41,0.02616866078986905
42,0.024599394389305116
43,0.013098675990417821
44,0.034168512453505225
45,0.03486495995376977
46,0.07118727155076075
47,0.03191658850068826
48,0.03698822333654807
49,0.018993726919396433
50,0.05431934615795562
51,0.020256396904662168
52,0.03378831169037071
53,0.02525297351408665
54,0.017989882744085122
55,0.20624521053282
56,0.03307308441235001
57,0.11147915548760871
58,0.04117066321716488
59,0.022368565268042942
60,0.00457028398920743
61,0.0457336806570035
62,0.05774083415415085
63,0.017545431895947858
64,0.004254737649860718
65,0.034228367736722
66,0.025761575738652957
67,0.007623737931466312
68,0.04342144587920988
69,0.014923331999621703
70,0.41662243417450184
71,0.013864476534113308
72,0.05222172463432086
73,0.12319429620135418
74,0.07788656352972591
75,0.02015301622207506
76,0.0055097053475425825
77,0.023373800617576438
78,0.045317552973564115
79,0.0462181074936474
80,0.13964565789352737
81,0.01197710997535061
82,0.025642665828253038
83,0.023538773674204143
84,0.03004251839201754
85,0.024010757378462422
86,0.03899217690494084
87,0.026733126547800693
88,0.06922949594702953
89,0.018252309243377108
90,0.050233508755028834
91,0.005928540942077462
92,0.12974056718558263
93,0.20318366602571325
94,0.02898805109827614
95,0.09808677324087528
96,0.03145884182636567
97,0.00891681646805333
98,0.07600582217778283
99,0.024386540552541386
100,0.05778651405355748
101,0.06761609589750005
102,0.013912317534796891
103,0.0263730017256109
104,0.22384552085990117
105,0.010564667784738378
106,0.006966024496466242
107,0.013327160719679758
108,0.025706053984020472
109,0.23008950943379222
110,0.4624189948396507
111,0.010478745468242776
112,0.02907105123974695
113,0.11788481769212286
114,0.009288261337417449
115,0.05199232695036556
116,0.07356573801658975
117,0.04162292116912987
118,0.01026914907013694
119,0.019322895977605687
120,0.10076745574059574
121,0.011113967491189636
122,0.01932209134892843
123,0.018601559278107697
124,0.17816747341285488
125,0.042780080650152076
126,0.042294629674643425
127,0.009875983718649062
128,0.012429358595218213
129,0.022782967694013532
130,0.012733735408286246
131,0.06975626596612634
132,0.07282510996048051
133,0.014753686258042489
134,0.024662886896866815
135,0.07504694843766277
136,0.006672115655567551
137,0.017412402760698845
138,0.016570658214476532
139,0.004515330677320227
140,0.00787453501818577
141,0.04961784094752184
142,0.03488138948096998
143,0.07916025992207033
144,0.12324231827555138
145,0.029256892409782707
146,0.17936896040978634
147,0.04715153354790875
148,0.01701062105767624
149,0.0557086664009409
150,0.08038627918136587
151,0.1298837755211053
152,0.0932596715213961
153,0.004186246259086617
154,0.018846980882994583
155,0.012406532006920736
156,0.058603252969115685
157,0.1263410937657484
158,0.024872522350000297
159,0.0789320566714701
160,0.00829145642711618
161,0.024708865830428445
162,0.14857419990644444
163,0.02119927719255114
164,0.23667874347816048
165,0.004666407418171133
166,0.1174825763222521
167,0.1342246333928496
168,0.08569743318405999
169,0.03355361972165213
170,0.04589092576815234
171,0.005109205441025403
172,0.017260083732169997
173,0.05764931043840246
174,0.014326311950470412
175,0.1397906077788703
176,0.031643382697840866
177,0.07831087396793099
178,0.016156288314551383
179,0.03159589995986891
180,0.0075371938867007295
181,0.01610569201912013
182,0.012208052950283934
183,0.10954729103297102
184,0.0075143199202407545
185,0.011398110939399964
186,0.03631439640129906
187,0.0502805739387728
188,0.0838157659091834
189,0.027378107827787136
190,0.026898043376442884
191,0.0820685835533982
192,0.057746199926954324
193,0.04347771364956812
194,0.028811637376698652
195,0.06922669040677493
196,0.04854363666288226
197,0.022454932687003843
198,0.1595241575715501
199,0.02748865794659281
200,0.030708888999110766
201,0.13923705106259815
202,0.015764401434153242
203,0.011285506477113462
204,0.23694858455710538
205,0.11352760736477253
206,0.49459439571830305
207,0.00852884843895497
208,0.055621245056780594
209,0.028294388511570668
210,0.03193362839471699
211,0.02663939495506196
212,0.022444759978580312
213,0.012981560046970911
214,0.0928891486172001
215,0.5006612672373995
216,0.055105434928995466
217,0.034923595728522557
218,0.0780603164608083
219,0.024445572870183938
220,0.025349024673594487
221,0.052626330020239635
222,0.10818556754300286
223,0.06063621098092704
224,0.03231782074944308
225,0.005443848668673409
226,0.030541295788153587
227,0.006763196139631906
228,0.0376345662129317
229,0.04413314857196653
230,0.028105109542018804
231,0.01062207885953348
232,0.06408200125854475
233,0.15063673860785576
234,0.010563793925178944
235,0.016596425998633334
236,0.05218656335780919
237,0.04111240738732723
238,0.05036920728282012
239,0.13605256912197933
240,0.03226679821728991
241,0.031084948844784605
242,0.1055901791797762
243,0.24896655909483917
244,0.020184346935092846
245,0.021670736825314136
246,0.02101145171192471
247,0.016073878331307648
248,0.02761132305921295
249,0.04622297735013406
250,0.05084133070601957
251,0.01471999139546601
252,0.02327985598214789
253,0.03407144308897667
254,0.023812721281084453
255,0.024220769471725145
256,0.10087765322186516
257,0.012468659488560825
258,0.04161401175446299
259,0.1589876344171773
260,0.03608731479037538
261,0.038666657740118425
262,0.05289828415637622
263,0.041213738781543476
264,0.06992342723677566
265,0.13564811101832047
266,0.07928903455638137
267,0.008855876467375713
268,0.034166224182554404
269,0.033367257421627
270,0.2893459494163356
271,0.020865996985348363
272,0.04400379351692349
273,0.01397473000557126
274,0.013380116749076658
275,0.04160149236419608
276,0.014381652573903479
277,0.006893826616468564
278,0.007481204318128417
279,0.11385034721912103
280,0.022563684910786554
281,0.001617189586143068
282,0.07023760224979594
283,0.01673301597662488
284,0.05524221789600205
285,0.02351321080683526
286,0.01370259496365256
287,0.15779438243689722
288,0.03250677333012843
289,0.01309244743922681
290,0.05084923382703483
291,0.12495727247675341
292,0.0156947851712122
293,0.06293090977368065
294,0.01653893696791021
295,0.0806685468385789
296,0.30233300203521
297,0.07544444193153002
298,0.07081483425492892
299,0.012794417101398997
300,0.08387883596071773
301,0.02418548552400941
302,0.007710776895435119
303,0.005514693884144812
304,0.027717158763463496
305,0.025887000737428677
306,0.18767211466867878
307,0.05219264082155972
308,0.01615569174273353
309,0.012236154679679619
310,0.22657652335843456
311,0.05006706694188223
312,0.009765435604821215
313,0.15159470434964512
314,0.06749014392127459
315,0.010881148235699417
316,0.011825006165652564
317,0.030467304691147924
318,0.025288301579301436
319,0.009903006845718997
320,0.021972206037051377
321,0.35423343828261905
322,0.07156590497399103
323,0.005007522472216719
324,0.046688651170250964
325,0.05435777445785903
326,0.38667177489432697
327,0.012970360840157971
328,0.008052536229421281
329,0.051397184060473916
330,0.01306261285006661
331,0.1279655710923927
332,0.02891564171353054
333,0.012025841161463758
334,0.04146283548287319
335,0.01596428569056679
336,0.04710860471704516
337,0.047129319169533536
338,0.006332075106471943
339,0.07357034570697084
340,0.01936672425272806
341,0.04411112484981815
342,0.011561486547609473
343,0.04327025455033747
344,0.08322835902713649
345,0.11514210293887304
346,0.02706430612660021
347,0.013081462613643171
348,0.013477964866168531
349,0.010241981907933724
350,0.006044817092036802
351,0.02084936017241901
352,0.018367645847260798
353,0.13207977849805125
354,0.03675045583883307
355,0.10677306815053059
356,0.18926894163137326
357,0.15681405412969832
358,0.03796505721453983
359,0.040751895321030907
360,0.024154158553071618
361,0.04554276110792553
362,0.03402630899773863
363,0.018083317803620078
364,0.027540825347238392
365,0.025859884306811586
366,0.06046912923744828
367,0.0180395876232431
368,0.01908582309648749
369,0.003272902047920173
370,0.19047402638020233
371,0.038867491252397184
372,0.019329665562772453
373,0.027579194787929015
374,0.1323850559304335
375,0.036097865602401864
376,0.06774925521267214
377,0.04201231474340995
378,0.02884755986689838
379,0.004333847084579515
380,0.012715487360785118
381,0.01299116641388545
382,0.07490049712387466
383,0.033586733251034256
384,0.0035509971564912156
385,0.12067989840898813
386,0.04065784855762454
387,0.02186980153637604
388,0.08014954898439469
389,0.025785131115435032
390,0.21187102248169604
391,0.0838459446543317
392,0.10032112682001727
393,0.02339346120879069
394,0.044783109027178
395,0.02664378748374277
396,0.049417597486474035
397,0.020749407627328905
398,0.018403087081346102
399,0.03700384675160512
400,0.005948759196382225
401,0.03080373282103506
402,0.07499844602745007
403,0.032924313660551166
404,0.006625684700151319
405,0.15527362463059244
406,0.02886846933860894
407,0.05693766818264808
408,0.013142821883211095
409,0.04467479335678594
410,0.010854211273503733
411,0.06750982161313009
412,0.04818066685104682
413,0.07436838352669214
414,0.03275445453627752
415,0.04143521980831313
416,0.0155978966489059
417,0.040803993517259475
418,0.016707864068872032
419,0.04161993723445853
420,0.042898893949147324
421,0.22159608996069682
422,0.010582256746196285
423,0.02407462008791781
424,0.01868800394811688
425,0.024174868206198435
426,0.05608287644889382
427,0.03244851356785507
428,0.054031915914398425
429,0.005363168402317431
430,0.01907245296862942
431,0.02995127053852123
432,0.09533300543917114
433,0.012493929689766205
434,0.006448799497067948
435,0.09214061859591258
436,0.03206786996647144
437,0.014429799334721884
438,0.005503585558857786
439,0.024177352086094398
440,0.03506533756730588
441,0.0038959796924691262
442,0.024178685478227976
443,0.06292724619591701
444,0.04850987852785458
445,0.0525622472020605
446,0.08985451423845164
447,0.047786374236022756
448,0.04318648052388284
449,0.04566789894124153
450,0.020793434364157773
451,0.054742505951163825
452,0.012399918567830927
453,0.15816361206830556
454,0.017296667435988032
455,0.03555059092576301
456,0.028996711871385767
457,0.1084384581120642
458,0.08752704297056071
459,0.010734491055911552
460,0.015332649894882875
461,0.041906923112890175
462,0.04429229399079403
463,0.009259491668065879
464,0.07821252049715788
465,0.08894678384820116
466,0.018338213081143345
467,0.08828277998818274
468,0.008130900915208865
469,0.034180688855393083
470,0.04785415106473164
471,0.005395994503063536
472,0.033550721924470735
473,0.11080308274761237
474,0.026726472624289923
475,0.01986486356703248
476,0.061220018461906715
477,0.017130414681378985
478,0.03510584816214473
479,0.16142031724577202
480,0.0414486390395896
481,0.024348648188656393
482,0.031044047956702875
483,0.07310448865120235
484,0.010094826306021104
485,0.03319750581263149
486,0.023692024655190436
487,0.03410930134128227
488,0.0294241813043519
489,0.14936718031541962
490,0.023866226018339147
491,0.05380507396915574
492,0.007498766544305062
493,0.026845337376273433
494,0.04306000761462458
495,0.042436009309353026
496,0.013107649601145877
497,0.06217264346749709
498,0.03426370454659689
499,0.11029024264277892
500,0.07216704568913722
501,0.03821773288189656
502,0.0689024679495513
503,0.056321091480883406
504,0.4367027276645138
505,0.0273852254203162
506,0.0175471117259205
507,0.010583422710031376
508,0.014135363048484001
509,0.032889863498734066
510,0.08253630640841102
511,0.05540202791354013
512,0.06277275373684572
513,0.06743852650061273
514,0.02556777853253564
515,0.06374020370133308
516,0.09129680641514437
517,0.15921851557986894
518,0.011675309240552944
519,0.00618384236519008
520,0.031571183310059606
521,0.0072980094553887626
522,0.010695726002403214
523,0.08132497977754233
524,0.010123232399285486
525,0.014324143026999935
526,0.23754248779082032
527,0.12374972259232736
528,0.0501028181336176
529,0.006288337175271416
530,0.01999542756563418
531,0.05568482296386676
532,0.0703727746343016
533,0.04227071606779128
534,0.0575828457962564
535,0.1543862042820614
536,0.33753670882152026
537,0.04938742343296883
538,0.019353049264914577
539,0.06253360947417008
540,0.058130836046208036
541,0.035604187937099255
542,0.020472955312813967
543,0.005553558410250267
544,0.11690184214957049
545,0.10098454835619805
546,0.031197542211977625
547,0.23518866302179242
548,0.09136825869877349
549,0.04718228906700214
550,0.01727458611968366
551,0.032404254584251835
552,0.14692628089173296
553,0.022952135960701635
554,0.018426483008745248
555,0.0198093317922078
556,0.024940249267970716
557,0.28878567731620547
558,0.06418557560784913
559,0.007429444039977245
560,0.12595186864562236
561,0.03674849295341292
562,0.03799481812786349
563,0.01621806564262054
564,0.024089780101162698
565,0.024993936038014586
566,0.03266169838659924
567,0.02013951789256428
568,0.026771486049479813
569,0.053871258650314814
570,0.16990658846809137
571,0.017111287199218003
572,0.0975436106160068
573,0.015864446258243146
574,0.004634401994793073
575,0.029034578087176834
576,0.07147382618900393
577,0.02136390386539092
578,0.01162931932035312
579,0.03120152771894497
580,0.014110188047823843
581,0.01643255214839384
582,0.011700308406232166
583,0.08159330016574404
584,0.104841760364285
585,0.19293515092903973
586,0.07140616131502428
587,0.021905936454057858
588,0.05863525994549955
589,0.02852142581680631
590,0.030877679244014217
591,0.008196019714069807
592,0.024670792435258857
593,0.1613606630263389
594,0.008281569424383347
595,0.019528960959264447
596,0.05710581502697598
597,0.06319451082468609
598,0.015137928890637087
599,0.11625062558222414
600,0.06431025741452466
601,0.019080634454862636
602,0.12268313089756341
603,0.012495187872671978
604,0.021356034004276943
605,0.03648497636241687
606,0.027647593123610748
607,0.21554062886412856
608,0.01901069501761451
609,0.0074961720779203045
610,0.0171976983191002
611,0.025081691640409447
612,0.0367196019390158
613,0.015797907451323263
614,0.015544487073992171
615,0.016784321891351463
616,0.02841289934608229
617,0.03572192654087601
618,0.030064342828638072
619,0.03578709309012603
620,0.053490690028102805
621,0.0630572222483625
622,0.06392711604787087
623,0.0338989675968199
624,0.054955580632667235
625,0.005944676792160832
626,0.21638894108934761
627,0.04049399309174212
628,0.01737912887588934
629,0.02140998365994928
630,0.01127600420725347
631,0.036505613547155924
632,0.04783777707430273
633,0.07078000695496597
634,0.03698781618182183
635,0.10265120230923128
636,0.10425673746789288
637,0.14512113607962554
638,0.13686813862860583
639,0.24113168059014384
640,0.08666529983627677
641,0.07030296199217922
642,0.04582730501679544
643,0.02853742636909773
644,0.009827986808302686
645,0.041241877547115204
646,0.023678241924972872
647,0.03818611698834353
648,0.012375129701954408
649,0.04104515528991999
650,0.04632071285320713
651,0.011424384479741619
652,0.010310039687671286
653,0.02068071695996022
654,0.02742250048635096
655,0.008038010314681003
656,0.17080863482364322
657,0.026123140769769352
658,0.04901267991803763
659,0.02179805691548974
660,0.002997668800053963
661,0.0037341528795565323
662,0.14026983002908766
663,0.02189907296462365
664,0.04514425952344007
665,0.022848786730673237
666,0.05187379310568353
667,0.010763177572474848
668,0.030392845237148254
669,0.013561416003634023
670,0.03027296703114975
671,0.014506535248939101
672,0.04299999502109686
673,0.032559682055658894
674,0.025136786783552575
675,0.024900654753436283
676,0.012970859442652588
677,0.018518660816325788
678,0.08863351186273535
679,0.022811094104974984
680,0.2735601140728955
681,0.15868981866407347
682,0.05652675345219136
683,0.011503450142680777
684,0.1041523775296552
685,0.002829917283659379
686,0.020060255289897706
687,0.011017874473000207
688,0.028124313920211353
689,0.01684083395190374
690,0.07730029867637671
691,0.026220107360386036
692,0.0021994883065807646
693,0.027414569283919513
694,0.1368852819938554
695,0.0029714655999504296
696,0.010140560176293415
697,0.030298780535881663
698,0.01212508316847263
699,0.01887609028681612
700,0.017165720491025275
701,0.05668049647248745
702,0.08371532122381126
703,0.021290510368837896
704,0.008935827423157726
705,0.026037440545249205
706,0.01366369226617709
707,0.10052151239202518
708,0.018730890433133005
709,0.029599650592577378
710,0.025249683340491064
711,0.008732726982964893
712,0.05000430884604839
713,0.0914821869993698
714,0.26240020881584203
715,0.031487181567068825
716,0.15230224344694204
717,0.034861330516567
718,0.07596662385136861
719,0.01406582731995747
720,0.09633631036963833
721,0.032203905783820146
722,0.01782223380806984
723,0.009824457261744112
724,0.06099798397113887
725,0.10204165684093615
726,0.26067962332118955
727,0.05906501392965556
728,0.04817033208846371
729,0.011881380920205275
730,0.029450728333947886
731,0.07798319617201642
732,0.040043037462770874
733,0.01565273657755375
734,0.011795987513576845
735,0.04444444773960116
736,0.03939886886988676
737,0.04937431410378474
738,0.01851452100929244
739,0.027670867978926764
740,0.020017776059008476
741,0.05228666597960452
742,0.0036906674768804894
743,0.01225141439917581
744,0.034307038642022294
745,0.0997792207344873
746,0.1986730794089468
747,0.01487526553883374
748,0.008667213512149847
749,0.02547747779235192
750,0.03779105585651092
751,0.04029573582723982
752,0.022286694671795358
753,0.02411074927777727
754,0.028195447516894543
755,0.0544536600678515
756,0.01762626605382021
757,0.021654742745975758
758,0.12577925995602604
759,0.015077359135367577
760,0.03092390405953462
761,0.014538127362997649
762,0.052690878674593364
763,0.05551238539469595
764,0.019532249514768566
765,0.014909143296299662
766,0.16644030277540497
767,0.024203890041870738
768,0.0207145053729804
769,0.022439835204382932
770,0.11145251433921811
771,0.06791019951711182
772,0.01445452255729183
773,0.006506573456855883
774,0.26533127569484155
775,0.0427896682285281
776,0.05151053045066888
777,0.019934131688438682
778,0.011241940084723448
779,0.1215080542582417
780,0.03915539194649265
781,0.05760752806766587
782,0.017172978613889
783,0.013123454174004717
784,0.172637782846429
785,0.024360846529400685
786,0.01695925510409646
787,0.023719421534949433
788,0.03638785049741294
789,0.012733026601318503
790,0.016654479777912845
791,0.014177354057909921
792,0.01530929533828413
793,0.09614601237812247
794,0.010491454393703331
795,0.022404241772087535
796,0.02962979763752586
797,0.03188185354016877
798,0.053721313371851036
799,0.16715052823207438
800,0.015542208151806736
801,0.14213205065069262
802,0.08800105806217458
803,0.018504756232979012
804,0.0134041599007502
805,0.017930050597443164
806,0.2298605387099853
807,0.0838222324312694
808,0.013186788278871807
809,0.0022145136563590075
810,0.01577458907717804
811,0.010512188365754523
812,0.08931209750086523
813,0.014545547176851675
814,0.16450708610470618
815,0.04579285632945572
816,0.035288164500049596
817,0.06504176326187432
818,0.021845809337966225
819,0.03296113613161429
820,0.0179474194731457
821,0.05976991988040084
822,0.03308378863255257
823,0.022424368444250258
824,0.0570747859084096
825,0.03901793369989251
826,0.028238226829758
827,0.0857559237345193
828,0.028345768200187128
829,0.11927218356353823
830,0.007854324811904786
831,0.019153019319880425
832,0.11458505485606157
833,0.016409833963176485
834,0.06376581793795832
835,0.02339458663632991
836,0.0477742607139259
837,0.01935902134798158
838,0.013163150171339455
839,0.010404696731235168
840,0.029938204793939785
841,0.09692097748796455
842,0.03330552387238946
843,0.04054341005313868
844,0.07618309538553471
845,0.00956367313195183
846,0.046925658789983025
847,0.05902417264921044
848,0.061956643981686016
849,0.02887221219129652
850,0.026200872943962165
851,0.013485217510481477
852,0.025443653064941372
853,0.029359746943431343
854,0.041766988289042704
855,0.042221107644096756
856,0.3655313538346265
857,0.02151832859492802
858,0.016488680466630337
859,0.009882130262211868
860,0.03419611060069431
861,0.10869416693559021
862,0.04444957090209249
863,0.04969015631055817
864,0.17950409383429938
865,0.07880219711154975
866,0.04896641397359757
867,0.0074137517838554975
868,0.046514658319611164
869,0.03994657275823936
870,0.0032950625479285177
871,0.048685819911177056
872,0.046894283637197415
873,0.02424175996340252
874,0.01732383790497239
875,0.12634155211025253
876,0.044980324852762515
877,0.021610193704030535
878,0.027449900077094476
879,0.2036719992893556
880,0.024727765908952353
881,0.16943538602244373
882,0.07544820161375876
883,0.011578850104847008
884,0.05495979251852452
885,0.015463579849189897
886,0.019319619197483685
887,0.033548112032469594
888,0.05002468528380843
889,0.03887070503181434
890,0.047652353092670394
891,0.04141499292093301
892,0.026339013347949813
893,0.021066056589142308
894,0.13504945186248268
895,0.022268472146766177
896,0.018503919900433465
897,0.013384167620171894
898,0.0168987672135887
899,0.02271676676032002
900,0.1578194650313445
901,0.028567824969775772
902,0.0334479715787975
903,0.017461397060304373
904,0.010083866234389937
905,0.008199668895157696
906,0.07867731444398161
907,0.029995207453891407
908,0.03155090346365336
909,0.01231168893980672
910,0.03566960960643379
911,0.03948770547264961
912,0.02191728222534688
913,0.05262894140545049
914,0.006362052571436379
915,0.040798028684194076
916,0.07621647086725938
917,0.05317865812837753
918,0.04694277601774325
919,0.020512679276800797
920,0.016949806579088317
921,0.002404124445426522
922,0.006156320445357118
923,0.007701767508920215
924,0.004331013632340671
925,0.029974039320979872
926,0.2441751838003862
927,0.0057147323895616565
928,0.06732896510978482
929,0.02363018911532658
930,0.008152263910139606
931,0.052431054937399905
932,0.04285458421097109
933,0.1134284245327351
934,0.034705488781956645
935,0.018850728033220836
936,0.004610502942890413
937,0.022940190660337898
938,0.026723964388791436
939,0.05712232341412039
940,0.006899762019880417
941,0.027615191142353224
942,0.06957638687038634
943,0.00985265540792936
944,0.02179622701094867
945,0.14319106465337106
946,0.014467765818532327
947,0.05268242582771291
948,0.038287051394814496
949,0.01553851805547249
950,0.007005144259368044
951,0.04606629866445415
952,0.07373868502669202
953,0.0701770150762763
954,0.061508378681016086
955,0.05111122218107846
956,0.012631862751043338
957,0.16805586420862942
958,0.1557253252995825
959,0.027447495634509024
960,0.07083608239964219
961,0.0066297493592019216
962,0.06296174762272098
963,0.03826392792158122
964,0.03255705847024297
965,0.021002726051312103
966,0.03472782271901618
967,0.039513771081699026
968,0.034053029968250326
969,0.10538652339495427
970,0.059799776980305794
971,0.003473951881276543
972,0.04148167754357226
973,0.05945407468913577
974,0.15353143505707106
975,0.14652698546826418
976,0.06052612864051024
977,0.04903401120523528
978,0.05226224533561737
979,0.003530290888096916
980,0.0171288233764257
981,0.023835876874022586
982,0.029840909371467862
983,0.018104757568152666
984,0.02152623855702132
985,0.10584939207016221
986,0.11144640651489443
987,0.012357123534191551
988,0.03420087454414319
989,0.025698241796767163
990,0.014235036992699951
991,0.015320293556447788
992,0.3483318313885779
993,0.03217015305611245
994,0.0074296272513768614
995,0.04569519214256687
996,0.06391839552399392
997,0.012264691800741589
998,0.05149845005038656
999,0.1481098908773748
1000,0.06615245609388186
1001,0.12351284391587883
1002,0.02137794697531572
1003,0.07858818237975579
1004,0.06038552724381395
1005,0.04776832097347251
1006,0.07266785708969022
1007,0.2221038902228399
1008,0.0314946254311646
1009,0.00379248029676026
1010,0.11146661488327875
1011,0.09894322155027396
1012,0.05614024546273384
1013,0.06715816641548986
1014,0.02464860573803361
1015,0.022554616800572715
1016,0.06465100328678663
1017,0.023718126922463192
1018,0.020841771156010727
1019,0.023039424023822
1020,0.02800636144298067
1021,0.24250326708335204
1022,0.016583901470768287
1023,0.015550194379682842
1024,0.018120350648649395
1025,0.026848243525046833
1026,0.040104178317437275
1027,0.0173404880309272
1028,0.022090143422301197
1029,0.029936918241557132
1030,0.0813346382581536
1031,0.020781660661648424
1032,0.042244629178547266
1033,0.05034362497097278
1034,0.019012218459193316
1035,0.029177833419247363
1036,0.05409217033192319
1037,0.016732077022938618
1038,0.03726441184348199
1039,0.06505134312075057
1040,0.02722697802017583
1041,0.05155143292866967
1042,0.07282551768746352
1043,0.02020518399029153
1044,0.10816474026068672
1045,0.06652435577170579
1046,0.014357282734598999
1047,0.18057175493778305
1048,0.024875174417571973
1049,0.030527990427517124
1050,0.006950555672404455
1051,0.06185951482413746
1052,0.015001793354871975
1053,0.06094740855872232
1054,0.015423778018663932
1055,0.05565081901368762
1056,0.04482206153866749
1057,0.00444513816809369
1058,0.08941588836323558
1059,0.03526800871140127
1060,0.06106248438398001
1061,0.14064569981927996
1062,0.034316441969472054
1063,0.06651924520586851
1064,0.07514977068900237
1065,0.030632681651483196
1066,0.05521222110116424
1067,0.039166182162523905
1068,0.01218899764219024
1069,0.1082476668411546
1070,0.03405158968710233
1071,0.41376303849021717
1072,0.03338544230033187
1073,0.08215256466281431
1074,0.07280662137568533
1075,0.06734920284233727
1076,0.05007872794622359
1077,0.01979135511623259
1078,0.03575913025146982
1079,0.22755049034916439
1080,0.01681358173651194
1081,0.035939565282799214
1082,0.04678193460814115
1083,0.013867198944263361
1084,0.03087778855944359
1085,0.010338191575086536
1086,0.062010215008297516
1087,0.04340404443472262
1088,0.05763757807833362
1089,0.07445794115284934
1090,0.004015793586459401
1091,0.14600978560571612
1092,0.0062138774959161515
1093,0.16447745922914891
1094,0.006522955366464758
1095,0.02660994599968639
1096,0.020718196580462644
1097,0.03437764456665208
1098,0.03367898453804118
1099,0.03819622062088013
1100,0.15398704961806206
1101,0.017223766595163593
1102,0.01207250543089898
1103,0.07248964246280981
1104,0.07233099255978102
1105,0.030026021013809443
1106,0.00987246476989687
1107,0.02238729145486697
1108,0.11019623058565538
1109,0.026725254044649385
1110,0.04044565873087705
1111,0.08147487874522812
1112,0.027814634354385748
1113,0.01317208689637413
1114,0.0131057745011792
1115,0.052297500326526296
1116,0.037205384339037036
1117,0.014830781633654831
1118,0.05477755411965715
1119,0.05010739508870661
1120,0.02695111128801049
1121,0.023364345416099865
1122,0.043150197422376954
1123,0.09026086717508229
1124,0.12217358960178971
1125,0.07624032094047387
1126,0.040490067482619754
1127,0.0336767089662698
1128,0.07277416748390178
1129,0.03402049766805963
1130,0.1524651204619439
1131,0.05469388849950712
1132,0.03479695659046104
1133,0.513170652752091
1134,0.03448729471518427
1135,0.22952505783955673
1136,0.028859479968837823
1137,0.0668686007884675
1138,0.02403046929895815
1139,0.006356514528525154
1140,0.04791753169857356
1141,0.18938296554651
1142,0.0201131538621468
1143,0.11278376825636392
1144,0.11100120553355582
1145,0.06145315652829306
1146,0.10659114973455866
1147,0.018051751128297974
1148,0.09516901162541472
1149,0.08566817539779724
1150,0.013757964140461579
1151,0.027135459396365667
1152,0.03546674458174112
1153,0.1467689183500042
1154,0.006977748068803243
1155,0.11919358588593339
1156,0.013074661865273007
1157,0.08459065847791312
1158,0.03434311427732471
1159,0.024349773311321994
1160,0.01945678651726826
1161,0.07576219841732595
1162,0.030588946363591163
1163,0.050761122919916676
1164,0.02947472265373345
1165,0.10251886270783693
1166,0.00753890465551337
1167,0.05655235669016847
1168,0.06858345567583683
1169,0.0181775688242693
1170,0.0386631231871403
1171,0.10375006720245622
1172,0.05161814530901401
1173,0.016637527345212597
1174,0.12085457013499455
1175,0.054159409395121864
1176,0.017426272784005846
1177,0.040381372168401
1178,0.031744290987088634
1179,0.08518394810587221
1180,0.02702606890369961
1181,0.023932109936976583
1182,0.0255569328674523
1183,0.014043016262150246
1184,0.022032164142499668
1185,0.12647795038567444
1186,0.0461673654920468
1187,0.05756511947009984
1188,0.005012409055390006
1189,0.016438076505850968
1190,0.007065147291294036
1191,0.019331664595188678
1192,0.028906739449246408
1193,0.47997734662865604
1194,0.06564345660706519
1195,0.031348583228897116
1196,0.007398422529189544
1197,0.01052994739232156
1198,0.05204785840411322
1199,0.0018149472726144151
1200,0.04879736467998047
1201,0.015543501914415513
1202,0.035293988144154444
1203,0.050128923176957066
1204,0.03387713061538108
1205,0.03440550468977023
1206,0.01980694701917308
1207,0.04792438323836861
1208,0.010065341156303814
1209,0.06629412349928558
1210,0.11321394969154014
1211,0.028388614600638473
1212,0.009770389520485652
1213,0.02983294831855116
1214,0.025340964176761047
1215,0.033819586303116815
1216,0.02247679036995489
1217,0.051793109243428316
1218,0.01668007420208827
1219,0.0375748744116664
1220,0.012508021069470217
1221,0.009354850823860852
1222,0.022400831531801977
1223,0.03330447272356412
1224,0.04335996695813426
1225,0.2055586550743923
1226,0.015951664512400165
1227,0.0350790462380767
1228,0.04041866765386363
1229,0.007997408746557466
1230,0.2075867611192806
1231,0.06112036565390013
1232,0.04713025372699581
1233,0.12163590501500464
1234,0.017113439051450578
1235,0.018424938502274783
1236,0.12846731238916417
1237,0.14922164140328964
1238,0.03053043307280389
1239,0.028127950926230823
1240,0.011994248322769905
1241,0.026823423383606174
1242,0.01806470908716937
1243,0.1055007430721427
1244,0.011107497995666933
1245,0.1531944480865135
1246,0.1385083893651882
1247,0.04402142093967244
1248,0.013594410110168395
1249,0.0028577576169510387
1250,0.04461315700380305
1251,0.015177135610365482
1252,0.06249762192648056
1253,0.03600864142507202
1254,0.21603126252669214
1255,0.04391555222562885
1256,0.053876460147620604
1257,0.006911607409985791
1258,0.024466994526260562
1259,0.008657914676782057
1260,0.014122474867840743
1261,0.10649708625029708
1262,0.023091898195553944
1263,0.010871685193338447
1264,0.02474129365902764
1265,0.016823564189324895
1266,0.02826492386986642
1267,0.020128577593192018
1268,0.02407299421614364
1269,0.02441498561094733
1270,0.07190693877217744
1271,0.05720426794592769
1272,0.014477708014396053
1273,0.05596800477102012
1274,0.00986854107088514
1275,0.08498110498001342
1276,0.017763079558900836
1277,0.02561123133634694
1278,0.013708764751000002
1279,0.04828975005661757
1280,0.12155494685735792
1281,0.00912024448389433
1282,0.08830545178742577
1283,0.041250268601380397
1284,0.2512308342746407
1285,0.016435180401167045
1286,0.041101794461205626
1287,0.006963094368914286
1288,0.044138472498925635
1289,0.022755398991681327
1290,0.020399998320943597
1291,0.01671481839562617
1292,0.026494027944560693
1293,0.019855207190661434
1294,0.03126157298139445
1295,0.048313031393583825
1296,0.030595973007479963
1297,0.015192578337463339
1298,0.02790441779565265
1299,0.1327394438496432
1300,0.032658145130943846
1301,0.010063165840884965
1302,0.015777493970173688
1303,0.03728699169119406
1304,0.05102885632047744
1305,0.10113182088788973
1306,0.02290040263135289
1307,0.03479397587767665
1308,0.0051289213282334056
1309,0.03485011791679449
1310,0.05722771637913927
1311,0.05828940966486489
1312,0.02362287044434255
1313,0.0951173573598711
1314,0.009846714813385523
1315,0.019079065509124152
1316,0.07474457177397106
1317,0.014523175876576361
1318,0.033622355104834224
1319,0.0025378727355287447
1320,0.04324421247340565
1321,0.027514573987295617
1322,0.021027255568858785
1323,0.017983684232106334
1324,0.044307557666994735
1325,0.05735694682847866
1326,0.02976224892475949
1327,0.04618778641338226
1328,0.06410721897560323
1329,0.031085192376116188
1330,0.0073670592307875675
1331,0.0211037020480766
1332,0.0023635880509781907
1333,0.061772390994513676
1334,0.04912046476331014
1335,0.014801604170035525
1336,0.012367447746359242
1337,0.0068880257979559364
1338,0.062048154494245236
1339,0.25283039535853075
1340,0.03309846153136116
1341,0.012747350226770586
1342,0.014873072728626395
1343,0.013155139927580668
1344,0.016494869350708933
1345,0.1816215837070416
1346,0.1423745219548948
1347,0.0478352974677664
1348,0.005847910797940094
1349,0.015779381342731953
1350,0.030842147489183878
1351,0.0595121936903484
1352,0.031043364369248524
1353,0.08615957376870109
1354,0.007564839885146536
1355,0.024964095585526293
1356,0.01452890296454964
1357,0.20661411691675577
1358,0.03571708337627234
1359,0.026897016158559797
1360,0.08995351914900132
1361,0.019887318286912186
1362,0.010976384053634552
1363,0.07162033714530329
1364,0.027656271566713693
1365,0.031183455193906945
1366,0.018229544007344264
1367,0.05204807020605534
1368,0.05707308042194313
1369,0.010963128372758054
1370,0.02078576120367783
1371,0.00911550293214237
1372,0.009727166858965115
1373,0.019321325902119744
1374,0.17249097930663992
1375,0.11799304385150795
1376,0.08349357230762564
1377,0.05997078137076782
1378,0.00823888011600373
1379,0.03016194282793108
1380,0.04100465190364395
1381,0.004145028184127511
1382,0.0381393422334696
1383,0.008694408213109576
1384,0.050990334511897474
1385,0.06120386630463617
1386,0.04725061637046247
1387,0.05841866690476463
1388,0.015224741931976071
1389,0.055827829786013285
1390,0.030749090364972444
1391,0.04244042351292939
1392,0.01840313374442819
1393,0.03032880081587747
1394,0.049944954993870694
1395,0.059087013041618036
1396,0.020270754792768155
1397,0.13738523633958283
1398,0.07687511429901105
1399,0.023862264737488467
1400,0.009813549613552477
1401,0.056525701864678785
1402,0.0776323467746698
1403,0.020373145467512132
1404,0.03512948713470973
1405,0.07923859759213947
1406,0.03321405541787906
1407,0.12123321563961902
1408,0.11743928998286916
1409,0.03677881516036732
1410,0.07581222034274404
1411,0.0293132495070615
1412,0.0200546619359086
1413,0.05837318286917823
1414,0.01893827435582017
1415,0.29281643107181893
1416,0.0759278673011684
1417,0.03400693237645768
1418,0.03727563707364059
1419,0.11155700949282842
1420,0.037247188763770714
1421,0.009296904894333855
1422,0.11424796838119938
1423,0.16458151998083875
1424,0.0215708368469621
1425,0.05427724985913586
1426,0.005451425121489377
1427,0.10507905953511643
1428,0.02919179077306565
1429,0.020513925000025943
1430,0.05527014250286014
1431,0.04806289618782466
1432,0.22995944642573457
1433,0.12092477583422868
1434,0.024985992595358254
1435,0.03727826835855386
1436,0.017629857902089097
1437,0.12616440863784464
1438,0.053415583899230824
1439,0.0721001950863444
1440,0.008883422836684321
1441,0.028354710976989116
1442,0.21533968763982614
1443,0.03246469627171132
1444,0.019134871308922788
1445,0.14383563687797735
1446,0.043682100044035756
1447,0.025714615333166938
1448,0.025387346196607572
1449,0.051918031356825836
1450,0.033791248795890835
1451,0.03794158826523046
1452,0.015392813331712286
1453,0.0294385873674957
1454,0.08356199396348533
1455,0.009205509271444163
1456,0.032810546118382584
1457,0.2277054032674141
1458,0.02522722867876588
1459,0.02032071335187819
1460,0.013492756232836871
1461,0.031583139739777465
1462,0.018776531004454384
1463,0.015497988150683522
1464,0.04073383469467425
1465,0.04156255833142592
1466,0.036361977785744536
1467,0.030183843504651895
1468,0.01610550903095293
1469,0.05563495097171598
1470,0.047566495431638586
1471,0.026282193505606132
1472,0.08871884807322188
1473,0.1864257905504386
1474,0.2050706812725253
1475,0.012728825108906714
1476,0.09029473773320626
1477,0.009287366541608623
1478,0.06628870949630299
1479,0.028686631003843263
1480,0.012170472726600266
1481,0.02152706783736364
1482,0.03397313773587117
1483,0.11442827844973234
1484,0.0334307831272008
1485,0.4112007693078529
1486,0.02518076735706452
1487,0.04943365361848461
1488,0.013979663853477398
1489,0.2229869969893977
1490,0.08819193002885552
1491,0.028398622333779776
1492,0.05968178872279821
1493,0.08593529505710251
1494,0.014265824482512679
1495,0.033886222958160545
1496,0.02815791654250003
1497,0.21911473698416448
1498,0.09374775098575161
1499,0.03717584358144453
1500,0.07545753420973791
1501,0.03174027704833194
1502,0.1205451144078283
1503,0.011674861456559257
1504,0.05850781175117185
1505,0.01327023847507803
1506,0.019349715748066827
1507,0.019757371326239885
1508,0.018808941582177285
1509,0.01701645285969457
1510,0.0900596291810703
1511,0.019680408718031388
1512,0.023502239223093104
1513,0.20078211484588437
1514,0.022829080710334286
1515,0.131241577763463
1516,0.04754195727468986
1517,0.05965891530366215
1518,0.027049332728134208
1519,0.025885342188991252
1520,0.007225663656976266
1521,0.11618086363694012
1522,0.20056695828501683
1523,0.02200730327455046
1524,0.018212904785550686
1525,0.03698272045356417
1526,0.06057758480769054
1527,0.013055793617777835
1528,0.07227464729312622
1529,0.03839627706220384
1530,0.02105837336828439
1531,0.021785169928506133
1532,0.02465370031058419
1533,0.0561188551569905
1534,0.05216126102951349
1535,0.02372397376594057
1536,0.11510423549749164
1537,0.010482467931431328
1538,0.5786329760341237
1539,0.01650147386613642
1540,0.1580770641049383
1541,0.004948713024630546
1542,0.03293846061065944
1543,0.04933071987583351
1544,0.040865350278491676
1545,0.1697552227996534
1546,0.045772230343238136
1547,0.05362241411641276
1548,0.026403158922236967
1549,0.06373035817605535
1550,0.06928297575581106
1551,0.027506362599054774
1552,0.01990907175026755
1553,0.022509285280459836
1554,0.16798527013626946
1555,0.05870125584283526
1556,0.18317083161078254
1557,0.005957717237342106
1558,0.12581974819664626
1559,0.09954763268194204
1560,0.007782500127620175
1561,0.018783317553836932
1562,0.02568407597655486
1563,0.012822035623278423
1564,0.11179640831026015
1565,0.08599532218575871
1566,0.029213265121723713
1567,0.026387998583603803
1568,0.010436115105786703
1569,0.05296515171056841
1570,0.04342589714107145
1571,0.0492017796850484
1572,0.12572543524896274
1573,0.06736202102816258
1574,0.04349733442674158
1575,0.0408631846447277
1576,0.03472595767644965
1577,0.09141546707771916
1578,0.07729262216061153
1579,0.02761911590557614
1580,0.008290197503147266
1581,0.14932586519964441
1582,0.021488020045087403
1583,0.08853249466147164
1584,0.08567431456911412
1585,0.04904528320895497
1586,0.04406595492087748
1587,0.018044682241400534
1588,0.17117102978764484
1589,0.012261743056747779
1590,0.0570286983737697
1591,0.0475713319328102
1592,0.23587120745267073
1593,0.10211919410323053
1594,0.035323893844445176
1595,0.022449531217869825
1596,0.08678020401431841
1597,0.03374565861548593
1598,0.0158093731992311
1599,0.04627089599952369
1600,0.024008048004518816
1601,0.09610511494805084
1602,0.01932499854763181
1603,0.006943657313559214
1604,0.02136636845668506
1605,0.059584392110700136
1606,0.03419587662283321
1607,0.0686426376603902
1608,0.016606877981839414
1609,0.008430598207967198
1610,0.02351887811831764
1611,0.04102587959407814
1612,0.014272344552226864
1613,0.005883523028742499
1614,0.22323648980218894
1615,0.023966828052735076
1616,0.018997807371406366
1617,0.024365815389873355
1618,0.13436187364856025
1619,0.02720859405692595
1620,0.07292045037275793
1621,0.012878767986727525
1622,0.06626548184599425
1623,0.05336386975086874
1624,0.03225989758013822
1625,0.010801357419973203
1626,0.2052848081885362
1627,0.009016542549183009
1628,0.21585445358853259
1629,0.05396079213865954
1630,0.09923132031695456
1631,0.009865938895715862
1632,0.014834880281918964
1633,0.028832928954879513
1634,0.019471048467694353
1635,0.0492953515889121
1636,0.003950767274522026
1637,0.035165218242483344
1638,0.037224688483766824
1639,0.04590195074467521
1640,0.019541565847812567
1641,0.030507510521708553
1642,0.021023028567745974
1643,0.12007465225175637
1644,0.015464037921051235
1645,0.014836996101809793
1646,0.010633879874800233
1647,0.025755880111809945
1648,0.00915535164557134
1649,0.23407563527289546
1650,0.04987230163031769
1651,0.049736769499878486
1652,0.008746540663901462
1653,0.05759393615941304
1654,0.05650755892871137
1655,0.10631930000390674
1656,0.014232987630026664
1657,0.004624253591201252
1658,0.013303032857662113
1659,0.028123107421405506
1660,0.08085518451369898
1661,0.03758645296342279
1662,0.06525960486306369
1663,0.0459009665704478
1664,0.020367578264561745
1665,0.02094904831584585
1666,0.046050012093804875
1667,0.017470087356844397
1668,0.03974874941797862
1669,0.050549959940449585
1670,0.006941794051693864
1671,0.01728340930829624
1672,0.0910561542317536
1673,0.010205835481290138
1674,0.03575799823903369
1675,0.02977438199087371
1676,0.07540320827027949
1677,0.11042726825932069
1678,0.01729281437692519
1679,0.05687326368231597
1680,0.14005086100617134
1681,0.03451810110331808
1682,0.0047467140463113575
1683,0.07989335175029826
1684,0.10968599622895722
1685,0.012208310966060417
1686,0.044523803500558984
1687,0.07878127179762226
1688,0.011347225448132122
1689,0.07705092510436369
1690,0.03174532096428051
1691,0.0337013422112619
1692,0.14044261964870092
1693,0.17718507492403562
1694,0.02134944131081259
1695,0.023690932920612043
1696,0.02215330095072709
1697,0.060162568737179185
1698,0.06719364841921759
1699,0.00949559039192235
1700,0.030428531337688754
1701,0.2813763740113054
1702,0.013418283453021974
1703,0.017537342605092435
1704,0.015865585680056315
1705,0.01606744121802143
1706,0.03376220281637839
1707,0.02260336973543878
1708,0.05035656772810098
1709,0.05475866189550627
1710,0.051457054186901614
1711,0.029369368690890643
1712,0.05912013131190713
1713,0.09593927469057355
1714,0.006960019993944693
1715,0.019289963287017535
1716,0.015108787952812164
1717,0.020835792232104758
1718,0.042318248432588954
1719,0.11784273326830823
1720,0.07678976284268342
1721,0.010850168256581381
1722,0.0065256944596239
1723,0.02158662513767951
1724,0.021306890689436385
1725,0.034565241788716866
1726,0.055675896931144116
1727,0.03847681016810891
1728,0.016564601407862523
1729,0.2047792636461627
1730,0.0037627229842351994
1731,0.02444083810008141
1732,0.009859612001719524
1733,0.026674708145461676
1734,0.024357438368598425
1735,0.014288419164091291
1736,0.12438574527632928
1737,0.0357717700955588
1738,0.032107903304518626
1739,0.0423618554868337
1740,0.016329166474801763
1741,0.029568916687802822
1742,0.03846626700631613
1743,0.017490686683974424
1744,0.016204106033339282
1745,0.0263897125596782
1746,0.013803806649081868
1747,0.021799124069803815
1748,0.12874008199956366
1749,0.01605937511993972
1750,0.05921203106542856
1751,0.2798069514121845
1752,0.002714324137205338
1753,0.03346306680342729
1754,0.05031887764808506
1755,0.06182149101115187
1756,0.021935656585781824
1757,0.04533116246184338
1758,0.011200159631864324
1759,0.015953741044509542
1760,0.03644561812417071
1761,0.07044909247642372
1762,0.005238146579705696
1763,0.014524302666431267
1764,0.029842578389527613
1765,0.009703487809343435
1766,0.05216379933901138
1767,0.05353336765549016
1768,0.028006962097648903
1769,0.043327874993689855
1770,0.023266002566364692
1771,0.038536584316321766
1772,0.011694752500654708
1773,0.09974052799294188
1774,0.05468577047035528
1775,0.02940080965277368
1776,0.028839722595653323
1777,0.02488531495655651
1778,0.0728582195879848
1779,0.09510799010339832
1780,0.035475232864808616
1781,0.021982837774093156
1782,0.026705358329761744
1783,0.01952230236068863
1784,0.21453282053568026
1785,0.13175596323498923
1786,0.0251343594042496
1787,0.054361297878362025
1788,0.010992094498649888
1789,0.01883125258490948
1790,0.02140973530929656
1791,0.0737360335042569
1792,0.09307945850337997
1793,0.031056880777769635
1794,0.010893797866800881
1795,0.012977870485544534
1796,0.018101479594145632
1797,0.038758206953372655
1798,0.026149757993101007
1799,0.004627701300115359
1800,0.072817115724794
1801,0.1328990008980246
1802,0.03749606925535811
1803,0.03100867089830899
1804,0.008176888102503482
1805,0.10405140676531721
1806,0.052180474735843814
1807,0.03185282801886188
1808,0.030246383770834006
1809,0.05804691493576083
1810,0.030819581083798207
1811,0.055049439933187824
1812,0.03886520369732246
1813,0.04314497062742685
1814,0.032521814436411854
1815,0.03521881792874077
1816,0.06098677416103658
1817,0.049140606943202256
1818,0.04142600822579006
1819,0.021308602595665724
1820,0.06638404032658249
1821,0.05146660914764335
1822,0.34330520430341205
1823,0.08815279649446799
1824,0.022536636929577743
1825,0.04482995273592253
1826,0.01129398420585337
1827,0.01946119047108602
1828,0.035138493339701385
1829,0.053854777318383805
1830,0.05589718940818705
1831,0.2114912955127937
1832,0.04612651807058697
1833,0.06378470875278473
1834,0.0271492894515531
1835,0.0623964439042208
1836,0.1656760693018525
1837,0.18887775019625827
1838,0.024561526340709707
1839,0.031730875499683286
1840,0.012200821173356675
1841,0.041278238957720495
1842,0.040430389235411195
1843,0.11044387727022875
1844,0.05877434957251454
1845,0.010135143971318945
1846,0.13600225808720842
1847,0.262199490335437
1848,0.14843355918970394
1849,0.04546715119510971
1850,0.040569964716637895
1851,0.02034813407351829
1852,0.04558811557040025
1853,0.026308990612337168
1854,0.03580197240384379
1855,0.02674421334707546
1856,0.008376950607113302
1857,0.028265933765252115
1858,0.16216507077696082
1859,0.0251331594181889
1860,0.05720241513868726
1861,0.024422442175093734
1862,0.0691170768514697
1863,0.1349668625361023
1864,0.1290322550471937
1865,0.007654224861653987
1866,0.09276655090784695
1867,0.20863510495831156
1868,0.027028589528383044
1869,0.005256555933993223
1870,0.02249629726015765
1871,0.048789723632814655
1872,0.008687893513129057
1873,0.03772709893107034
1874,0.05258201485705022
1875,0.0052829207069077025
1876,0.021205254473316837
1877,0.05202400092579048
1878,0.026091861205126465
1879,0.04196538704066554
1880,0.02311219585761585
1881,0.03988387300031281
1882,0.04094699158253027
1883,0.019520229358883198
1884,0.09530057335997559
1885,0.04311001710527818
1886,0.018720368912828994
1887,0.017811050623260605
1888,0.0760290731266575
1889,0.041008548726167264
1890,0.033420872038557016
1891,0.011400392173760472
1892,0.040645861365595955
1893,0.09662778801064972
1894,0.12023998700052385
1895,0.018021693299663816
1896,0.07227156923743037
1897,0.02275208231112235
1898,0.014576052838863226
1899,0.018374822236863445
1900,0.02169343737017367
1901,0.021511517774700634
1902,0.04032473744219554
1903,0.07016722887753693
1904,0.05861855505604487
1905,0.10333149960720288
1906,0.08080600437461918
1907,0.03958748066366668
1908,0.011170030559161982
1909,0.018085736711506793
1910,0.008652599868039132
1911,0.16346378082571383
1912,0.034810403494689925
1913,0.04442605937387835
1914,0.05543318686113382
1915,0.123973028137286
1916,0.0885560494849792
1917,0.014127304931573199
1918,0.2630911437719794
1919,0.30762361844958236
1920,0.024771792012794346
1921,0.017866090036927667
1922,0.013727164117822786
1923,0.022616213286240902
1924,0.03505150876883962
1925,0.032362238411545015
1926,0.025361000350697546
1927,0.1345607919010182
1928,0.028621360510228892
1929,0.029971366692827118
1930,0.00400768588743295
1931,0.025154681179209184
1932,0.20090184408184505
1933,0.014991294678519349
1934,0.025674291019508383
1935,0.013898800224090303
1936,0.03943866817516017
1937,0.013074975312298287
1938,0.0593485427780276
1939,0.04124304000669736
1940,0.030789712173628154
1941,0.09730433651113692
1942,0.0358425903817697
1943,0.046608270164184465
1944,0.019007255746183845
1945,0.011856674957932379
1946,0.01718575190833383
1947,0.02264041503602365
1948,0.006785054300525697
1949,0.04899036055682467
1950,0.03749508019325064
1951,0.11277851515448611
1952,0.028416271164409156
1953,0.045066313425820015
1954,0.008014150518192301
1955,0.04376084118631705
1956,0.08912104551004364
1957,0.009154836159613069
1958,0.08327283562730449
1959,0.029009861408678936
1960,0.011544729607663352
1961,0.04603702293710711
1962,0.006324170379775289
1963,0.19759162887719542
1964,0.00912242017355006
1965,0.015739365477508187
1966,0.0626506848193764
1967,0.013136224563352823
1968,0.02789689333213393
1969,0.050308419222874386
1970,0.028889531116329123
1971,0.023019496072183114
1972,0.11010047627207432
1973,0.011619747976633616
1974,0.023461376398227003
1975,0.006054768186925441
1976,0.010750730579859539
1977,0.04361296478008487
1978,0.01734143891005395
1979,0.0066853879429520716
1980,0.03569238175419021
1981,0.01262703736363988
1982,0.021622985204404997
1983,0.007223252828265928
1984,0.08924589287412818
1985,0.038132657168178936
1986,0.04427579553608854
1987,0.10970581953463758
1988,0.030256958692398438
1989,0.02546422388050016
1990,0.055031369991394054
1991,0.24118356307057484
1992,0.17591346601377358
1993,0.18116879418631088
1994,0.05727621012418728
1995,0.03511614403417473
1996,0.02891606727938716
1997,0.007173206946459869
1998,0.09441416447557846
1999,0.005216360238046179
2000,0.10907188208122559
2001,0.03956772837878952
2002,0.03283842742999226
2003,0.02628875435964455
2004,0.2111929668507433
2005,0.19116369922368506
2006,0.02173262524494569
2007,0.021875086599235736
2008,0.010558979202782516
2009,0.14975421228167252
2010,0.0011840191811887306
2011,0.01752146621557972
2012,0.034855980563038125
2013,0.039487524875306
2014,0.01630472210153573
2015,0.02129315082191273
2016,0.18359941777755448
2017,0.0501628209156403
2018,0.0222180329156424
2019,0.009970645587310567
2020,0.06868250103843893
2021,0.005875414828959957
2022,0.043294165247945125
2023,0.04877457801886617
2024,0.043476469679610344
2025,0.024632791358142076
2026,0.021399161941374596
2027,0.023370181012101077
2028,0.02451802035368723
2029,0.028246946987212643
2030,0.005039820601567944
2031,0.06416986029772677
2032,0.06690343715876461
2033,0.018606992913861184
2034,0.008036447922955142
2035,0.02632241766388323
2036,0.013091974464902989
2037,0.0336756769789133
2038,0.024990935537067153
2039,0.036372836274135636
2040,0.022966614048499586
2041,0.04257482168355676
2042,0.02372590191836288
2043,0.018635849775701093
2044,0.18366376724482483
2045,0.01888469292027827
2046,0.013479887470768287
2047,0.021947978315332135
2048,0.007336262977165998
2049,0.09157123563233084
2050,0.0025093754776099137
2051,0.011112345787569028
2052,0.018882280030359612
2053,0.016916698026180284
2054,0.06790342560712857
2055,0.0379696483011564
2056,0.030671198383553196
2057,0.0718938420969823
2058,0.020811803583070786
2059,0.13770578032688024
2060,0.18934861605832373
2061,0.18799612711776098
2062,0.08277031779112368
2063,0.04444022710483584
2064,0.053522585320170665
2065,0.025173359183801626
2066,0.03770675883479657
2067,0.16910220851952404
2068,0.0332589788309928
2069,0.2248980424691054
2070,0.14396659447642043
2071,0.035210382673424134
2072,0.026004384627202757
2073,0.014508632375810815
2074,0.06566835414905128
2075,0.036969462353720214
2076,0.054748231298578164
2077,0.008953665691892938
2078,0.04082352607980296
2079,0.024830731392963774
2080,0.04105218081642891
2081,0.029315596713403533
2082,0.01626444147362092
2083,0.03599461609181039
2084,0.028965397044069103
2085,0.2857797797528036
2086,0.11575822638248956
2087,0.03735860345229816
2088,0.006617130801600486
2089,0.12791889995521538
2090,0.010390551440222426
2091,0.043363960603122274
2092,0.055171307777977636
2093,0.027786839682624045
2094,0.030520585858957335
2095,0.09216554671685151
2096,0.036364365035760765
2097,0.014509138528051711
2098,0.1672543800565447
2099,0.02643092717551038
2100,0.05398508933690241
2101,0.0366198106928869
2102,0.02287498593155674
2103,0.024456649926379147
2104,0.012475376074258809
2105,0.06307679972120431
2106,0.034587698053824334
2107,0.00893185457642943
2108,0.10913706962226831
2109,0.050748659737469774
2110,0.030331322780351416
2111,0.025111998656571616
2112,0.1778089742032192
2113,0.11513815565434622
2114,0.015523797595837517
2115,0.01231404724309779
2116,0.022153085921762853
2117,0.03500206871892868
2118,0.014953807436110125
2119,0.016067495598176246
2120,0.006931065531585487
2121,0.031863250697617106
2122,0.005453214915758028
2123,0.35587987116594305
2124,0.1381939250524903
2125,0.04076135882851754
2126,0.20929235734430998
2127,0.010759705057186953
2128,0.0228769214509357
2129,0.03858379486018207
2130,0.01373106070958366
2131,0.03735450585261587
2132,0.020021696206235732
2133,0.01627706455532629
2134,0.02532379408907241
2135,0.18243360413011792
2136,0.017351602135237953
2137,0.047101734102948954
2138,0.028994871482515484
2139,0.08808429232007647
2140,0.06373768689508252
2141,0.0556169163962021
2142,0.16282204337486972
2143,0.07784605139101046
2144,0.006237606351910158
2145,0.04168331313368563
2146,0.04370601933280137
2147,0.04530726141980244
2148,0.17800102537055879
2149,0.03461273197282113
2150,0.10780484962405378
2151,0.01373020681906005
2152,0.05494932825516597
2153,0.01641833585017771
2154,0.03518546869021564
2155,0.03215453256429773
2156,0.04436059831889217
2157,0.02043446991911206
2158,0.02961522581111781
2159,0.022740761642443943
2160,0.013921087008557171
2161,0.004160502391659191
2162,0.14251272548641253
2163,0.020274273521320874
2164,0.036579302248807406
2165,0.16335610993720243
2166,0.2903316518876483
2167,0.034487492644555036
2168,0.02060819903723975
2169,0.1342118043085565
2170,0.009177349410862417
2171,0.013589278008708666
2172,0.01633429360433503
2173,0.04440739902000049
2174,0.012842020569215715
2175,0.16513168923903782
2176,0.039610559551107906
2177,0.019432009604435002
2178,0.03323482723105835
2179,0.013746333453193265
2180,0.009718440950163726
2181,0.0861589841911705
2182,0.029441980645668532
2183,0.06522386491046063
2184,0.047357868530915156
2185,0.024666073491271617
2186,0.027269686383386896
2187,0.040568770195861394
2188,0.2881503245136796
2189,0.009518968267662934
2190,0.037959721251799416
2191,0.020836006185149244
2192,0.018761616521321165
2193,0.03544470533076141
2194,0.03570211305422485
2195,0.03940058231881623
2196,0.003453717887970895
2197,0.05541550069502696
2198,0.07635118467972435
2199,0.06013694152382222
2200,0.011987727538195487
2201,0.0347371184448418
2202,0.16168836036588316
2203,0.023184606265807216
2204,0.008033982936795352
2205,0.007991511767453758
2206,0.010923996184140253
2207,0.012702432334221905
2208,0.051588932051093085
2209,0.0982227675574745
2210,0.1216146508634177
2211,0.02642789425678337
2212,0.0038204612229086545
2213,0.18557606569859061
2214,0.02373621289160229
2215,0.007744920306052405
2216,0.013549155792854546
2217,0.0716208554437335
2218,0.0052001218957800745
2219,0.013829428586492097
2220,0.01565062819036706
2221,0.016021564898350278
2222,0.02544256201048545
2223,0.2247612141602578
2224,0.05280428766966623
2225,0.004717649130380072
2226,0.021259810032735305
2227,0.0108382256912506
2228,0.035685983731967345
2229,0.11311782582986062
2230,0.010736506739641417
2231,0.051977512058672945
2232,0.0318227378643805
2233,0.03670534530981232
2234,0.04076151268267435
2235,0.0224627269895516
2236,0.035721133435392544
2237,0.02363894212275588
2238,0.08993924251790528
2239,0.04283015933682855
2240,0.0002625762508129305
2241,0.016008667290094928
2242,0.04831490141602843
2243,0.150634514532539
2244,0.011641030023593462
2245,0.02291489759736784
2246,0.16560768407381626
2247,0.003219780244949361
2248,0.9999999999994282
2249,0.014792756930279727
2250,0.024296961543095033
2251,0.1489150088557068
2252,0.004777035248799518
2253,0.019270560033127694
2254,0.010477945949165094
2255,0.01656579632714923
2256,0.008515646318108892
2257,0.010696242338643263
2258,0.07434784323242322
2259,0.013795461043802176
2260,0.0077975831571261
2261,0.028849629364306056
2262,0.28408072470856094
2263,0.012940869905412615
2264,0.024511834042376023
2265,0.029179801887352367
2266,0.022737065168958074
2267,0.005974695383600372
2268,0.017115498867825773
2269,0.030179501478056665
2270,0.03704712933863346
2271,0.03018527548061701
2272,0.03247020558504081
2273,0.1417001764335623
2274,0.22346279932285465
2275,0.09568993596927984
2276,0.14437376952624556
2277,0.01949035263283477
2278,0.016052578881959618
2279,0.013831826004284453
2280,0.1318360076580498
2281,0.08609064322031117
2282,0.013700810088538136
2283,0.03140913441730895
2284,0.0531128239382203
2285,0.0067072003873762925
2286,0.04718052341860713
2287,0.051787412428767124
2288,0.10060578229647028
2289,0.0329262762279426
2290,0.03522672214713674
2291,0.04878206886008604
2292,0.016016058588412627
2293,0.03912613254572779
2294,0.20021693541875213
2295,0.01008746760189614
2296,0.029150519083353265
2297,0.031085467683186794
2298,0.11141007559039708
2299,0.29694041365888096
2300,0.02021952928566867
2301,0.056821014662523275
2302,0.026061872125162224
2303,0.07066651485325466
2304,0.07973754612175876
2305,0.016160361698115168
2306,0.07237694422039802
2307,0.022975073957329836
2308,0.0455948527604956
2309,0.00772236872134873
2310,0.015255683988597895
2311,0.02515621804754306
2312,0.09302957382184551
2313,0.01004999233668928
2314,0.039668019064493965
2315,0.08354084603488053
2316,0.11053898320520017
2317,0.015665446040146275
2318,0.016573243317101964
2319,0.012260731360956864
2320,0.04146537623363067
2321,0.02242901188328805
2322,0.008778522343770212
2323,0.19394681963828234
2324,0.10064286610494466
2325,0.10065862807384918
2326,0.004949269213511286
2327,0.09682271703146808
2328,0.08747959943944487
2329,0.03092109306338077
2330,0.014613007258408691
2331,0.03554641158972096
2332,0.05965297491122893
2333,0.01176959862757498
2334,0.02190852665489918
2335,0.024433005571595928
2336,0.014824474719230334
2337,0.02802154767156441
2338,0.0244804628629084
2339,0.03869583381298089
2340,0.029503850109590165
2341,0.005899595702148804
2342,0.017743607272829136
2343,0.2717724525334801
2344,0.01897296962182103
2345,0.0069843434954932025
2346,0.06831927280228244
2347,0.02088888020227446
2348,0.023235058945856226
2349,0.021839009312437836
2350,0.02813443430102337
2351,0.020014269247585224
2352,0.13727137310767032
2353,0.008921274922917458
2354,0.04336048421199852
2355,0.02202549631421297
2356,0.044371682928788
2357,0.10694986984877737
2358,0.027714710829892457
2359,0.03644873611983364
2360,0.04915232446717063
2361,0.0328491201809671
2362,0.024100429046612942
2363,0.01100052308667721
2364,0.03606995903952789
2365,0.021100968792831003
2366,0.005226956725986143
2367,0.201041561627626
2368,0.013090713033966606
2369,0.004155111428318865
2370,0.023020109460042328
2371,0.03527635440856399
2372,0.019657240058452628
2373,0.011710617398720856
2374,0.03457043504532796
2375,0.03347236169932057
2376,0.023522989546911094
2377,0.18241447813628234
2378,0.02378024004843977
2379,0.020719368994649847
2380,0.03355193783179671
2381,0.010903647126585139
2382,0.028526557394408777
2383,0.04514387356596098
2384,0.08408926594275325
2385,0.023217086388201243
2386,0.046835954274248484
2387,0.024487276658584328
2388,0.02774576792179951
2389,0.025320337883985494
2390,0.0875756227996272
2391,0.060289788321759685
2392,0.025958929923696965
2393,0.0033731499040935203
2394,0.03804560100245224
2395,0.029068614055712972
2396,0.04665571895253178
2397,0.015630337504805004
2398,0.014890154012274698
2399,0.009419638588248139
2400,0.05339128722722285
2401,0.04371915080528081
2402,0.10300553129996422
2403,0.07047683299965782
2404,0.09287574333057956
2405,0.006346537732905032
2406,0.0368180079504329
2407,0.0075371350646233105
2408,0.01192153715985793
2409,0.03213937427726227
2410,0.05036029923745779
2411,0.26262303297414874
2412,0.033276426031457994
2413,0.012059205518825484
2414,0.009377649329760238
2415,0.04369546064559879
2416,0.011518432067138028
2417,0.054973796505413675
2418,0.0457498534915984
2419,0.00965700011067477
2420,0.0131561743732394
2421,0.01938750515673965
2422,0.1400274149703254
2423,0.0046481503917665465
2424,0.09967581238868593
2425,0.038108833507879386
2426,0.026288049732013846
2427,0.04035259918630074
2428,0.009747258143681712
2429,0.14010876855386573
2430,0.010145865477294859
2431,0.02850485739501762
2432,0.06589162844548033
2433,0.11958807273495968
2434,0.07623779447129624
2435,0.0066795879700609125
2436,0.022527609635991624
2437,0.1413863364575039
2438,0.13193397156527828
2439,0.02585537803365406
2440,0.005103880709703964
2441,0.052930357913791366
2442,0.02143112238424539
2443,0.1719467401744989
2444,0.004071599380346436
2445,0.09445677533605194
2446,0.026644221081441655
2447,0.10309018039986677
2448,0.02131607539352872
2449,0.034080431022943274
2450,0.06664325942028936
2451,0.01567324395834487
2452,0.037129222626034235
2453,0.014343319175248101
2454,0.16612773150575755
2455,0.14130342356542142
2456,0.14436577042445686
2457,0.05953881750976149
2458,0.08619471256651548
2459,0.04258930479453215
2460,0.035214181858638345
2461,0.060158842766266284
2462,0.08811931244080567
2463,0.060802372926999325
2464,0.011916547469268873
2465,0.008518252973583721
2466,0.04075142066982658
2467,0.007854334792826916
2468,0.018648838701293472
2469,0.011575098850390137
2470,0.2620056845260364
2471,0.03408498296729009
2472,0.019313160514344833
2473,0.02598866595734568
2474,0.061896770498230336
2475,0.009676614354407177
2476,0.18571305856396533
2477,0.03829368989242668
2478,0.018818948967382232
2479,0.02205514300176751
2480,0.061871740919088695
2481,0.01388320230848224
2482,0.016989084051120592
2483,0.01628378680945975
2484,0.03587223438463074
2485,0.05892849582184769
2486,0.011123952676552366
2487,0.021826158597448676
2488,0.11580393273893456
2489,0.1980128582336591
2490,0.056529048745795375
2491,0.04565462970545671
2492,0.27111438555940265
2493,0.00612220090719176
2494,0.026045106244315157
2495,0.024792972478781854
2496,0.05230180719277398
2497,0.007551652164765338
2498,0.030689569007035844
2499,0.03147717344605079
2500,0.022706321169129604
2501,0.01596360274485249
2502,0.02410442996692674
2503,0.005454601493238695
2504,0.02578506738095854
2505,0.09661610241396404
2506,0.05153741384435893
2507,0.08144573730464393
2508,0.008741049690879939
2509,0.032854999185866735
2510,0.01165650055379063
2511,0.01629885077069609
2512,0.005728199696952613
2513,0.05594763695034023
2514,0.02798731984538324
2515,0.017812107425537186
2516,0.025222603885805148
2517,0.08314694914055439
2518,0.03200545888268577
2519,0.013208905900195784
2520,0.020056053783298687
2521,0.11120748861561054
2522,0.01779811156481434
2523,0.018424696634065107
2524,0.016612479274598323
2525,0.05597656854278053
2526,0.02635607273635431
2527,0.09740889323769361
2528,0.011165158530567187
2529,0.014798442571867234
2530,0.02682320618191017
2531,0.016807772777292458
2532,0.058952937067520146
2533,0.009995392303991473
2534,0.0430141351277047
2535,0.0021637983057111133
2536,0.03332871099837591
2537,0.11935133339248992
2538,0.019031557297007076
2539,0.0631832268724117
2540,0.02393036566534444
2541,0.019394975392813117
2542,0.006424319155748603
2543,0.04126714824061425
2544,0.043913547081259045
2545,0.0102674519809348
2546,0.022138000321681416
2547,0.10071805963546822
2548,0.11623774293234679
2549,0.027101291667043254
2550,0.0443409807554374
2551,0.020404787710965336
2552,0.02061358879269759
2553,0.07281017937632987
2554,0.008465071751061884
2555,0.056843430084093045
2556,0.05178484411962867
2557,0.08251714292999184
2558,0.030050926904693225
2559,0.013571914783788355
2560,0.10516914527638234
2561,0.03454305459132827
2562,0.007209454034127118
2563,0.015857673781802268
2564,0.03649259188345244
2565,0.09578535664203935
2566,0.0259454182902585
2567,0.054158797690057485
2568,0.10272519981918841
2569,0.10696767557457774
2570,0.022212748554534766
2571,0.016446789684995133
2572,0.02025960389099809
2573,0.054376835599813475
2574,0.03925430638564839
2575,0.05925698230790649
2576,0.024771801035308006
2577,0.03777219106401577
2578,0.023640608363316874
2579,0.012130270926955934
2580,0.03259431072185012
2581,0.1853457581148407
2582,0.02051341187394736
2583,0.007983464826084896
2584,0.2575526745229698
2585,0.014161845114848744
2586,0.050598194314196134
2587,0.15063245669472217
2588,0.03437315096912588
2589,0.0935236593703092
2590,0.027397208265540252
2591,0.07454953541556217
2592,0.03902972777849744
2593,0.053941674136529165
2594,0.05634794104523912
2595,0.01444389524052908
2596,0.06331013366679908
2597,0.029030747859558108
2598,0.03825266420928197
2599,0.05003148262202562
2600,0.02017054121803013
2601,0.07968375640332961
2602,0.0864932066295226
2603,0.021219646719854223
2604,0.06137186499185923
2605,0.10857635080908293
2606,0.0345157580634926
2607,0.011117230587004482
2608,0.12977688798708786
2609,0.021837435326243635
2610,0.3345935160728763
2611,0.10794945755185367
2612,0.04194733845885295
2613,0.03805637750966148
2614,0.02932784144363676
2615,0.03284542942165314
2616,0.09496036990904173
2617,0.009794301889510025
2618,0.012677830090091803
2619,0.026735323488408416
2620,0.01480308580213354
2621,0.0032868879680881045
2622,0.019549433558722896
2623,0.023332939987716263
2624,0.018630450538175806
2625,0.03518873477308372
2626,0.10797025978636757
2627,0.004803964694160139
2628,0.17670849322645826
2629,0.04525239662073044
2630,0.08459551431097992
2631,0.09820897972027205
2632,0.01701464625010192
2633,0.034317695779011274
2634,0.08321002163516768
2635,0.020947704181387233
2636,0.08074813828190085
2637,0.004969906269329467
2638,0.034731291294637284
2639,0.03911333240582641
2640,0.01746276314814873
2641,0.076074507996401
2642,0.008805431286528916
2643,0.035397960768955565
2644,0.0631001810701783
2645,0.09484861184306982
2646,0.04545501907139284
2647,0.07067328287535361
2648,0.08938778713423738
2649,0.06930752677553244
2650,0.009732508731229397
2651,0.011857677923727727
2652,0.06540717446353635
2653,0.030637481870051955
2654,0.023597022908380307
2655,0.01161605282002554
2656,0.04417639104538108
2657,0.07085681477867162
2658,0.04699776181165004
2659,0.012809222133282436
2660,0.015904434666660555
2661,0.0504960398514724
2662,0.04626396803613134
2663,0.13625599286041137
2664,0.09065461839722534
2665,0.030958582701046122
2666,0.01140304074394775
2667,0.11274224312064414
2668,0.014927948699848122
2669,0.06884650504772259
2670,0.015466332580911147
2671,0.026016191037005826
2672,0.06121822533957795
2673,0.03147378780236689
2674,0.008113721095354071
2675,0.11016031623538637
2676,0.00868480575386803
2677,0.017646209581012172
2678,0.20353062120996626
2679,0.029654146549846976
2680,0.019114456419710366
2681,0.012551163283709208
2682,0.01013108953113107
2683,0.057306888233249594
2684,0.027988491887774684
2685,0.05084877047730857
2686,0.09542267157370532
2687,0.009186806774128737
2688,0.02798130697386871
2689,0.0636501403703256
2690,0.03405071291089329
2691,0.0423815412593746
2692,0.013738592359123522
2693,0.007817566061562283
2694,0.09441175012059402
2695,0.007696432906287785
2696,0.006755805169448133
2697,0.007325299744632401
2698,0.02828854973120315
2699,0.13001123050036198
2700,0.0799752863560564
2701,0.033547145430382966
2702,0.026393408489389977
2703,0.04176177121561471
2704,0.06054790839927409
2705,0.08575249786932629
2706,0.018099883445738353
2707,0.011465028670004715
2708,0.01372582985110251
2709,0.006282356473480154
2710,0.06129482520655918
2711,0.05213994696896416
2712,0.06308864291524165
2713,0.013298696782904804
2714,0.1030390378338096
2715,0.024975485948917145
2716,0.2041702930068391
2717,0.04033449195729565
2718,0.04306533298943962
2719,0.0117663337237692
2720,0.07880127807381944
2721,0.01423024663965964
2722,0.22958000488598604
2723,0.011239550807392936
2724,0.01103482283089081
2725,0.019655953603546154
2726,0.06949839605068894
2727,0.0516816789818931
2728,0.019374589181068977
2729,0.25598523516555954
2730,0.20173192726120823
2731,0.02550042135154541
2732,0.010068766276660264
2733,0.041952276454715866
2734,0.1290474183399192
2735,0.10055230645956376
2736,0.02718762922392491
2737,0.06967512162969841
2738,0.02906484522388262
2739,0.018256517268565732
2740,0.01697707399770166
2741,0.0112394343704528
2742,0.012376949837919534
2743,0.054841222448726315
2744,0.10663215489712989
2745,0.08144932726087754
2746,0.12662825830999297
2747,0.03186285700251839
2748,0.014377537654717155
2749,0.03941635178577971
2750,0.030873289417592892
2751,0.050474776594894244
2752,0.013979034123608998
2753,0.019327234244845747
2754,0.04533860750149072
2755,0.0037491583353739598
2756,0.15236045054650937
2757,0.006337028517412071
2758,0.02691053179264002
2759,0.05974694215094073
2760,0.09184946846450404
2761,0.02223031024402558
2762,0.06082949947028338
2763,0.012426429199094485
2764,0.019598261223353227
2765,0.08139624017437953
2766,0.03261242183552608
2767,0.03516650650938247
2768,0.054383504411416574
2769,0.07150898861009652
2770,0.02080030556917515
2771,0.03907488236636708
2772,0.11585536528132964
2773,0.03267546828872233
2774,0.13432132333964575
2775,0.015984748079137554
2776,0.022977275914265505
2777,0.028705970902705623
2778,0.03640984058739597
2779,0.09678615162233349
2780,0.04720994850701582
2781,0.08119449143957452
2782,0.033066165183649125
2783,0.019398428709853924
2784,0.05399670490419528
2785,0.01960444050074494
2786,0.150036652079664
2787,0.01091840781525246
2788,0.034702148881535624
2789,0.025251440196647122
2790,0.02435076339622078
2791,0.07604272731262203
2792,0.0542582219631139
2793,0.05331554078285614
2794,0.008469966386217876
2795,0.16806571240436247
2796,0.07908624266223713
2797,0.009928614152392726
2798,0.02276972438547608
2799,0.04314405551889195
2800,0.18927526611462872
2801,0.1215871531619117
2802,0.05451207267025212
2803,0.35353711129510634
2804,0.07143981702354527
2805,0.015707618570657094
2806,0.21720116679910736
2807,0.02480281058873235
2808,0.05839507943358128
2809,0.027479813367959016
2810,0.029101441563963378
2811,0.008963666838285454
2812,0.05298460594596255
2813,0.015988150572670886
2814,0.03384265759611444
2815,0.04412352028301728
2816,0.01047722733082244
2817,0.018181948212554155
2818,0.024406866369458578
2819,0.20023166082975694
2820,0.02771136042827667
2821,0.028469004628688628
2822,0.009005176862412418
2823,0.03418082323953612
2824,0.23829751061515614
2825,0.06310280457472447
2826,0.026980164328928392
2827,0.007629664933756735
2828,0.02609495523844175
2829,0.0154655749809403
2830,0.045083851891575474
2831,0.07245387817786673
2832,0.018359478533323693
2833,0.05562481764937346
2834,0.015717058994223355
2835,0.02735067954559012
2836,0.05871243062962587
2837,0.01452154193396902
2838,0.027631479971893837
2839,0.015332727403508451
2840,0.052864753932170674
2841,0.013647164898114609
2842,0.028066937653534383
2843,0.01512340015869309
2844,0.014777959087637614
2845,0.049538809184590867
2846,0.06557236570763716
2847,0.01422385840131393
2848,0.02157205716239815
2849,0.024415072133885427
2850,0.08201514326675344
2851,0.03455505227226956
2852,0.015043684479600004
2853,0.0185442688282345
2854,0.047619985682367694
2855,0.008835178664741556
2856,0.007030948491864869
2857,0.06261116217282485
2858,0.041364392691299705
2859,0.07133225121194807
2860,0.03976128830677134
2861,0.007497079790014155
2862,0.0484404673914095
2863,0.1262374610585045
2864,0.1278654338332057
2865,0.02376716217498291
2866,0.04377018377872909
2867,0.020229193886660186
2868,0.08025474532540924
2869,0.13916175405563627
2870,0.20802471307892995
2871,0.020520723299558206
2872,0.00560396270355348
2873,0.11267214538954982
2874,0.05226766619911267
2875,0.10248449714366871
2876,0.031236260688575882
2877,0.016990177288019628
2878,0.04709769921360648
2879,0.07058361789822332
2880,0.03655537777839481
2881,0.014768795719461174
2882,0.19529205053296164
2883,0.005346616716815426
2884,0.165049839397337
2885,0.01550484855386678
2886,0.01982423535169916
2887,0.09506224005035177
2888,0.09986557230166641
2889,0.22737009689914445
2890,0.04182685858188103
2891,0.035909657578789715
2892,0.05179018311308343
2893,0.10899794470066652
2894,0.29630564105125357
2895,0.07948653233344131
2896,0.01339323911764411
2897,0.029696112236904337
2898,0.0612612697730006
2899,0.03457742853944054
2900,0.11046565870887003
2901,0.03967709020474023
2902,0.04635514624473459
2903,0.08751015055245945
2904,0.04002932919061783
2905,0.056172764409344336
2906,0.025873474710021122
2907,0.007567519224582083
2908,0.008424282321825325
2909,0.018476515787705504
2910,0.03710317406835184
2911,0.0699824528468731
2912,0.00987243573071195
2913,0.039049525322910776
2914,0.10381829398608093
2915,0.012268471890959151
2916,0.046781855959388295
2917,0.013318209528920615
2918,0.021014820022400887
2919,0.04802517771177464
2920,0.04009958071040094
2921,0.017079045010446523
2922,0.03535142303241344
2923,0.07955042173103978
2924,0.14628530930189376
2925,0.007730642147997242
2926,0.04197963396416672
2927,0.14340950971452363
2928,0.04229474788161536
2929,0.025200598797577967
2930,0.04258823403877377
2931,0.18193531350004416
2932,0.013593879039165025
2933,0.04216022595522197
2934,0.21225606291098142
2935,0.01272327085832514
2936,0.09898908775788932
2937,0.11740344168857247
2938,0.14900102826628364
2939,0.020196431084689694
2940,0.08342178188452293
2941,0.004884420388907103
2942,0.017778885306534785
2943,0.08362796257458299
2944,0.1878049373629441
2945,0.025946466399091928
2946,0.028512702902998233
2947,0.03490665407837366
2948,0.06304002325868249
2949,0.018294263799948838
2950,0.03696933606576702
2951,0.013976066361279132
2952,0.04775434802075965
2953,0.0037508887449305304
2954,0.008491830649723019
2955,0.03224300339280668
2956,0.08070231763511163
2957,0.04028536378632084
2958,0.029093478841581984
2959,0.03977694570601467
2960,0.011698344665266093
2961,0.06195445976996025
2962,0.15824392659548264
2963,0.07796669687517271
2964,0.03872803657449305
2965,0.018397411621280658
2966,0.09603215758284578
2967,0.14802092421222468
2968,0.013629205205618607
2969,0.04184295796390254
2970,0.045698052696912496
2971,0.0052436581074011375
2972,0.127773848604191
2973,0.034317220914641976
2974,0.036486106019262915
2975,0.023684630859220283
2976,0.16188196064994723
2977,0.051028895081927664
2978,0.03054048589452425
2979,0.08954451205553683
2980,0.013212784633634792
2981,0.047714126829926456
2982,0.1824039285955436
2983,0.02922930240247627
2984,0.03651164082398324
2985,0.1355429662607812
2986,0.045643644286338894
2987,0.0386312654749969
2988,0.005451137528647881
2989,0.06924113454654302
2990,0.0880016178247938
2991,0.010872361470544921
2992,0.10551063236043415
2993,0.009146547041289659
2994,0.034581692433640156
2995,0.04093037456506929
2996,0.030219206164809213
2997,0.013597410875480118
2998,0.03425889447265155
2999,0.01514112749049877
3000,0.17162142921120846
3001,0.01332659054579857
3002,0.046791730977165
3003,0.021016220465792147
3004,0.1146036346133002
3005,0.09887381542293058
3006,0.2848227464398814
3007,0.05247438253994904
3008,0.013602945242272995
3009,0.1548000260744486
3010,0.18589804139170857
3011,0.015588586295798108
3012,0.03945129741150007
3013,0.05124222721579321
3014,0.01239553165643855
3015,0.004328866421440022
3016,0.02636525029919187
3017,0.04123672429740512
3018,0.017556497777722217
3019,0.01331839578676803
3020,0.016955351504573814
3021,0.0254188199075893
3022,0.07016004536872028
3023,0.08130031053103344
3024,0.059324005108305884
3025,0.028943785733840235
3026,0.1153116335836916
3027,0.028607921065711504
3028,0.029566141384582672
3029,0.026829498669213213
3030,0.16533396842910456
3031,0.1564352515959311
3032,0.033201388840128895
3033,0.05348939796560413
3034,0.03605587981483044
3035,0.04144303957153205
3036,0.01996593056995263
3037,0.05399395868537287
3038,0.014458174796049014
3039,0.01642960136834884
3040,0.020271854445165632
3041,0.04536504031309038
3042,0.02066293018855285
3043,0.014753400215172805
3044,0.04620948953159957
3045,0.03221251768801081
3046,0.12172749341378801
3047,0.04652774923021796
3048,0.00631824323632183
3049,0.012734997645688155
3050,0.16950456010521556
3051,0.018466372176372335
3052,0.026125936302631023
3053,0.028513195297095006
3054,0.0309211662460149
3055,0.0483667069471019
3056,0.05388707901222294
3057,0.02652688299556794
3058,0.019079921855950012
3059,0.020171091011264315
3060,0.08661001083272832
3061,0.02210516930835704
3062,0.024299632352937535
3063,0.059138132635968864
3064,0.08824549810376266
3065,0.004930873691158321
3066,0.37790964803524757
3067,0.0726264187911567
3068,0.03352675377853904
3069,0.013317037501198777
3070,0.059001616650414354
3071,0.019371935755434257
3072,0.1448996292573683
3073,0.2008476272929871
3074,0.04648705154623758
3075,0.05708296125433533
3076,0.18252061474943496
3077,0.026987162941229798
3078,0.01875979037473772
3079,0.013478683045279405
3080,0.027792043559750245
3081,0.07410999193483864
3082,0.01420851284728852
3083,0.013251189321840934
3084,0.08295580388690321
3085,0.06712757435167366
3086,0.044871802840953726
3087,0.027799347269742942
3088,0.026097903512738992
3089,0.007929377503322597
3090,0.046908429748491416
3091,0.009342117710251615
3092,0.0070921857107263285
3093,0.012816952794904106
3094,0.07904785378703888
3095,0.012071865275105764
3096,0.014527740895791176
3097,0.012155211121579284
3098,0.02419146868970772
3099,0.05127027003435517
3100,0.03750717939219631
3101,0.041529015076781195
3102,0.035758516980973425
3103,0.017114373553200272
3104,0.12756171733676966
3105,0.038589469535187895
3106,0.09055337180204698
3107,0.05502581426218571
3108,0.22318528596732357
3109,0.038060311999216744
3110,0.01838619283855344
3111,0.02977105623710507
3112,0.009174223017075654
3113,0.020211013483761028
3114,0.12278898562761911
3115,0.04904467509434578
3116,0.042507362008222443
3117,0.08062735091834577
3118,0.03365282585898188
3119,0.051192695415873214
3120,0.036262132491087666
3121,0.006898325755593374
3122,0.009133698808848713
3123,0.13950021744709487
3124,0.05404188737070414
3125,0.04778603670814236
3126,0.009639491365071098
3127,0.010544148435503966
3128,0.027894212967971073
3129,0.007121535948014274
3130,0.10189841402024374
3131,0.014834438240088219
3132,0.026531231291235774
3133,0.021919260884298443
3134,0.013834169410978349
3135,0.02919033222139366
3136,0.06589879925810418
3137,0.01840331436111188
3138,0.19096011572874064
3139,0.09564216797433332
3140,0.057228476399059564
3141,0.02075859869060616
3142,0.02494982715907991
3143,0.2797673265611094
3144,0.04143343183917785
3145,0.14818773762195356
3146,0.01458233907640417
3147,0.00722451399674467
3148,0.07454461369304538
3149,0.03470361289628162
3150,0.01946757375931046
3151,0.04704497990208126
3152,0.017574098121922555
3153,0.38837003869084374
3154,0.030861474429608557
3155,0.14967923150405557
3156,0.022097605471683157
3157,0.033727437439759415
3158,0.018838686539329783
3159,0.0984059457010929
3160,0.011034541412258137
3161,0.014565795847483068
3162,0.029965916803186686
3163,0.017323198464860787
3164,0.01634324252856844
3165,0.07728705863128656
3166,0.029811756008859817
3167,0.05532038021130127
3168,0.021758885476194506
3169,0.020046287641599294
3170,0.014522975550951231
3171,0.0874150977588604
3172,0.028103118519158074
3173,0.05967763860406402
3174,0.004670987409900361
3175,0.009766828273231934
3176,0.03122551216725763
3177,0.015722628468196376
3178,0.02729956906715279
3179,0.08831249794871708
3180,0.13475160333001127
3181,0.1170665497923638
3182,0.07514829908461232
3183,0.012930501642977096
3184,0.18328770387291093
3185,0.05104928068920972
3186,0.014939796490272418
3187,0.12503629261943833
3188,0.019898325485634125
3189,0.025236301745255346
3190,0.050384290132406924
3191,0.10082390074083852
3192,0.02074764184399014
3193,0.026176597662984465
3194,0.05295435606872234
3195,0.06817851460416402
3196,0.024456163937838588
3197,0.07864717571015328
3198,0.015834863473289097
3199,0.0167786650740579
3200,0.011753262654051138
3201,0.0277398352674166
3202,0.03627020231551454
3203,0.019239383101026953
3204,0.01804513158678774
3205,0.07956983115590095
3206,0.01937381155020279
3207,0.016582904859685443
3208,0.012514774208082167
3209,0.02844866281494537
3210,0.011173168766517961
3211,0.024871183504727987
3212,0.012434028879450493
3213,0.01688103485958471
3214,0.06455227582931894
3215,0.03460353371199189
3216,0.01506254079196886
3217,0.010277288680400037
3218,0.19372498014253767
3219,0.09494970339272849
3220,0.022460098437487523
3221,0.15368275976350723
3222,0.01478683040864911
3223,0.02850176150454414
3224,0.053022959927763846
3225,0.013891098377265746
3226,0.010785408069688578
3227,0.025882702810660622
3228,0.062450014529963675
3229,0.07854725896924379
3230,0.3191379329558432
3231,0.033128479820418465
3232,0.04912811538933857
3233,0.025469674355806556
3234,0.019996256175048882
3235,0.024088477308167454
3236,0.0292165087565051
3237,0.03805033837925482
3238,0.04499167222558293
3239,0.08034378030034285
3240,0.051663824538380254
3241,0.012016683500717513
3242,0.14886829501005375
3243,0.04177602158976987
3244,0.021990111942384215
3245,0.009883906913779895
3246,0.08817314313280591
3247,0.0719462657910235
3248,0.23797177596386576
3249,0.26117497005279117
3250,0.03432682000525422
3251,0.024919145551258185
3252,0.0176873632567149
3253,0.09361908502487383
3254,0.0480814717659025
3255,0.008884548831085885
3256,0.0201778569284867
3257,0.02162389987726414
3258,0.026743187108207653
3259,0.030076616270537142
3260,0.015460240887041149
3261,0.10858019604238518
3262,0.03498647023802878
3263,0.11050788450195768
3264,0.07671206903362021
3265,0.13606274988448208
3266,0.02070243179814698
3267,0.013888238925994995
3268,0.02561871457982593
3269,0.07665750784885862
3270,0.02656601582122575
3271,0.02087802309389092
3272,0.07316085567653746
3273,0.007838143094699514
3274,0.03130347030914866
3275,0.039581100725326245
3276,0.007030056113424181
3277,0.004933811126968799
3278,0.3264081890377745
3279,0.07599395217421043
3280,0.015106061454080525
3281,0.05363719348086572
3282,0.07423144820293706
3283,0.0670013432628664
3284,0.05540098624714467
3285,0.016369975815643478
3286,0.06767377199714801
3287,0.012679674089559254
3288,0.02296935962787333
3289,0.0755353961024551
3290,0.04830977494030037
3291,0.26181755154060105
3292,0.02265594276091598
3293,0.07148897614733644
3294,0.017840639938228875
3295,0.046837472073525475
3296,0.04793370512230395
3297,0.016098171164726432
3298,0.022600452109500194
3299,0.008320953238778576
3300,0.01007960524461535
3301,0.014201408124308748
3302,0.01867649873687672
3303,0.023802218064089494
3304,0.0318991207813242
3305,0.0041375434744719206
3306,0.020625921713892523
3307,0.0927845729203305
3308,0.021625968434037
3309,0.05089973160526311
3310,0.04926503316696288
3311,0.009939540522468544
3312,0.013320589227536747
3313,0.14335664650382524
3314,0.05979342313715579
3315,0.05184041134170396
3316,0.033162424550744425
3317,0.004364921656433519
3318,0.06695036441394318
3319,0.20937928214317153
3320,0.04370573682558424
3321,0.050671069753307485
3322,0.026234874217310186
3323,0.02809459888182357
3324,0.02427765204525666
3325,0.061083672659680795
3326,0.01691865459187094
3327,0.025374626318268846
3328,0.03464724616001748
3329,0.17788735638260886
3330,0.009618004231307084
3331,0.023200524580860468
3332,0.05662222019933662
3333,0.057573279869061474
3334,0.12385989160453727
3335,0.008571734727465618
3336,0.028064012193388797
3337,0.05406821533843563
3338,0.02562875893090945
3339,0.022483442979741388
3340,0.29620568694157784
3341,0.02950860134417784
3342,0.009552255550778625
3343,0.0339996933127721
3344,0.051932335614184505
3345,0.18811174213060539
3346,0.02514371312099873
3347,0.051543463051084704
3348,0.018312897171137783
3349,0.05810629982535366
3350,0.004955023857702564
3351,0.0018705339463609325
3352,0.031445005157162725
3353,0.058208681307732754
3354,0.03345396670173609
3355,0.03223387600834133
3356,0.05241496498005188
3357,0.03396484214528795
3358,0.02358534687599118
3359,0.03072829614734012
3360,0.052232195061924724
3361,0.031272902808479615
3362,0.07082626928391736
3363,0.0905115894535608
3364,0.03573984737032905
3365,0.06782270345570361
3366,0.03844608454491202
3367,0.06980700449685334
3368,0.028132003219387237
3369,0.019944907044090826
3370,0.09151139501258779
3371,0.037452526571253635
3372,0.06033710331650816
3373,0.014246181427069488
3374,0.12086971490030943
3375,0.4582450089563951
3376,0.02208372238524823
3377,0.021028623899451968
3378,0.011181148128911612
3379,0.03309419757939186
3380,0.09661275174257472
3381,0.025516501300646068
3382,0.029991417318503688
3383,0.15490655290346664
3384,0.08819845564847723
3385,0.09667220427103743
3386,0.0116386301312374
3387,0.07148312549020969
3388,0.033426153096826776
3389,0.03966213894504813
3390,0.02146166675985772
3391,0.09144221549184493
3392,0.011433005266595842
3393,0.007679474952921514
3394,0.03701522419093898
3395,0.1529562770790295
3396,0.02069410679954849
3397,0.005507996553377993
3398,0.04509768116353932
3399,0.030454224891510985
3400,0.039128949822393955
3401,0.21935921422210922
3402,0.08346798933595855
3403,0.020060729696657165
3404,0.009669325857809278
3405,0.02068937641866029
3406,0.17696865289466732
3407,0.024116862419304507
3408,0.046901709388934974
3409,0.07583820541595078
3410,0.022423055001507316
3411,0.050459768998649394
3412,0.03390777091962629
3413,0.04116945040115953
3414,0.02235381088073507
3415,0.006871704598579199
3416,0.013587484522995966
3417,0.030814628686262138
3418,0.010964709139267769
3419,0.05809401322603282
3420,0.0383375171678674
3421,0.007895103372922497
3422,0.0075493221951091595
3423,0.013483265709468695
3424,0.027743518244382655
3425,0.13454755430145837
3426,0.005652420381884828
3427,0.006423294609230297
3428,0.013044520533011975
3429,0.03327657933613644
3430,0.017098434285313355
3431,0.014213872035811625
3432,0.008866385503792023
3433,0.026654921464834766
3434,0.017312164975417828
3435,0.025704548671897524
3436,0.13126988366751116
3437,0.05405473976000496
3438,0.09971386576050544
3439,0.023311961623210226
3440,0.028972457100987073
3441,0.0962001511411993
3442,0.03591748440046647
3443,0.012620981080023215
3444,0.02019175010241203
3445,0.025360298168892417
3446,0.07221832982596774
3447,0.048241717275225006
3448,0.10007816272549167
3449,0.04322055111761002
3450,0.02763039502014376
3451,0.017341945435485413
3452,0.05950888047870018
3453,0.020076636778950076
3454,0.049443114857989454
3455,0.008332378817382998
3456,0.16715834529754067
3457,0.03733237696517475
3458,0.02102247213245654
3459,0.048732324853535604
3460,0.010433313334761852
3461,0.024676855606782743
3462,0.061315681598955375
3463,0.05546629798686791
3464,0.10140638132377994
3465,0.04101420310112951
3466,0.040823746150814355
3467,0.04311365969051523
3468,0.01629361754262799
3469,0.11164796947379835
3470,0.002229767289846246
3471,0.021713582925822563
3472,0.003741995338699756
3473,0.014397579064352007
3474,0.10313234864220838
3475,0.0064368585378855895
3476,0.023819884479125846
3477,0.27748245135712624
3478,0.12270837387270878
3479,0.025392847478593033
3480,0.042927817784020154
3481,0.014148196382038404
3482,0.05895336598858732
3483,0.1246034713116856
3484,0.019361665885372106
3485,0.05707873194766199
3486,0.0843979067250227
3487,0.05549487358025291
3488,0.025473628652176505
3489,0.025276341442693858
3490,0.06966816526093772
3491,0.03954441543232334
3492,0.020781677368175714
3493,0.20126683731167055
3494,0.02368608169008453
3495,0.052561381177097154
3496,0.027023220254657088
3497,0.022579312125299632
3498,0.024004479023226846
3499,0.06049916119595111
3500,0.06415435172494975
3501,0.019032540075339475
3502,0.02943832932467519
3503,0.04393571327884124
3504,0.06705413393509535
3505,0.01347629425570293
3506,0.1747264473072805
3507,0.05811421952415858
3508,0.1658036454814987
3509,0.16425990992639106
3510,0.022496982555702136
3511,0.20466174077127813
3512,0.041819481623163124
3513,0.026762491337350824
3514,0.036688625212289876
3515,0.035635758514064836
3516,0.0245917595279867
3517,0.03471852113155324
3518,0.007271533856368732
3519,0.10075866193355623
3520,0.10981437000067348
3521,0.03886957900352127
3522,0.03304680749079979
3523,0.018725434912276705
3524,0.004381445121887152
3525,0.037308982250108896
3526,0.10200283068608947
3527,0.02794481484288186
3528,0.03386600221408481
3529,0.03948677901554102
3530,0.024380870085145005
3531,0.031972382828271285
3532,0.03689993092335527
3533,0.029944862308488817
3534,0.009883801521006838
3535,0.0063814702581525195
3536,0.027001314067423537
3537,0.03700208693697502
3538,0.011088236993008028
3539,0.04042499971698496
3540,0.012837153474367662
3541,0.02442016605364916
3542,0.019539340382647406
3543,0.035852231451645275
3544,0.06337203210279033
3545,0.02632789735814885
3546,0.09639870101810748
3547,0.049458926742398435
3548,0.02111090554363772
3549,0.043654224887871615
3550,0.03426869917425561
3551,0.03365991855280813
3552,0.05681123718338676
3553,0.11124197812961169
3554,0.016289630623462923
3555,0.10254863686095367
3556,0.05708890092189176
3557,0.059887516265140474
3558,0.09233886972532195
3559,0.0338700382825906
3560,0.0407454101644359
3561,0.0542017519719884
3562,0.0017955060316523902
3563,0.162649624956742
3564,0.013764034975612294
3565,0.04826051666875989
3566,0.02557006294191539
3567,0.0772232071253854
3568,0.1194826868404271
3569,0.013247024571634918
3570,0.022931080475370288
3571,0.003866714021820186
3572,0.015650011131858797
3573,0.03967215970772924
3574,0.06665315184132346
3575,0.014847135248389098
3576,0.026284212175145396
3577,0.04619778627602518
3578,0.03672197085704477
3579,0.16735843148146756
3580,0.02845703053341332
3581,0.010166170605867815
3582,0.027073952291938447
3583,0.02770156276344099
3584,0.008308301166435304
3585,0.03864782172504194
3586,0.025814378186478637
3587,0.03742363643496873
3588,0.029304934855832063
3589,0.020653657223394482
3590,0.08196241982313918
3591,0.025727199179712775
3592,0.043509467039483656
3593,0.06609748416292291
3594,0.3222318100366654
3595,0.133982788213183
3596,0.04334124691587417
3597,0.006800959380883997
3598,0.19563176289786754
3599,0.016187058550051626
3600,0.022034725561430404
3601,0.11355410076687997
3602,0.012874674986790607
3603,0.03678890729595326
3604,0.052433352737490245
3605,0.0448082446022415
3606,0.036343505801636845
3607,0.017865739809842778
3608,0.02563971841349355
3609,0.033654869811364015
3610,0.04316709130968094
3611,0.003915970657367445
3612,0.04722924741360913
3613,0.046993416364014926
3614,0.1853426626045371
3615,0.010239354013212855
3616,0.03132799771821473
3617,0.03060928673052974
3618,0.03097858504309162
3619,0.10156019556430929
3620,0.019134235161585803
3621,0.02314606266203256
3622,0.02944109189820944
3623,0.03961417633186531
3624,0.026774210433192155
3625,0.03235668856289474
3626,0.06514856587301562
3627,0.012121726469058902
3628,0.025147391444874715
3629,0.0199955930176303
3630,0.09115668423971766
3631,0.038064876081431935
3632,0.01650517509009974
3633,0.04553186562348642
3634,0.11517934804946581
3635,0.05130357091133504
3636,0.15063929232218512
3637,0.008155647454394427
3638,0.058956414190639926
3639,0.08586457129997441
3640,0.034193791838043934
3641,0.05230462146001685
3642,0.008374180344187653
3643,0.057104867272216274
3644,0.016282783132332217
3645,0.04263019030731199
3646,0.1526401226102093
3647,0.03429942800278004
3648,0.3171761224571124
3649,0.012228421034542157
3650,0.011471390197160928
3651,0.014035885316740333
3652,0.028091361731144692
3653,0.02010315747361017
3654,0.03512388752687251
3655,0.04862977477815232
3656,0.030021292090946207
3657,0.017766745766994534
3658,0.019269246025064267
3659,0.019060081026371856
3660,0.004566263539887168
3661,0.024054656999913143
3662,0.021519683324593745
3663,0.1421082444419513
3664,0.0738376425230586
3665,0.024901762155251018
3666,0.028578207954557535
3667,0.04549854224758898
3668,0.021861379549921192
3669,0.08356239044701601
3670,0.04990479977845996
3671,0.057521427908477224
3672,0.04759796534298744
3673,0.004054976278682564
3674,0.020034233226926264
3675,0.058219106605978316
3676,0.022532606145139807
3677,0.050867694723991934
3678,0.03792211938190153
3679,0.048959225559069876
3680,0.04902627389569764
3681,0.020745446217546502
3682,0.06130899833791036
3683,0.06305485300885724
3684,0.015274662745268149
3685,0.033643394464053386
3686,0.052975197804706435
3687,0.005925557653435787
3688,0.05806389855759671
3689,0.041209561905051414
3690,0.03805773953946012
3691,0.05815826383314761
3692,0.03630337993006864
3693,0.029224132298017607
3694,0.02894322827978273
3695,0.06267811142744455
3696,0.08622111803435856
3697,0.04562957682343466
3698,0.0559952534110507
3699,0.14223926509267634
3700,0.01865213632471047
3701,0.00327335717508806
3702,0.03731277526472333
3703,0.017219096449395434
3704,0.04855937859048386
3705,0.11954014506906828
3706,0.015958477828535208
3707,0.017634079951062597
3708,0.07750351157349977
3709,0.04765556767141657
3710,0.03277860252674603
3711,0.010083902976834523
3712,0.06140904261420639
3713,0.026325841780689016
3714,0.022006182430162346
3715,0.06150033952010397
3716,0.03496529968181381
3717,0.019266982340011212
3718,0.011149746542901608
3719,0.026182026136012313
3720,0.018393133224063628
3721,0.03807506601884231
3722,0.023735173520970345
3723,0.03280264217744707
3724,0.03439673992975214
3725,0.07302950147303168
3726,0.10713007046353658
3727,0.03672384678415454
3728,0.013402533510061194
3729,0.021413035627760188
3730,0.029031725884869033
3731,0.07324985617269546
3732,0.05803028487104487
3733,0.00840191959728405
3734,0.012055392921468469
3735,0.011968080535537627
3736,0.01703161311751451
3737,0.02686653361595097
3738,0.016828174985960644
3739,0.023731142228969992
3740,0.00861086064316807
3741,0.038851134362073325
3742,0.02611243410056322
3743,0.02731921707456783
3744,0.00695256093953403
3745,0.14032186130293772
3746,0.046973045811210375
3747,0.049819297337989676
3748,0.03411517958929653
3749,0.008792853981115947
3750,0.006570800571268565
3751,0.019739644639362244
3752,0.038491257253085706
3753,0.02908377095745764
3754,0.018565449701242482
3755,0.07798305033439616
3756,0.015391782726049259
3757,0.008533544690415302
3758,0.01484122319913003
3759,0.010869682741889843
3760,0.043378515896795145
3761,0.030991316180753133
3762,0.172346811339197
3763,0.07035707611017923
3764,0.025291743302596002
3765,0.01573173599113397
3766,0.026364692268888004
3767,0.02449052639128409
3768,0.045255642628637495
3769,0.007840581062054838
3770,0.09596479654387692
3771,0.0031140782356865776
3772,0.018603804876540633
3773,0.10417901268400301
3774,0.03174910477625797
3775,0.0982027367598932
3776,0.03705431988642279
3777,0.04508055157360526
3778,0.013711174458965126
3779,0.01706342020458161
3780,0.146429606165656
3781,0.02949315529327531
3782,0.014623692011375738
3783,0.04733110895436424
3784,0.2216259606527366
3785,0.02439960829549242
3786,0.0035292179418538803
3787,0.012868518028158561
3788,0.17543008106453867
3789,0.018607041130879097
3790,0.04282057817597114
3791,0.018391157553548643
3792,0.04176296671132673
3793,0.025755812754621986
3794,0.21133374182560744
3795,0.1260288607364292
3796,0.014065977355017033
3797,0.021486839274702203
3798,0.13504952882280202
3799,0.02044571146642778
3800,0.09882071712051002
3801,0.08879383365592781
3802,0.06830088818039708
3803,0.004652798634326804
3804,0.034895503478928946
3805,0.01940143309888706
3806,0.03017252818640082
3807,0.02254711188565328
3808,0.021858408481947037
3809,0.024367474907053613
3810,0.20085493882480893
3811,0.031660637740046634
3812,0.01681573226738458
3813,0.04635408519568458
3814,0.13073394795357732
3815,0.01833024479401315
3816,0.1353923999194618
3817,0.01847253999328156
3818,0.04373984234563521
3819,0.25932742650602514
3820,0.03189028395880954
3821,0.09434058110979551
3822,0.017526129366191853
3823,0.04217690022126485
3824,0.07435559007946531
3825,0.0038902726475539473
3826,0.03241767782416424
3827,0.05207235811006676
3828,0.024499628421894022
3829,0.05030276782370262
3830,0.009262007107970002
3831,0.01340376920583705
3832,0.12285988463567837
3833,0.0619141636166306
3834,0.030520190915978546
3835,0.08696363686534789
3836,0.08127598472800027
3837,0.045586937781001285
3838,0.011934036778206673
3839,0.07007632712347743
3840,0.03180475971556809
3841,0.05575921326403796
3842,0.04513394048541339
3843,0.08275421961312211
3844,0.06184127066066025
3845,0.07722974241280436
3846,0.04957724962974732
3847,0.021619427321900683
3848,0.018640708243899965
3849,0.031195950339784256
3850,0.013477968414715435
3851,0.059775262284966116
3852,0.1697908059730235
3853,0.008070646488739858
3854,0.02578263545324186
3855,0.04584596927735017
3856,0.03965230567759437
3857,0.08460264517073829
3858,0.03373379219330402
3859,0.011026980203024143
3860,0.06780223753471779
3861,0.027438936048924334
3862,0.04224669336849174
3863,0.07857025129055194
3864,0.04274608037662766
3865,0.008136436067059008
3866,0.0072411059494595365
3867,0.019757812811309807
3868,0.035463593673940204
3869,0.027737610550293664
3870,0.18198629528169405
3871,0.006880530819160262
3872,0.020918538970238452
3873,0.15840931682849302
3874,0.028812850390862812
3875,0.08717749266114654
3876,0.01185720253346055
3877,0.11018013345380738
3878,0.017420343719793698
3879,0.01774036108589347
3880,0.03168796514417699
3881,0.026770157099770132
3882,0.03460133104131206
3883,0.024256133618739985
3884,0.03177431837334843
3885,0.08215296012995758
3886,0.05799147731407273
3887,0.06525621661436214
3888,0.026600860162828255
3889,0.08629416542758785
3890,0.009089888761321002
3891,0.025104582693895303
3892,0.021055759485124743
3893,0.03975616290646858
3894,0.028748481338511225
3895,0.023500811443088694
3896,0.013223620005833709
3897,0.030712082903809522
3898,0.27779519927418955
3899,0.03130246359877745
3900,0.03406124431949836
3901,0.09934426944719177
3902,0.05239389171925328
3903,0.017500047256970876
3904,0.037792677710149096
3905,0.015265674378165105
3906,0.03022936742524314
3907,0.0143916206394028
3908,0.12290927303964355
3909,0.01690795066185975
3910,0.016195805551622842
3911,0.02044251461402879
3912,0.03202304888644805
3913,0.21489642924318594
3914,0.015371430276972478
3915,0.022475089788913338
3916,0.03867992338653722
3917,0.09942885503168133
3918,0.03639991234654606
3919,0.010232384500479955
3920,0.02651027680425592
3921,0.0885084651927696
3922,0.10489136503407664
3923,0.015100427560828814
3924,0.038275620503488955
3925,0.022291596156153524
3926,0.06261879869351482
3927,0.04788541431021649
3928,0.010314252319610582
3929,0.03965225288386116
3930,0.04187396436418059
3931,0.012902951078000085
3932,0.0269911721439493
3933,0.0775030193459578
3934,0.06905274302083445
3935,0.04949247528876317
3936,0.22118817206720628
3937,0.03379397504970617
3938,0.10601543962248067
3939,0.06417042992447594
3940,0.13977560148042528
3941,0.024462789639451324
3942,0.009298337335101327
3943,0.025464774263932323
3944,0.07678386170468401
3945,0.013985074663370244
3946,0.031226893158489654
3947,0.0055677636278737164
3948,0.019315502385789864
3949,0.09235912643540178
3950,0.054961857690058895
3951,0.018746894693097666
3952,0.3330945992725488
3953,0.04632973704017629
3954,0.09312176752565995
3955,0.09817158476549488
3956,0.012557289710581433
3957,0.009121353988445876
3958,0.04512927522499477
3959,0.05351233908766097
3960,0.027533757144128333
3961,0.0090807939288826
3962,0.08318036146803251
3963,0.0793273452919231
3964,0.012860883735016914
3965,0.058279539458409683
3966,0.013438471056672462
3967,0.026727944042387666
3968,0.06212740509901325
3969,0.07152971546614045
3970,0.00372375647847825
3971,0.1699984211651721
3972,0.021467544793049406
3973,0.013725303293173589
3974,0.04521559964504556
3975,0.014169494766403992
3976,0.04144943148681099
3977,0.0505534547993769
3978,0.0068129351138784145
3979,0.003809070812821613
3980,0.035992130203693115
3981,0.08968601240304927
3982,0.006206388182011441
3983,0.020575238701095396
3984,0.015412092966536528
3985,0.014330651298563889
3986,0.014526200432512492
3987,0.09511301927354948
3988,0.026667210129505046
3989,0.029842517699463462
3990,0.08600760323950436
3991,0.005603465313180765
3992,0.08165108628583771
3993,0.06128179486184913
3994,0.014054778184306338
3995,0.010956030872125065
3996,0.07382161072249618
3997,0.014328025238992187
3998,0.06671039124304927
3999,0.03457672663354071
4000,0.05229852067253053
4001,0.02430459189007495
4002,0.023666922387659613
4003,0.05810552922431122
4004,0.052588816891849466
4005,0.06458329353489951
4006,0.03165777238698018
4007,0.4342163725090085
4008,0.11157915642052738
4009,0.0173271188098469
4010,0.0922062087871261
4011,0.01046059558889502
4012,0.10384861673570032
4013,0.05076312299634486
4014,0.012008931035946658
4015,0.045839066744942314
4016,0.058384325183539504
4017,0.06341767620455324
4018,0.25817322138690196
4019,0.09684465429636432
4020,0.014977693937782898
4021,0.003746465874202187
4022,0.23951507143832057
4023,0.032636354324861595
4024,0.003272534253840957
4025,0.01818231868717785
4026,0.1809279464913467
4027,0.06068976123319015
4028,0.05216006875203542
4029,0.03063512619748815
4030,0.007447042567476292
4031,0.004259151715649157
4032,0.0812624713481189
4033,0.11910680849341969
4034,0.15083999632172493
4035,0.05293679095111557
4036,0.04158341179550609
4037,0.02541654597771213
4038,0.035013347046650996
4039,0.0465033172820315
4040,0.06563734780581566
4041,0.11047268260728324
4042,0.004526333409550265
4043,0.0129451945558056
4044,0.005894253803819738
4045,0.015871197399059022
4046,0.010436150965787198
4047,0.05048944289759293
4048,0.019731941795310858
4049,0.03811985056908777
4050,0.10905335418589802
4051,0.040536724648473035
4052,0.00864053076992905
4053,0.016634277224969365
4054,0.037625231741055025
4055,0.009973275485341488
4056,0.07420351405502393
4057,0.007964843637960446
4058,0.03223805041229117
4059,0.015559295960383076
4060,0.02669392461390685
4061,0.06897964375175494
4062,0.07002059497364396
4063,0.3360066701798984
4064,0.07939980624485522
4065,0.05453264174439961
4066,0.035374019013844286
4067,0.03133258257324739
4068,0.041230305269358426
4069,0.030601566300184634
4070,0.029442254488961206
4071,0.029960237843556056
4072,0.056896531371541534
4073,0.03493703909184593
4074,0.005629839910856624
4075,0.0661195630763553
4076,0.014049477499047329
4077,0.021205770186324358
4078,0.007830049291794143
4079,0.2388388978783286
4080,0.05735954965262622
4081,0.03380168632850173
4082,0.01370763425460285
4083,0.022893683971594334
4084,0.02672214966114694
4085,0.03102748041863129
4086,0.07113125686714337
4087,0.07327416798958324
4088,0.07888067177012947
4089,0.07517768942439687
4090,0.00891079951835956
4091,0.03918563779154492
4092,0.023558558813187514
4093,0.03663497227518785
4094,0.11467387802381424
4095,0.0115588694608264
4096,0.012643688549556616
4097,0.08960362511905057
4098,0.030868936598266172
4099,0.023529171868008538
4100,0.05008312849914798
4101,0.06858395638346329
4102,0.016629059634230375
4103,0.022299986021489
4104,0.03049318077001202
4105,0.09905920516924864
4106,0.039745611336590166
4107,0.06557486376719672
4108,0.03966953217330264
4109,0.06536438132905467
4110,0.015245468484746307
4111,0.01567246878801315
4112,0.048055766241687725
4113,0.0540219941440656
4114,0.011474208500873334
4115,0.14213625038655972
4116,0.15132771629197092
4117,0.024828710781684485
4118,0.029879243883734263
4119,0.04684305789842235
4120,0.021976891900195555
4121,0.022833949994813623
4122,0.019493291459923543
4123,0.0970894725000285
4124,0.007826152397526083
4125,0.12408722575306105
4126,0.09173670474299901
4127,0.262093767585906
4128,0.06036184211837385
4129,0.04294855242930507
4130,0.044525187483825675
4131,0.03180573236731665
4132,0.034096425297716934
4133,0.02315966169619179
4134,0.10386129055562089
4135,0.027000115052197734
4136,0.014504472362925914
4137,0.036271223977557054
4138,0.009900298666629757
4139,0.024783267204015386
4140,0.015394609049526383
4141,0.01078320461749861
4142,0.02392421246345287
4143,0.06822789489090264
4144,0.04138027770521038
4145,0.005883608898517259
4146,0.04371312624262093
4147,0.12557764401025115
4148,0.02241862759401842
4149,0.05991832979110818
4150,0.010366673108893658
4151,0.036853280721663474
4152,0.0032748614985242397
4153,0.08015040699897788
4154,0.03374219825034702
4155,0.02115553799831128
4156,0.028145833001530163
4157,0.027568927316829868
4158,0.01533129357278855
4159,0.055399119609042626
4160,0.060973111915337844
4161,0.01565865909856286
4162,0.11701259197466997
4163,0.030951747587573283
4164,0.0470215586538352
4165,0.020607011997612588
4166,0.09114649526657523
4167,0.013332439546795244
4168,0.03746217010461125
4169,0.30693598186992443
4170,0.005382113686556556
4171,0.033163429913649636
4172,0.01618568866602627
4173,0.03290067060209043
4174,0.014072801680070253
4175,0.07491737443659813
4176,0.013913999138514774
4177,0.02135447468601152
4178,0.028226151121086555
4179,0.044381450918092834
4180,0.10144127280299756
4181,0.16298595918726894
4182,0.03803149613999504
4183,0.03426349473731819
4184,0.037452319673231975
4185,0.10114044801424871
4186,0.07501448343001671
4187,0.04842988948378041
4188,0.03160227080315535
4189,0.05290582654793217
4190,0.019038532739648305
4191,0.027046972054864924
4192,0.07948948891185158
4193,0.08920922760794753
4194,0.0178004280530071
4195,0.01913933422128982
4196,0.03435661060456289
4197,0.017413568610321464
4198,0.009073184945960364
4199,0.0355895993188474
4200,0.02177172123423286
4201,0.2191148646005366
4202,0.011452155772002448
4203,0.05929281834374764
4204,0.012927710957047206
4205,0.0286546205358311
4206,0.005583232635659571
4207,0.01904122178092626
4208,0.076568812011665
4209,0.047722606919776436
4210,0.006199515133542281
4211,0.04077529206244034
4212,0.13338411849183643
4213,0.04437015152092664
4214,0.02079595634247094
4215,0.028696655730484542
4216,0.055249897465794374
4217,0.03997281467485522
4218,0.029566372342334182
4219,0.10606226371070465
4220,0.05104598239859425
4221,0.019063765310021057
4222,0.2382343378844832
4223,0.02844201933061093
4224,0.11191777230025052
4225,0.01465450779111412
4226,0.1441776682227614
4227,0.018187708485906205
4228,0.2037890799196376
4229,0.0414953960812725
4230,0.04448182416439186
4231,0.006389939001284333
4232,0.031424177777152014
4233,0.03609821669944461
4234,0.034054935911630314
4235,0.019068113150784542
4236,0.09043285243282294
4237,0.013018027196407591
4238,0.0347357240503576
4239,0.11177731977118208
4240,0.2260038029668835
4241,0.09676385271902883
4242,0.018039956944149043
4243,0.048494032958426816
4244,0.1141781285393455
4245,0.17875076643231252
4246,0.014590326346812942
4247,0.1992539670974011
4248,0.1575696310664059
4249,0.17319070617558704
4250,0.14208163660933534
4251,0.011788434260106166
4252,0.1365520108780166
4253,0.02414792544598744
4254,0.03410823775696717
4255,0.04573763833221922
4256,0.019850917406019422
4257,0.02406682529526016
4258,0.1078939233569114
4259,0.00907429762707191
4260,0.007340614623689666
4261,0.009687881465072237
4262,0.011289017335182311
4263,0.0935590572619353
4264,0.06070152664318427
4265,0.04874758810561194
4266,0.2003330529391952
4267,0.03509012708279044
4268,0.029436624606737426
4269,0.02606181403907687
4270,0.032085740820020435
4271,0.010183424028728039
4272,0.15260197775684206
4273,0.032216219077767096
4274,0.04577707741117741
4275,0.018514308655872693
4276,0.04090810570426213
4277,0.06886532580556302
4278,0.022368899431569896
4279,0.023213432435425473
4280,0.05072992581236635
4281,0.15662404290551318
4282,0.020177902499134384
4283,0.09376121474851738
4284,0.12442341703865888
4285,0.059062547215036516
4286,0.03366164442092172
4287,0.11514943777311837
4288,0.04560428873415459
4289,0.013441090118338763
4290,0.0309529324582881
4291,0.025384597379703555
4292,0.013143951852220538
4293,0.023024279081819757
4294,0.013372684382142942
4295,0.016871460222185244
4296,0.031733004272871734
4297,0.035948830756327814
4298,0.011789673818840617
4299,0.07113462018377294
4300,0.022774968021134306
4301,0.010650058745608532
4302,0.01439422602200408
4303,0.06076329551211861
4304,0.29254752045483556
4305,0.012255685618451188
4306,0.020181218487423856
4307,0.006804837055564384
4308,0.0978758871392843
4309,0.032944417699947624
4310,0.013437407713766052
4311,0.01653129374600129
4312,0.14118090319403603
4313,0.016600269637705965
4314,0.03738420314995165
4315,0.10646249149044738
4316,0.008399672199097456
4317,0.1062858405261425
4318,0.007752882718238513
4319,0.09402916532680224
4320,0.03147590652845066
4321,0.14025036539376612
4322,0.11744535036341622
4323,0.009410150482625688
4324,0.00918401470684664
4325,0.0046234893904697535
4326,0.04704997187178026
4327,0.06000275210924105
4328,0.016299513170145247
4329,0.014898832880559877
4330,0.10071071722585921
4331,0.015245546266909283
4332,0.02877388098144221
4333,0.030321726053630302
4334,0.017179089471376908
4335,0.07361814826406572
4336,0.02340378890713436
4337,0.022034135678382312
4338,0.05373791152215525
4339,0.01854688119540627
4340,0.2262191882544135
4341,0.026041291867728578
4342,0.24547292230316048
4343,0.010640133939107102
4344,0.022021721985093057
4345,0.04720371988080881
4346,0.059515944741089746
4347,0.01659096762615378
4348,0.12688965770775068
4349,0.03778344261079674
4350,0.07436503705573404
4351,0.051761897127436986
4352,0.020452265229102012
4353,0.008560947060015268
4354,0.014887119198032274
4355,0.016316263188241788
4356,0.04137152648019407
4357,0.06248268325464073
4358,0.12250141524381374
4359,0.01553876906111913
4360,0.00700590322785721
4361,0.28435619020369446
4362,0.048434284827392836
4363,0.03191949881305878
4364,0.044333025903183
4365,0.009696777089316346
4366,0.013265483498838495
4367,0.006300955400575938
4368,0.03750397138371715
4369,0.01264717614327354
4370,0.23753717215177403
4371,0.02020261150270856
4372,0.0613317869931701
4373,0.043500219141361124
4374,0.07123798426806195
4375,0.08175897608766489
4376,0.11354994290868449
4377,0.008401563768729877
4378,0.04190957019116847
4379,0.06298837792744598
4380,0.03563820866979649
4381,0.02419201872361901
4382,0.02273288625004428
4383,0.02464703951261808
4384,0.018007210935510016
4385,0.03895782655633064
4386,0.011805434117286495
4387,0.08844088329636705
4388,0.034017537098969416
4389,0.05338527538232481
4390,0.13666647020285108
4391,0.03875240704289012
4392,0.06113078830567052
4393,0.051816692254443714
4394,0.041456957239259344
4395,0.025352692834119915
4396,0.07468079326385592
4397,0.041098575697230244
4398,0.016059599698499533
4399,0.07067709381419146
4400,0.20798290066899355
4401,0.05022118253959524
4402,0.026874208304231543
4403,0.015991988787307836
4404,0.03966078563249334
4405,0.0035370866910196855
4406,0.131726111627601
4407,0.022872355198576288
4408,0.0988689046192026
4409,0.08672147480674784
4410,0.024864072004408565
4411,0.01525225564638144
4412,0.01835075466261467
4413,0.032152958505436736
4414,0.033883147126317514
4415,0.032224237206913336
4416,0.21666816201116107
4417,0.0038021744626646372
4418,0.013800071681723567
4419,0.07855045418145572
4420,0.015317916093756722
4421,0.02074093181321065
4422,0.008036472221797137
4423,0.16437933612987204
4424,0.009427221458568941
4425,0.037108480264661854
4426,0.01216003710121626
4427,0.05670086528165431
4428,0.09753882913314846
4429,0.04489076817122441
4430,0.006790422101635646
4431,0.01289011016848893
4432,0.2121574278794377
4433,0.05384902403378195
4434,0.027289184655451344
4435,0.006571345854547347
4436,0.034247396119723834
4437,0.01699600258402733
4438,0.09564205638220998
4439,0.28786387396701457
4440,0.07484224643135773
4441,0.011242369369939813
4442,0.059386004354808945
4443,0.015423080355576936
4444,0.011914395158809817
4445,0.039645697751587904
4446,0.11739685000233681
4447,0.016444957381746558
4448,0.01335331481369522
4449,0.037435294856194755
4450,0.17272019797340415
4451,0.0174221668140047
4452,0.017829455436339608
4453,0.008133764667059092
4454,0.016275540356012846
4455,0.03641381417172219
4456,0.014912302829111133
4457,0.03648155407175393
4458,0.036201252106507355
4459,0.07003670542817211
4460,0.017018530525583105
4461,0.03726843231781025
4462,0.24144774037050354
4463,0.046572319755129286
4464,0.025548441300577724
4465,0.05781378747335148
4466,0.016747946645016738
4467,0.10295077657935892
4468,0.016799029816338563
4469,0.01652908596493618
4470,0.07093962227800503
4471,0.09955612151692515
4472,0.005418778318096702
4473,0.01635904658295042
4474,0.11257965983028376
4475,0.08926165508669495
4476,0.22544599306783136
4477,0.010338798921665828
4478,0.026645101053799743
4479,0.03867648094783914
4480,0.1584647383685803
4481,0.07377549419205862
4482,0.035437222471912215
4483,0.029434007002222734
4484,0.01824068733447228
4485,0.16732671092188253
4486,0.014330467193202353
4487,0.013774027603308035
4488,0.06108241808229177
4489,0.028624483999446775
4490,0.048434438018199556
4491,0.005081912047217289
4492,0.037532863875947044
4493,0.09522949031593556
4494,0.029938612398231066
4495,0.032696072371264054
4496,0.026050208857374767
4497,0.28440835811723325
4498,0.02712619326706937
4499,0.012790286017844125
4500,0.007143749752502287
4501,0.0188199602754918
4502,0.06166713765606086
4503,0.02680724032197295
4504,0.003428922059927214
4505,0.2383371919695293
4506,0.005670627335598576
4507,0.024820503444703886
4508,0.03228332410313396
4509,0.17497148284258693
4510,0.17261481000323672
4511,0.20638861645880857
4512,0.009869502971764673
4513,0.044793848779933594
4514,0.020665958006946764
4515,0.004831307007403059
4516,0.040827288194232376
4517,0.17950062298886013
4518,0.016392281754172355
4519,0.023302124708330384
4520,0.22737894444386642
4521,0.04482692936113151
4522,0.033829761522959974
4523,0.04141375132591495
4524,0.00033594379362176293
4525,0.03967435028091055
4526,0.08041577973756868
4527,0.05151605752951478
4528,0.0483690477465121
4529,0.040203858465984024
4530,0.19086690263508696
4531,0.006004647919934346
4532,0.07576978346573274
4533,0.24691440987366245
4534,0.014498256303724203
4535,0.02066937670106292
4536,0.005099288870261508
4537,0.0376885163566277
4538,0.02261317711504186
4539,0.02842652731863898
4540,0.08927762178389458
4541,0.1353309969051262
4542,0.05664985533758164
4543,0.0532290134822569
4544,0.010542170527957308
4545,0.011507468520354495
4546,0.2436042023050192
4547,0.007391620872778175
4548,0.07266876255181128
4549,0.06263855322327071
4550,0.03312806877247047
4551,0.012708489990784035
4552,0.016461094337277264
4553,0.013208883985499681
4554,0.07634584101031192
4555,0.02763228659543997
4556,0.044156642822723316
4557,0.0081663245784977
4558,0.0028062838464592323
4559,0.02663225812611082
4560,0.0071993376605071786
4561,0.007979140088988314
4562,0.014473088975411188
4563,0.09806792303562005
4564,0.13133463240877313
4565,0.12312231841091659
4566,0.004524421021331124
4567,0.08157233238838485
4568,0.0019523457835546073
4569,0.080256690578607
4570,0.021256854708721667
4571,0.025970185995653663
4572,0.019412288722750765
4573,0.016637272257262442
4574,0.012892082317561122
4575,0.016304335633267636
4576,0.026576685008701074
4577,0.03295232901843395
4578,0.2276397732855548
4579,0.04111734822111242
4580,0.09969213206896513
4581,0.02722191644598327
4582,0.10039980533853676
4583,0.12846780920597428
4584,0.13035703602897208
4585,0.032025754862787574
4586,0.0659416143539407
4587,0.0027819203733007855
4588,0.024467543014007716
4589,0.015768810908662546
4590,0.017755683577898047
4591,0.04970185825463165
4592,0.026993255780511285
4593,0.03641938381556914
4594,0.06222150001115786
4595,0.0072489619224946405
4596,0.15715189535315585
4597,0.04593638348840143
4598,0.10779643103439453
4599,0.04173488049121887
4600,0.010289355305123234
4601,0.02616030136832345
4602,0.09687132932626615
4603,0.06147487274556311
4604,0.01633142632847604
4605,0.060027331933481566
4606,0.027818146188195943
4607,0.00533690368771631
4608,0.025241528225000528
4609,0.04447842945765808
4610,0.17518415248545888
4611,0.005893019979472321
4612,0.017239305715144548
4613,0.027594662052598484
4614,0.16468296849527234
4615,0.2795815700367892
4616,0.02438936691995547
4617,0.015429988319014803
4618,0.14526083650718338
4619,0.05216963288607968
4620,0.19218098366585937
4621,0.020315223863864914
4622,0.007357639162769867
4623,0.03973472508767893
4624,0.06062501813434511
4625,0.020920312460335086
4626,0.019717223584969638
4627,0.0316230956593803
4628,0.21481356383383476
4629,0.02545644719467754
4630,0.015772573964929072
4631,0.019672752754781288
4632,0.021134176310428215
4633,0.007860792097769085
4634,0.008557326894397694
4635,0.010930906269950339
4636,0.011206986138486528
4637,0.005437880151729601
4638,0.03837385306149612
4639,0.029931700268289882
4640,0.0295837223452683
4641,0.02128614459945023
4642,0.25790830666736736
4643,0.027190985141618867
4644,0.021111068782168133
4645,0.07656866231435579
4646,0.10817500230581999
4647,0.020749471987944013
4648,0.04443632293690985
4649,0.00996893282666545
4650,0.03322494539646601
4651,0.028961736072314816
4652,0.21484978246575506
4653,0.054569105196932824
4654,0.22193011575620689
4655,0.04248147333007269
4656,0.14140262293359301
4657,0.0369527554585715
4658,0.007806995274648931
4659,0.0324130832902856
4660,0.06892776949592076
4661,0.012127975026561716
4662,0.06982143415940305
4663,0.010014201868399557
4664,0.05337962231733909
4665,0.022282683105580414
4666,0.06536692887236516
4667,0.007403412114655829
4668,0.0282557508293453
4669,0.10089093042357795
4670,0.037886729349520525
4671,0.041660968527613265
4672,0.03276818685591345
4673,0.031795203643824696
4674,0.035359508304992356
4675,0.018974030631464186
4676,0.00815294858140154
4677,0.06386152661418464
4678,0.019777900151553184
4679,0.07242496421355711
4680,0.04347699647066957
4681,0.017722168993645575
4682,0.08318247061608382
4683,0.09412714369191778
4684,0.010019982557257787
4685,0.04884017763856942
4686,0.04030483548549755
4687,0.04390347446835662
4688,0.014439776504571561
4689,0.022520751613781163
4690,0.11601764661901377
4691,0.024917150209980296
4692,0.03585812403078885
4693,0.02139514127489915
4694,0.13212328766804946
4695,0.04139175695500757
4696,0.13280286607430808
4697,0.28621887836675586
4698,0.003385301788767732
4699,0.022868537033639558
4700,0.012332730741551515
4701,0.11331375795654773
4702,0.01262637771346249
4703,0.025808901746004594
4704,0.12121138498491128
4705,0.01979723584862749
4706,0.032151948172702914
4707,0.06762221901462902
4708,0.1524641097140471
4709,0.16998414463478081
4710,0.028928713170242575
4711,0.09164477753873129
4712,0.009906770656297885
4713,0.013767500149386068
4714,0.027669463788159824
4715,0.11852269967446444
4716,0.07028541041799603
4717,0.02600635992764319
4718,0.02727964182726992
4719,0.13110159581233394
4720,0.03507608458511767
4721,0.01670634460665789
4722,0.0764394285382549
4723,0.03357851393615679
4724,0.039414668543177954
4725,0.027135691724704876
4726,0.2049297786072915
4727,0.03635287054484332
4728,0.011908965507949846
4729,0.023089901796723954
4730,0.020657737798351675
4731,0.0053645266059170965
4732,0.01347232092620967
4733,0.1282619865354468
4734,0.006802159123151871
4735,0.007783748743694606
4736,0.048621483534003467
4737,0.006611449709510859
4738,0.023611017020077233
4739,0.014545468966868274
4740,0.013260112232926894
4741,0.008541133624549696
4742,0.050566079684553907
4743,0.05121017282196617
4744,0.10063124255587966
4745,0.025940747032637032
4746,0.0167384769790104
4747,0.03646548453070847
4748,0.023461009359876203
4749,0.021120727363597203
4750,0.07308398891085668
4751,0.19633252999135437
4752,0.05614219372694192
4753,0.0223231858891394
4754,0.015057352753074769
4755,0.02038640251343293
4756,0.08280521203742171
4757,0.18094191302462884
4758,0.020878482278678764
4759,0.1279090511707145
4760,0.054018481999888734
4761,0.10882219095601178
4762,0.013179854689932248
4763,0.03487990820932365
4764,0.00410366886709148
4765,0.032549134207153003
4766,0.02347200565130878
4767,0.055111638047686116
4768,0.09291202094969535
4769,0.007765315959949001
4770,0.032605490578024005
4771,0.021772191113636805
4772,0.05209833488004259
4773,0.012806209467243973
4774,0.051486695324861324
4775,0.019526820725533096
4776,0.06251333189881814
4777,0.09346359614038124
4778,0.012227860840096583
4779,0.014195195448361734
4780,0.03170130490318363
4781,0.01370854087294144
4782,0.03634708179661713
4783,0.01068612400348965
4784,0.015363201703871822
4785,0.040444205426998885
4786,0.08187284862920571
4787,0.012738796711560859
4788,0.0054648201817228265
4789,0.014524880778579843
4790,0.060012704098002516
4791,0.018924568410617314
4792,0.04115089152469603
4793,0.0256853846201884
4794,0.042302054917583425
4795,0.013468053282690387
4796,0.02747821617495111
4797,0.02058806529477928
4798,0.03375785923637099
4799,0.0247526671374775
4800,0.06127702994075437
4801,0.012286131606300562
4802,0.02999678805509857
4803,0.2912800427570851
4804,0.016399069896112922
4805,0.023755753547657625
4806,0.052390273943296
4807,0.007470086270320989
4808,0.0274721750913809
4809,0.014962362887149585
4810,0.033768188283176175
4811,0.18772502455583642
4812,0.01377383407217207
4813,0.022395896815831585
4814,0.01649375033274344
4815,0.0073424437386066035
4816,0.01883758547867715
4817,0.09429106160514499
4818,0.036611062847962506
4819,0.22762894586585392
4820,0.04450148212683232
4821,0.02201596623437735
4822,0.02368269562289697
4823,0.0676091836975898
4824,0.0040926964876087666
4825,0.025819594967987896
4826,0.019670404011274484
4827,0.040580713116404314
4828,0.0292498968954993
4829,0.015455635274606661
4830,0.026018192585872246
4831,0.045638173101644496
4832,0.021352483493053687
4833,0.015489497201047179
4834,0.05401231320056921
4835,0.014096373178267669
4836,0.005293955016638576
4837,0.027507825447278363
4838,0.026156144297867074
4839,0.07324587765417952
4840,0.01628503048420547
4841,0.07486908087450624
4842,0.06435192028776848
4843,0.04517307982386098
4844,0.014115835766617258
4845,0.03353699384492609
4846,0.012347006471480052
4847,0.010269691510568947
4848,0.04815332809500001
4849,0.028347695686036175
4850,0.016266567105875505
4851,0.02201585525784833
4852,0.045909678455305365
4853,0.09655195439341001
4854,0.07432783164761181
4855,0.09258519873456257
4856,0.051042609371302
4857,0.03575947951963701
4858,0.11108660768599389
4859,0.06807022483119159
4860,0.007473610044787187
4861,0.01950738166913972
4862,0.14157601550121435
4863,0.025981856629425697
4864,0.017698236964207793
4865,0.022308671868655282
4866,0.027072327450919587
4867,0.007177367499429021
4868,0.058795273288563585
4869,0.032869520568045325
4870,0.056357097350766806
4871,0.015175020023474643
4872,0.05163527307719621
4873,0.1682218656532312
4874,0.19368532126564508
4875,0.02338405825897668
4876,0.038227762117956816
4877,0.010182692026392711
4878,0.04780652381538921
4879,0.011679644996844974
4880,0.005118959092015887
4881,0.12216207150609375
4882,0.01698282856220974
4883,0.0631181347843755
4884,0.012169590579533046
4885,0.0394375413903359
4886,0.07318645455979053
4887,0.028798782819725637
4888,0.0964761858596343
4889,0.017745783065146015
4890,0.08721480780878849
4891,0.006009577991669561
4892,0.01635566793162632
4893,0.02294523028038978
4894,0.011424117506669829
4895,0.14416848922893757
4896,0.07611300969195087
4897,0.01719378370091828
4898,0.008377969252556003
4899,0.007291741711900747
4900,0.04176235757909691
4901,0.015485303908957596
4902,0.01592956871354318
4903,0.013008152077330875
4904,0.022028406757848736
4905,0.045917767295612935
4906,0.0781137214787602
4907,0.033699099218456735
4908,0.017093031702616803
4909,0.027869510488376062
4910,0.030771006765050356
4911,0.04210223194193434
4912,0.01009963234294629
4913,0.05543972192920246
4914,0.01050495247106265
4915,0.07322395459222913
4916,0.0394316799973022
4917,0.033804785044138384
4918,0.2514481851016449
4919,0.07058002296613686
4920,0.041961853816718166
4921,0.029263226733702862
4922,0.015757116987358443
4923,0.058816928228807144
4924,0.01886665146476267
4925,0.010113764475740333
4926,0.02082628652161942
4927,0.17304021179466256
4928,0.04276915031128823
4929,0.09242519219499162
4930,0.10720838042342896
4931,0.05295503663429844
4932,0.13786482553707963
4933,0.18248350957225204
4934,0.029318932380701872
4935,0.014226638123931627
4936,0.005481774228996582
4937,0.025398925222097968
4938,0.06054449786476982
4939,0.27967642853052843
4940,0.013633966941899204
4941,0.032460880334504366
4942,0.05991464550046451
4943,0.015205737111792437
4944,0.10042812744995662
4945,0.20862276607061914
4946,0.08190577831393785
4947,0.022488164929715643
4948,0.008509997851322953
4949,0.00892106686832475
4950,0.07411554142558231
4951,0.017846110129421184
4952,0.016605865345597094
4953,0.031016681801254102
4954,0.01231139014532495
4955,0.08519538454207526
4956,0.05779703251652385
4957,0.2586148413597677
4958,0.07809462408925597
4959,0.01915041146579593
4960,0.027457135479394233
4961,0.023152255874685005
4962,0.038932066136624595
4963,0.106004801246902
4964,0.009015182403578808
4965,0.014822327361133543
4966,0.029524664847498158
4967,0.006001517087506172
4968,0.012785109712824726
4969,0.020396755198938285
4970,0.0018643609788133143
4971,0.010191547956320386
4972,0.03938038951690194
4973,0.021666030939600515
4974,0.06640024647967144
4975,0.3141857876558517
4976,0.030630571188846316
4977,0.004841772612852285
4978,0.017303155546980156
4979,0.010051320362981408
4980,0.03984894182155551
4981,0.011251533334874667
4982,0.013613941039438028
4983,0.009288452051435447
4984,0.1351313392578574
4985,0.042877581140969415
4986,0.027015495021765607
4987,0.017726555046945935
4988,0.004918558448933206
4989,0.00394552414064758
4990,0.0178290943235879
4991,0.040233565833344496
4992,0.03309660191133251
4993,0.015367289358358792
4994,0.014523686951737813
4995,0.057814487924692945
4996,0.0836474611583494
4997,0.011151093804150962
4998,0.011505841884918678
4999,0.019890353383799728
5000,0.012953411175608843
5001,0.0799666501069431
5002,0.037214925252799194
5003,0.02053408997180333
5004,0.007154965853054217
5005,0.007817630316089058
5006,0.12535017289473613
5007,0.07833724705333082
5008,0.0005599358481003514
5009,0.13945468855097792
5010,0.012507368795263074
5011,0.013698972262306012
5012,0.09731178544589694
5013,0.016318000178930772
5014,0.14385848128913403
5015,0.018579459453405143
5016,0.011056515723565355
5017,0.06886875538428813
5018,0.02515950893511341
5019,0.011949815793732017
5020,0.051307178342453755
5021,0.01215890507865383
5022,0.07122519180663991
5023,0.0072459719568398395
5024,0.00593780542581516
5025,0.008937189040051453
5026,0.185277729122132
5027,0.41688434289378257
5028,0.023327215215135044
5029,0.096397599038159
5030,0.025599557738160382
5031,0.029207434182650538
5032,0.0059987911491438855
5033,0.036967012522617256
5034,0.012208228009970989
5035,0.008656091129788279
5036,0.032653366761602215
5037,0.03452735304643371
5038,0.036790726998544854
5039,0.024506965025058107
5040,0.02309711995108947
5041,0.010501437175085173
5042,0.02386284382617658
5043,0.03410797805524232
5044,0.056068336676297015
5045,0.0072926716177485595
5046,0.07023017252048465
5047,0.022696270595898904
5048,0.06877987830975055
5049,0.08284513781201254
5050,0.013181899227849948
5051,0.09585714227350847
5052,0.09582149107640081
5053,0.023903865074132155
5054,0.023508714353660042
5055,0.02567899642447371
5056,0.39892679416782445
5057,0.03448061130692622
5058,0.1883951141373742
5059,0.016863092519932142
5060,0.01875575627901755
5061,0.02732610998243421
5062,0.04895718075501588
5063,0.03633511286262293
5064,0.030355259639469154
5065,0.17463403010342152
5066,0.045555253007498166
5067,0.03463944301994562
5068,0.07495996663962627
5069,0.08804034229899542
5070,0.10578103835529952
5071,0.16907652360490044
5072,0.07830153745331682
5073,0.034558295926088216
5074,0.02334415409939977
5075,0.006616327897837989
5076,0.09478275971714266
5077,0.017735157996960262
5078,0.0015918652246692362
5079,0.21504294977529553
5080,0.16493847707339268
5081,0.06321598442819469
5082,0.010652512438972871
5083,0.05040017873269984
5084,0.023458081587580316
5085,0.021210864988539302
5086,0.13010628507281746
5087,0.06091765883040774
5088,0.0629129278530832
5089,0.039112447290652504
5090,0.016668292775127158
5091,0.006132986773071208
5092,0.032809148114045
5093,0.11127048926988345
5094,0.02630360171688901
5095,0.05264670773528129
5096,0.016491543690664596
5097,0.03720730717062093
5098,0.06956732951785673
5099,0.30301986169428613
5100,0.20688767196538407
5101,0.013055920730968297
5102,0.08597423605924052
5103,0.04426170582850416
5104,0.17790384969628928
5105,0.016818306018005776
5106,0.044116340116457986
5107,0.022905940845362904
5108,0.011599642478775951
5109,0.01231391455428957
5110,0.018667198466392386
5111,0.056786888041618654
5112,0.10850379029578076
5113,0.013811452285157452
5114,0.05058062089659881
5115,0.02002790084575545
5116,0.1791756593925273
5117,0.024670095806023064
5118,0.051161250421079045
5119,0.09308590779644718
5120,0.07178022017955066
5121,0.10512266349001041
5122,0.017002786312555137
5123,0.03351253071966606
5124,0.03261331601368467
5125,0.04209633018541991
5126,0.05024439467765212
5127,0.019052248787375832
5128,0.022287786762313862
5129,0.030253548310350813
5130,0.0733679439702009
5131,0.11645279849233899
5132,0.07267521012719638
5133,0.033533434804580306
5134,0.037659449488018956
5135,0.002063627266767349
5136,0.010819526038117512
5137,0.03495641513657482
5138,0.012709211632335978
5139,0.018810814430646566
5140,0.020421913019381805
5141,0.11319272152040957
5142,0.023049631373894753
5143,0.04073893006732804
5144,0.031058427157296703
5145,0.0431660507298791
5146,0.07440265483052635
5147,0.020918605728350723
5148,0.016615679479803268
5149,0.06815581646209909
5150,0.03601302219205169
5151,0.03523771397823513
5152,0.18131073249242266
5153,0.018600520527202766
5154,0.07149764687415266
5155,0.01661840679530282
5156,0.37835030377584766
5157,0.05710228318371224
5158,0.11292541239994447
5159,0.03428121187184833
5160,0.060150447018732005
5161,0.15742116420989594
5162,0.05309620873244208
5163,0.06634050545721293
5164,0.0046486334623542175
5165,0.06691371655731133
5166,0.038777977191338873
5167,0.02368054111877431
5168,0.060786848862117264
5169,0.007404581063314401
5170,0.3636895103670006
5171,0.03349920137144122
5172,0.44861221236884147
5173,0.07854339200199716
5174,0.039416491785633334
5175,0.16732588434817214
5176,0.05217148816402773
5177,0.0209364323012706
5178,0.006279640169310187
5179,0.02786456420481097
5180,0.23679692808440095
5181,0.008515926063171142
5182,0.012335004584479003
5183,0.12491619219156386
5184,0.02425486617520375
5185,0.04874670816923703
5186,0.023298332437166547
5187,0.12089475249809019
5188,0.005584216495161175
5189,0.03056168455330944
5190,0.07350972270158827
5191,0.07495689328879378
5192,0.030089760485441416
5193,0.008715953625901015
5194,0.007283761485475353
5195,0.027445961705880026
5196,0.06817265321707869
5197,0.03296524138422919
5198,0.09361840683809487
5199,0.025283892712445986
5200,0.04170572114552289
5201,0.010293137966638822
5202,0.011809393092791276
5203,0.05188900381388394
5204,0.024666466929373364
5205,0.05015072343294101
5206,0.1374644408489448
5207,0.02382610956850044
5208,0.04250739317332283
5209,0.0751589265080775
5210,0.05603070129627803
5211,0.010421104583433984
5212,0.011391392965649871
5213,0.04710963124225781
5214,0.0170940215198715
5215,0.11436615242095076
5216,0.031532357391309516
5217,0.017434873774538274
5218,0.006197782262572729
5219,0.04704842951524734
5220,0.33684294784088736
5221,0.07454062761585736
5222,0.02880625812573128
5223,0.22079033538473913
5224,0.0335735585943328
5225,0.016884898888464988
5226,0.014994699638713992
5227,0.025958802455023633
5228,0.003319826041722449
5229,0.205045250385047
5230,0.031526469203652506
5231,0.006147915780303636
5232,0.06280219365204284
5233,0.004808088052762683
5234,0.00769931385582894
5235,0.016005677423012413
5236,0.12907151285467533
5237,0.0381261786508903
5238,0.07436334973221002
5239,0.13946971190607085
5240,0.06592387898553305
5241,0.014353732568670216
5242,0.17880038730087572
5243,0.03726705330809834
5244,0.1695761947761711
5245,0.011979657516084739
5246,0.03019728489245712
5247,0.009450170839728943
5248,0.043943190779315015
5249,0.015568082170212959
5250,0.027778750107457385
5251,0.02270347866980746
5252,0.021442741623791596
5253,0.04538094679091565
5254,0.017171413003771407
5255,0.033835039221927404
5256,0.02927681498452112
5257,0.04188641727669399
5258,0.006217199610427671
5259,0.05309646842948078
5260,0.047520422658011624
5261,0.06995932277199665
5262,0.0016523950204578699
5263,0.023340182409934594
5264,0.11090221758253531
5265,0.019673377669645324
5266,0.032203174368902195
5267,0.40009273659449585
5268,0.03489620606914521
5269,0.05701325622845114
5270,0.22357728060927884
5271,0.0593666808386314
5272,0.12110111349619244
5273,0.1642601504719974
5274,0.0913591468445406
5275,0.020421318976590035
5276,0.03147170940575213
5277,0.041621794437681804
5278,0.02714169088512213
5279,0.03559355467786614
5280,0.013661992487867716
5281,0.011466012870750284
5282,0.020072529180154
5283,0.036932796257609334
5284,0.021591925322266482
5285,0.06501431376770009
5286,0.01217260453477817
5287,0.003014535899301693
5288,0.26657952052611633
5289,0.11344390828911581
5290,0.20668852357823508
5291,0.044256910301933426
5292,0.03425881044039795
5293,0.031593825566409404
5294,0.07560421115590431
5295,0.10872002911172436
5296,0.07359741699580236
5297,0.05251717739458167
5298,0.13189090108180954
5299,0.2614179519544001
5300,0.04394365202395996
5301,0.08827640019261683
5302,0.039625392906385684
5303,0.02144702044453884
5304,0.007722825908898539
5305,0.011957607161190471
5306,0.1017021930730768
5307,0.06733230461610598
5308,0.029669006934141224
5309,0.02212426964892801
5310,0.046351038591187874
5311,0.3135802267183283
5312,0.013512456816715162
5313,0.02807950972913207
5314,0.06467944600260442
5315,0.03457653146470762
5316,0.012250698004127035
5317,0.053290264200139846
5318,0.1532496008681395
5319,0.011226394486548443
5320,0.01922766360581644
5321,0.061536768103104655
5322,0.31606825680376766
5323,0.028407186930592656
5324,0.039204286042629766
5325,0.014528839814088102
5326,0.052225855894887284
5327,0.021876445820058668
5328,0.1291797849608675
5329,0.011245534676788052
5330,0.02626969548332062
5331,0.0652894322346658
5332,0.04505235668000628
5333,0.03038447456725978
5334,0.016045885368126678
5335,0.06682604705273981
5336,0.09634414924091415
5337,0.029348062376241556
5338,0.014283836768680383
5339,0.02010064137205605
5340,0.04425947013301904
5341,0.0618978591081481
5342,0.032197115121401554
5343,0.0041018799743118015
5344,0.043089173597819976
5345,0.09226453535748268
5346,0.07930953194753194
5347,0.003455981241801478
5348,0.03254546373319618
5349,0.017793349114545057
5350,0.12027509967390831
5351,0.012867076155932041
5352,0.07878121709719124
5353,0.02041129912633325
5354,0.07109604797553223
5355,0.014230763433088333
5356,0.054360183523939995
5357,0.049119590882540615
5358,0.014783228971613313
5359,0.0613261364777993
5360,0.15985565988917083
5361,0.01638198806451271
5362,0.037206366469077955
5363,0.0066568699126285475
5364,0.08822482802058554
5365,0.06192951405575557
5366,0.023101765501327216
5367,0.011574673775661036
5368,0.00828336290215536
5369,0.05217675048092701
5370,0.037472591763724014
5371,0.05209588495702668
5372,0.053332991975682004
5373,0.042347358530750855
5374,0.3401979636262328
5375,0.019927846787359985
5376,0.04528920514742459
5377,0.17134489177988607
5378,0.04944748648466277
5379,0.01626719135716344
5380,0.003595125714775787
5381,0.007194348895732555
5382,0.0180313632744266
5383,0.01200118309604705
5384,0.06587222873431867
5385,0.011997217670576488
5386,0.07004001364273249
5387,0.1137126324906878
5388,0.00784543000581353
5389,0.025405342474464316
5390,0.09101910756506039
5391,0.05356070946721357
5392,0.028717678371571086
5393,0.03045679467402944
5394,0.0888784225549748
5395,0.01765158732935235
5396,0.08066159309973281
5397,0.0786635087058774
5398,0.047546638502630474
5399,0.04570408891872151
5400,0.2866075431115328
5401,0.00992638164678856
5402,0.2045736053172106
5403,0.018158251450251604
5404,0.3565889464566139
5405,0.08965525059400857
5406,0.04134169639817289
5407,0.011396151213349774
5408,0.013103855089892185
5409,0.08919151615153272
5410,0.011293903288325852
5411,0.04711098874350969
5412,0.019970792788603815
5413,0.02229003968282624
5414,0.07840975129624833
5415,0.009735954919883529
5416,0.008114351150493153
5417,0.004213091192671225
5418,0.1323491298472696
5419,0.005419131561701035
5420,0.00915784067340056
5421,0.010163328833034068
5422,0.019658340577159237
5423,0.12555357126582473
5424,0.018297763400435228
5425,0.021234390669655736
5426,0.06144106883107648
5427,0.032372919606917204
5428,0.09891360926811915
5429,0.02986426293905578
5430,0.04908421462146126
5431,0.06475846345513017
5432,0.1763666783382641
5433,0.0037894645878403365
5434,0.011717426926927827
5435,0.020216231679763767
5436,0.3387060862287089
5437,0.023216902664181385
5438,0.07895412488910646
5439,0.031003915959231562
5440,0.01714357652825361
5441,0.026168202904988988
5442,0.025633368334067083
5443,0.018476943800901334
5444,0.1726543845912078
5445,0.04563927149484474
5446,0.0078064979659153225
5447,0.005537236956722871
5448,0.003607280681197912
5449,0.052247593141521796
5450,0.0037935983716474615
5451,0.01647822289373992
5452,0.006594748040547283
5453,0.04748340481125437
5454,0.05847326627473595
5455,0.07269143121683717
5456,0.006888913879411251
5457,0.13956933603009855
5458,0.03282928935334867
5459,0.015168733504686525
5460,0.11913260744478235
5461,0.04768655681845537
5462,0.01468551234046596
5463,0.04322415684566691
5464,0.03189617738784569
5465,0.08809113773682505
5466,0.011068084784604896
5467,0.34193202177895726
5468,0.03749575666698613
5469,0.030893303166929495
5470,0.02047541870422856
5471,0.013803746941250276
5472,0.11458671263910342
5473,0.011971093077021837
5474,0.08743844552005026
5475,0.026309392594324528
5476,0.09067701459558772
5477,0.010046666484563047
5478,0.04765040139268848
5479,0.011719833900803726
5480,0.046904083056626196
5481,0.13166322021333673
5482,0.06373100073784639
5483,0.0657777449640741
5484,0.04261801550208255
5485,0.017980720424107637
5486,0.077253993053615
5487,0.011726244752787064
5488,0.02470706341832915
5489,0.017235503947987042
5490,0.009871190893562903
5491,0.17221173730234857
5492,0.03274435854412732
5493,0.18662433529879577
5494,0.008593291866656253
5495,0.016611428749714607
5496,0.02525450063081615
5497,0.022519307991367112
5498,0.00922351637181848
5499,0.05545666070861006
5500,0.006658905890981422
5501,0.040038368714857026
5502,0.10765879217724568
5503,0.07451930802531724
5504,0.03082887919119159
5505,0.16410577588062036
5506,0.010155681155929007
5507,0.01535876331872694
5508,0.015820735596522868
5509,0.04543420684803477
5510,0.023742650588510696
5511,0.014710765442800085
5512,0.08293926847146041
5513,0.04242838194266698
5514,0.0212428438079444
5515,0.05441017883135988
5516,0.00861838378386917
5517,0.04626216223458155
5518,0.04960780744807037
5519,0.20781154049328962
5520,0.04456939479733287
5521,0.007004978630800336
5522,0.05121534140376759
5523,0.006787757242985797
5524,0.06250429363103478
5525,0.13154213105583937
5526,0.16229675142672906
5527,0.0201524338862519
5528,0.003483806663139153
5529,0.04821073350665675
5530,0.024697783702882194
5531,0.07190763724838757
5532,0.02267923650557221
5533,0.03753710643814984
5534,0.023504860232536288
5535,0.01970713989078205
5536,0.011842417192523762
5537,0.2712326587664517
5538,0.1926517720427491
5539,0.025628850590897784
5540,0.011572757825710827
5541,0.018560898160073808
5542,0.0035901183522498866
5543,0.024183993706256738
5544,0.011855775149126509
5545,0.03222247922566136
5546,0.02058953078076824
5547,0.15297170514584651
5548,0.061379108005124784
5549,0.07321950664077334
5550,0.012133039603995439
5551,0.15996219421757568
5552,0.02213372384026242
5553,0.0437611819029983
5554,0.051498128157082476
5555,0.031781158480815835
5556,0.07139846905644401
5557,0.0184426117182572
5558,0.20772108772046388
5559,0.04929213309656768
5560,0.010093887895549212
5561,0.10435358440087959
5562,0.02360208892812929
5563,0.024885416312326523
5564,0.009556814877475076
5565,0.02101391136776985
5566,0.02062011376502343
5567,0.009608270272656521
5568,0.12126933005428343
5569,0.09589978389242243
5570,0.035797749383552
5571,0.009659822741987841
5572,0.024074870589525628
5573,0.04000002290359698
5574,0.03328378354610234
5575,0.021903467605062572
5576,0.025650172140297158
5577,0.23884086172323535
5578,0.12801592394364628
5579,0.03189289238043412
5580,0.057066739462979785
5581,0.19015323976631068
5582,0.041690294434910284
5583,0.1799235212494267
5584,0.024688407716665424
5585,0.028935028292748823
5586,0.004582383327801958
5587,0.03616729306374302
5588,0.03883633944009668
5589,0.04225253815297464
5590,0.09761475196924516
5591,0.019232282456450814
5592,0.036225399966381494
5593,0.049887465686546846
5594,0.021860268380139276
5595,0.06080288631507466
5596,0.02639465080454293
5597,0.011296000948060624
5598,0.02644756651080118
5599,0.062980259000983
5600,0.03189766564334008
5601,0.08070004389805502
5602,0.043471664989006537
5603,0.04175521745171687
5604,0.025618163643256985
5605,0.02987124901646488
5606,0.03567400680897633
5607,0.1165338862955887
5608,0.18444327707390168
5609,0.0443087531715984
5610,0.02708648559128188
5611,0.029105341186939068
5612,0.07740305010827342
5613,0.07776230941119003
5614,0.00606076388424182
5615,0.037727178631556856
5616,0.02626294904558476
5617,0.06755651325003187
5618,0.08375017546745313
5619,0.0032644541936390015
5620,0.2054508582084825
5621,0.06748868578054465
5622,0.16810345987007463
5623,0.026527428152916477
5624,0.04447609317729959
5625,0.02047912036708277
5626,0.02803071506956837
5627,0.004859523357708341
5628,0.03129287741320445
5629,0.11241857059193258
5630,0.012922469404778281
5631,0.01209411343646831
5632,0.08970273433889286
5633,0.15161717948513317
5634,0.08351939684878128
5635,0.037977778204021394
5636,0.05523807048952288
5637,0.014412803573541704
5638,0.009690489377665215
5639,0.06831546947433156
5640,0.0224645294010717
5641,0.012838337430926874
5642,0.15335276316977092
5643,0.17387671901302706
5644,0.03381630798473183
5645,0.014678479740206096
5646,0.08041252591806532
5647,0.01623201964166658
5648,0.03526872371430658
5649,0.009544857746282758
5650,0.02137491578524082
5651,0.0793804080972322
5652,0.03580887050019583
5653,0.027066548299827634
5654,0.05297705325283479
5655,0.21898953608392058
5656,0.03263209246629027
5657,0.010028139486707121
5658,0.08844506648972522
5659,0.1576210214158963
5660,0.018625886867924334
5661,0.07599308953382504
5662,0.05877480199259471
5663,0.0143601028322113
5664,0.02088825800517757
5665,0.026092589389138526
5666,0.00397905056354888
5667,0.06029668523460904
5668,0.023686031252938045
5669,0.0718007770448969
5670,0.006787303391106893
5671,0.0592392198007987
5672,0.2307287025460399
5673,0.0036032114145952516
5674,0.012042027011723678
5675,0.031961318031303795
5676,0.013230985390629555
5677,0.060526006268324384
5678,0.039746412807251795
5679,0.04703377750534852
5680,0.023184891542346906
5681,0.11960951652413322
5682,0.01576448223787063
5683,0.012153130562680614
5684,0.07761766568964669
5685,0.02385911410648221
5686,0.11433266741870407
5687,0.0455246941163795
5688,0.020028671461111727
5689,0.03316265059875285
5690,0.016659419747851636
5691,0.026385221839637724
5692,0.026244317263951916
5693,0.008757767448709439
5694,0.02208557392669668
5695,0.08569801198795264
5696,0.04857875725954945
5697,0.0046284188212910565
5698,0.05008946571308875
5699,0.028730870858409238
5700,0.03250268297268116
5701,0.09089694850225566
5702,0.01837767446027083
5703,0.010195805922280093
5704,0.012748345867405713
5705,0.06620194897116166
5706,0.01579666236829334
5707,0.024749446457773973
5708,0.21796639368764262
5709,0.22251367813349548
5710,0.02875561670919281
5711,0.015185210323035036
5712,0.20059026362134108
5713,0.02466989873508183
5714,0.05259589567636625
5715,0.07397435308290035
5716,0.028625696137133297
5717,0.036769990306779736
5718,0.026761410465101172
5719,0.021310229690109334
5720,0.02516294827611413
5721,0.045155093132170816
5722,0.030263837116902847
5723,0.020870073696083343
5724,0.07508203212474653
5725,0.10386104964427655
5726,0.02856808868156329
5727,0.034527828952989455
5728,0.023281151971713286
5729,0.014620738553693875
5730,0.032226366913657205
5731,0.07739091320972476
5732,0.028754383733437548
5733,0.026731696186804297
5734,0.019706542085626867
5735,0.043842217639435216
5736,0.022729301348234348
5737,0.04712707095560293
5738,0.026756558915273912
5739,0.054729030866411864
5740,0.03672712927504705
5741,0.01681018104603978
5742,0.09350852359527254
5743,0.014306544270633903
5744,0.024848600643996424
5745,0.027244370425347015
5746,0.012868180897870174
5747,0.02844916645433723
5748,0.08115122895350074
5749,0.01982362917087111
5750,0.09167248285081471
5751,0.02984727907937448
5752,0.029317071349155024
5753,0.09590825795120554
5754,0.024781314369818525
5755,0.011384939471058344
5756,0.03411974999321277
5757,0.029542250178788643
5758,0.03777883895761355
5759,0.015341953355352976
5760,0.023417171749980856
5761,0.013841080662802149
5762,0.01223442426331939
5763,0.03131129142235869
5764,0.02425582903058702
5765,0.0437196393305948
5766,0.027997048926257942
5767,0.10936142080788407
5768,0.012431515802176865
5769,0.028334384079819305
5770,0.04071109098057973
5771,0.10277381943772877
5772,0.14414884430603117
5773,0.013589737259043364
5774,0.010692693266474564
5775,0.03291331492873814
5776,0.03053316324771742
5777,0.01180899527636719
5778,0.023204087201281604
5779,0.041549015856561206
5780,0.006373365800267216
5781,0.0335185702558499
5782,0.031038420453159028
5783,0.03656947816511962
5784,0.012147132242337778
5785,0.01705650675133275
5786,0.19244211464127747
5787,0.016642383780549476
5788,0.02724088234311867
5789,0.021322895983227147
5790,0.04112579117413424
5791,0.05748971039499872
5792,0.007272235130949068
5793,0.006464373922714167
5794,0.060622952821707106
5795,0.025205783441025417
5796,0.0043542219333134345
5797,0.011306586157333213
5798,0.049801756332467376
5799,0.04250209356218153
5800,0.010564843178251113
5801,0.036981176273794616
5802,0.012454837218005024
5803,0.047221390285830805
5804,0.03253914097650537
5805,0.037111467409834585
5806,0.008572151617705996
5807,0.05842781936682532
5808,0.023158664952816984
5809,0.07204081854945281
5810,0.10738518637192887
5811,0.029444088895554246
5812,0.04591012784229479
5813,0.02587574930296665
5814,0.007859665063000837
5815,0.01553744856334008
5816,0.012669929687759374
5817,0.03097597429799114
5818,0.05927107820114074
5819,0.013130684268523759
5820,0.18997447427626382
5821,0.09412792511219735
5822,0.05975569144226023
5823,0.01725011522442854
5824,0.09197471584901043
5825,0.013579051170822873
5826,0.023593512292236597
5827,0.4334881810033013
5828,0.023212448681620094
5829,0.039149806881687864
5830,0.020361422197457898
5831,0.16904771530248486
5832,0.003695451728736376
5833,0.02242686830650176
5834,0.009190804782767058
5835,0.012772151833905605
5836,0.038832533708665795
5837,0.06157850207458128
5838,0.010400388354186727
5839,0.010310892871748785
5840,0.034040759428130195
5841,0.007448593035219829
5842,0.04208701501891957
5843,0.04657563355485091
5844,0.008347813811089465
5845,0.02470153695530253
5846,0.05918701256655248
5847,0.020592937155221945
5848,0.06241019145758274
5849,0.042562541264457285
5850,0.022068683183134027
5851,0.026933211945487926
5852,0.0184007255838933
5853,0.034484739606634694
5854,0.040648358364949996
5855,0.03172891347542316
5856,0.07215070318019635
5857,0.06549494537976139
5858,0.0458612402840766
5859,0.18213013068645278
5860,0.03163664790307802
5861,0.06253799816876614
5862,0.04468285270552598
5863,0.05747055997344208
5864,0.046490089232495035
5865,0.034286303781259984
5866,0.01717181134147052
5867,0.024964501327487794
5868,0.11314000157890765
5869,0.05559650259535406
5870,0.04601703174083839
5871,0.01584524029766194
5872,0.021670439073932363
5873,0.02125515070576188
5874,0.023888615578282753
5875,0.02169219666535492
5876,0.02291195369720257
5877,0.012230820101203134
5878,0.009586924350666028
5879,0.03705401547379757
5880,0.01296679947551586
5881,0.009234072233465717
5882,0.19543003873133302
5883,0.08564438038718496
5884,0.12243400978440509
5885,0.06340426994980786
5886,0.039394997884336896
5887,0.007054940624393353
5888,0.04694940688181627
5889,0.059005386854677794
5890,0.034223695353004735
5891,0.01346741893243488
5892,0.053426243741769686
5893,0.11045708891099917
5894,0.021589384960441927
5895,0.005880017850535829
5896,0.029476271840726022
5897,0.034842904513691215
5898,0.032097317804032396
5899,0.10029993510328959
5900,0.05971728780745245
5901,0.04600347789129557
5902,0.027214525526010707
5903,0.03897902138652196
5904,0.02195198219393566
5905,0.07963522541458194
5906,0.005737616017563551
5907,0.04077552535769262
5908,0.03208559081761974
5909,0.06038038791892706
5910,0.009882963490248985
5911,0.055532138507350684
5912,0.0200506977003754
5913,0.014074933551477315
5914,0.004954339510249388
5915,0.03253161955148392
5916,0.013296757347415535
5917,0.06009902723220795
5918,0.007459537022355325
5919,0.0077362304905097545
5920,0.25288421126987354
5921,0.016684271033465925
5922,0.04364605047099199
5923,0.02568213112052168
5924,0.016229086998193355
5925,0.06867966399489447
5926,0.09959219996687739
5927,0.029771917443310952
5928,0.04187949043405952
5929,0.05496856832308228
5930,0.031868913409398486
5931,0.005852880266636574
5932,0.11858523109875342
5933,0.058081625116414584
5934,0.024734389739308124
5935,0.017645646301967733
5936,0.13535444140584815
5937,0.07710533551328512
5938,0.0030520446697646017
5939,0.07359592100730566
5940,0.00431642992500466
5941,0.06462309530944454
5942,0.03557452504590426
5943,0.029143217644296227
5944,0.1283576061637388
5945,0.43579909532946665
5946,0.031252246784459106
5947,0.022280601300988807
5948,0.022497822805780318
5949,0.02411211526133168
5950,0.024754975402502617
5951,0.080404127722105
5952,0.032375582363076895
5953,0.10856560849446364
5954,0.04691763523315336
5955,0.025576004602374733
5956,0.10625404033293695
5957,0.23118204389265057
5958,0.02509545829914084
5959,0.02989422438424366
5960,0.2623329892675365
5961,0.036012722257415405
5962,0.1679082627864712
5963,0.024072099224069433
5964,0.02272250034645485
5965,0.08080369000407138
5966,0.15117900241519736
5967,0.03645854127177937
5968,0.07451811002330978
5969,0.02926150393833773
5970,0.011392499814025767
5971,0.04088061807066204
5972,0.030719650091511116
5973,0.06498265356501498
5974,0.032798474055009304
5975,0.037601861670838545
5976,0.03401130025696962
5977,0.08524131118636213
5978,0.043713535801169955
5979,0.008194166224415642
5980,0.047368328083730454
5981,0.040886008823485365
5982,0.013776988965924934
5983,0.24972330021954348
5984,0.019893835004750723
5985,0.027354248072772838
5986,0.028168552258199156
5987,0.03307357050326228
5988,0.01215744974921664
5989,0.039709559973080635
5990,0.04133903124799973
5991,0.09270528313907528
5992,0.029344167155257565
5993,0.01660789520947932
5994,0.05914223954362729
5995,0.018724672039121766
5996,0.03217373524898211
5997,0.018593178649221404
5998,0.0775258977451866
5999,0.14945810057566655
6000,0.08364721783294922
6001,0.03886701657890647
6002,0.033342289421332695
6003,0.1093265479096701
6004,0.024156174568098338
6005,0.016948924449563613
6006,0.009842836255032204
6007,0.013047365217744071
6008,0.04219816220342931
6009,0.022676686587613494
6010,0.029567880961894447
6011,0.002943001976420996
6012,0.05741343401082909
6013,0.016015454069782952
6014,0.20255550357946014
6015,0.043772211195468994
6016,0.05366521942294351
6017,0.20391242988723934
6018,0.03601384090192964
6019,0.021258370926406055
6020,0.014026494978208884
6021,0.09238734061544168
6022,0.03423997773338742
6023,0.08148204546383217
6024,0.03952147244717372
6025,0.06322781547613018
6026,0.17031960235553395
6027,0.16771764162833716
6028,0.022952244388850622
6029,0.05633651479466516
6030,0.1467739121857509
6031,0.05035350967582018
6032,0.1670259640527377
6033,0.01637952881010314
6034,0.020894689489558887
6035,0.007807087244919752
6036,0.03351899544296043
6037,0.06542054948033951
6038,0.03746481963151188
6039,0.007965632890287233
6040,0.029929370922999694
6041,0.031808247125661986
6042,0.0888623063500235
6043,0.015934809665547903
6044,0.006393409019566191
6045,0.006071182027380046
6046,0.03362072156722352
6047,0.04067145733843939
6048,0.020845787865409644
6049,0.0420869526208614
6050,0.07220677861677795
6051,0.1210035653019669
6052,0.16517202239188863
6053,0.0059978134341777895
6054,0.012112898864456585
6055,0.10606173976611237
6056,0.039461350911585584
6057,0.00686571676225008
6058,0.018959023954333003
6059,0.05359304486794341
6060,0.07308301105556603
6061,0.031769078303218554
6062,0.03730016666739317
6063,0.13832912818909715
6064,0.041096204427200134
6065,0.01699737420886534
6066,0.1255237390831675
6067,0.02168043398168133
6068,0.014412936130362514
6069,0.025198304124243863
6070,0.14599098247330905
6071,0.00569995734428284
6072,0.03491235445018228
6073,0.15913122355328102
6074,0.06779155030858051
6075,0.023962002676472877
6076,0.032303855819340796
6077,0.013385043781803855
6078,0.007481562792141042
6079,0.08074104551835022
6080,0.03794512529651928
6081,0.14740165457823096
6082,0.034860178131324616
6083,0.05237182435190916
6084,0.03685281468645494
6085,0.008860565696520979
6086,0.022916317650457253
6087,0.03984848997570582
6088,0.0063883190921778165
6089,0.009761554153521243
6090,0.010192326863678604
6091,0.15024942605214317
6092,0.08467893520161036
6093,0.04279295401534953
6094,0.008893990129091842
6095,0.054629422133185515
6096,0.007207198235860864
6097,0.026101235422233506
6098,0.3125239401094479
6099,0.005606414924875523
6100,0.021786189722098167
6101,0.025580501002293757
6102,0.027186412527999207
6103,0.010599329217096432
6104,0.06179579746990614
6105,0.05733607034295304
6106,0.03179637473463636
6107,0.05890329244190556
6108,0.11439188985362624
6109,0.016137882656036568
6110,0.1720162326382837
6111,0.033096196993789954
6112,0.022717630472741723
6113,0.04140542753884973
6114,0.005359901924447099
6115,0.006213667148282831
6116,0.014793947766270113
6117,0.03710153188604766
6118,0.06753915415151807
6119,0.06713507039598643
6120,0.03248896361907201
6121,0.014190211235140335
6122,0.21548922671839582
6123,0.06179831582674086
6124,0.03656916794782423
6125,0.07305339328293964
6126,0.11647536371680609
6127,0.03494350396686509
6128,0.04238456335419668
6129,0.13461930345049183
6130,0.04478138834500783
6131,0.024176270118635816
6132,0.023143923058312157
6133,0.023558010406143505
6134,0.022777242674663998
6135,0.037885344395256766
6136,0.06637093694884053
6137,0.014478312730546236
6138,0.010151698580427715
6139,0.028260312355508712
6140,0.017756338862159354
6141,0.038294761556481004
6142,0.016979649478968493
6143,0.07265461895347937
6144,0.016649414447738087
6145,0.031036137092897164
6146,0.03025313479641441
6147,0.02169171001849795
6148,0.008369696131499321
6149,0.014546658322508475
6150,0.017795684815647635
6151,0.16104303072743908
6152,0.02763898846241038
6153,0.037340739255200255
6154,0.021680674435473283
6155,0.10388392927242834
6156,0.07996262175279958
6157,0.04722509722510098
6158,0.09403952424392385
6159,0.0767158765464891
6160,0.15645705084782413
6161,0.0013916947064461385
6162,0.013257742188606363
6163,0.0071497592516399245
6164,0.034975203198386054
6165,0.20229994907640247
6166,0.2853886668770625
6167,0.17464347972768846
6168,0.009538607606130923
6169,0.10516898123006968
6170,0.012393763280880429
6171,0.11368871680573844
6172,0.010325344031681146
6173,0.010455668870118518
6174,0.05956097539983502
6175,0.04598393763356433
6176,0.03203685393769819
6177,0.036556882332249914
6178,0.03484059845427393
6179,0.042274555582480756
6180,0.12774946571616141
6181,0.16248530936255962
6182,0.024396174393695406
6183,0.04304842507947551
6184,0.004508582896956442
6185,0.0810812288193362
6186,0.02658268336308228
6187,0.40120252499531095
6188,0.006639824530349206
6189,0.09754924281168886
6190,0.06913048427007669
6191,0.03032492478475764
6192,0.018742814383802025
6193,0.12219062110980725
6194,0.024916131648788278
6195,0.06351565704062101
6196,0.11803902330439564
6197,0.06944007488319594
6198,0.03335349127951199
6199,0.014068792162731252
6200,0.030292706440039178
6201,0.05359914392192596
6202,0.040605332325013614
6203,0.039278595408590064
6204,0.10179727321954497
6205,0.039968041719789404
6206,0.008540737171781207
6207,0.01786953039659816
6208,0.01476035858732744
6209,0.025828963004764977
6210,0.037167558371478206
6211,0.029824279524259697
6212,0.006210199022330084
6213,0.02413788249285394
6214,0.002254124682668309
6215,0.023592444261326
6216,0.021363578548149558
6217,0.0290912624945863
6218,0.06272091550734248
6219,0.004104339208599708
6220,0.2585093071325141
6221,0.0031419424706631903
6222,0.15464526873023532
6223,0.029489952540113988
6224,0.04237981100412159
6225,0.04779461177256018
6226,0.013578824160211365
6227,0.08267392818714625
6228,0.20262302583183142
6229,0.036769791458464325
6230,0.025068240936034807
6231,0.014641438031912394
6232,0.028411658817467184
6233,0.00853583730806733
6234,0.011938995196197025
6235,0.009161457527308297
6236,0.08679979427790395
6237,0.023976826407707524
6238,0.05595071858206542
6239,0.03837204096910646
6240,0.07104858120772528
6241,0.14978502384874762
6242,0.010955554271349444
6243,0.17797651027994568
6244,0.017153947202532143
6245,0.043667600909076836
6246,0.022317339122599325
6247,0.06035533674506682
6248,0.006173081081590381
6249,0.015331627302143802
6250,0.02419114171160723
6251,0.05891303382797673
6252,0.01605321171457788
6253,0.019542383918394655
6254,0.03449040844249177
6255,0.009582513233026606
6256,0.021105962184799633
6257,0.004052962725351861
6258,0.013890194465603373
6259,0.06586612305317766
6260,0.05688966731220742
6261,0.18916609796819545
6262,0.015622497532575908
6263,0.017266380519451046
6264,0.031461490036838395
6265,0.07163833004940758
6266,0.03865261092978491
6267,0.013748978075124343
6268,0.06514290941980579
6269,0.0076760823248541435
6270,0.018685853137688307
6271,0.013539894127079781
6272,0.05374679222258492
6273,0.12177176078702172
6274,0.06269750448556675
6275,0.023540543976692266
6276,0.02032443471069828
6277,0.05643624382201821
6278,0.18417404433944567
6279,0.08859246770744499
6280,0.04739354205890377
6281,0.0573642405507093
6282,0.02409028224373093
6283,0.05270362120855745
6284,0.02376597863469622
6285,0.11082257604212785
6286,0.019698166162672556
6287,0.0252654433648389
6288,0.0271600531453442
6289,0.007500804515229902
6290,0.07425244243388987
6291,0.03193899267497258
6292,0.0240427094038822
6293,0.016011148323975072
6294,0.037453759085815996
6295,0.007274605916354688
6296,0.04161060770513637
6297,0.03706696213077234
6298,0.011889726616824296
6299,0.04037504433883001
6300,0.019748477162406037
6301,0.028402963934464363
6302,0.12106589252448413
6303,0.038807342888442876
6304,0.029408031438536472
6305,0.02907365807404676
6306,0.02663652470355388
6307,0.026601274884805688
6308,0.10825127893641316
6309,0.1593891168286344
6310,0.03809418316570558
6311,0.04458298994491312
6312,0.004306604431582306
6313,0.0072944554267975956
6314,0.03772718254787171
6315,0.0966184912071156
6316,0.10008146340195387
6317,0.008307011484323475
6318,0.10632957008671369
6319,0.03428499552901211
6320,0.026452108568621048
6321,0.025872838190106818
6322,0.03542387040687074
6323,0.03641238839962019
6324,0.024898012842515634
6325,0.05282519415333257
6326,0.10447808373871009
6327,0.016911436981091894
6328,0.13453125491563403
6329,0.01873127813546905
6330,0.03364434396471007
6331,0.009196283516415162
6332,0.10029964700088079
6333,0.06839035818751252
6334,0.02430688498846576
6335,0.023896257998612027
6336,0.05713634934686542
6337,0.0520120403396743
6338,0.009280389217371345
6339,0.015025058444216144
6340,0.04159768670463413
6341,0.04733098945878573
6342,0.01319125417451195
6343,0.003156649813057635
6344,0.03155736039208105
6345,0.007961000208692786
6346,0.0237026100742603
6347,0.03830559250118621
6348,0.0961945788198967
6349,0.006082107254068122
6350,0.2288668766584744
6351,0.0029178172985752245
6352,0.02432090614805498
6353,0.03471786095864242
6354,0.026280146580094955
6355,0.004011239451586714
6356,0.027499301954802973
6357,0.0438944247584992
6358,0.08390945989016187
6359,0.04377569054829314
6360,0.02347165457931275
6361,0.13169131779905563
6362,0.07495672627911525
6363,0.02783020993636604
6364,0.034128807619955834
6365,0.035799780059400384
6366,0.01047656775936915
6367,0.032746911299758034
6368,0.0725311614149676
6369,0.02081888636750003
6370,0.01468272796496228
6371,0.018846819541465217
6372,0.04637972213801785
6373,0.0285073635008118
6374,0.022149939560730317
6375,0.018687958681312226
6376,0.09546766724476075
6377,0.02378670387213148
6378,0.07499242864860964
6379,0.045155786078742106
6380,0.08527817150627019
6381,0.012407434571838561
6382,0.021826390428299546
6383,0.05575679278762528
6384,0.006467655777479512
6385,0.0709049728848936
6386,0.18339762115269803
6387,0.022012485309080083
6388,0.03429846957680818
6389,0.02420804931010554
6390,0.00833932485639002
6391,0.03436258225130617
6392,0.042315664570903175
6393,0.04668778325846743
6394,0.15640979361125928
6395,0.012248912045811947
6396,0.04403562042988567
6397,0.13860854718237348
6398,0.023837617916771227
6399,0.06519358066283316
6400,0.1343457690754537
6401,0.033268417674747204
6402,0.009768159072401073
6403,0.005159284329474847
6404,0.031290799352309544
6405,0.016464817254534404
6406,0.017057239179508753
6407,0.023525620267736542
6408,0.012855361383498786
6409,0.018982570191611713
6410,0.0071585391118549275
6411,0.06288559931637416
6412,0.04047517749243861
6413,0.011049848158896543
6414,0.03896133299938896
6415,0.009019114643816545
6416,0.030783083841837817
6417,0.03768418838027204
6418,0.020553932774020622
6419,0.012588767231563212
6420,0.07765863615324775
6421,0.08518210120719331
6422,0.05436991736427766
6423,0.006406107857683619
6424,0.04179602598267546
6425,0.007946845555785753
6426,0.04521886871071597
6427,0.038502037656355244
6428,0.014790501853880457
6429,0.010855826194880465
6430,0.013314372811435377
6431,0.14913083145953052
6432,0.020043190695627364
6433,0.04642709664893464
6434,0.030300003820857287
6435,0.03017196566487197
6436,0.010697191613617752
6437,0.027062834830094383
6438,0.08612041152960838
6439,0.06846428560313861
6440,0.03879094043094396
6441,0.02825035570217508
6442,0.04098842620806976
6443,0.10196724639531306
6444,0.025082246924968944
6445,0.05120966684405737
6446,0.026531004916490356
6447,0.04272159416494433
6448,0.012539423978156654
6449,0.06710712618270946
6450,0.045357296164981416
6451,0.04270781631396989
6452,0.02219616492261172
6453,0.04965299498635834
6454,0.2819955846242967
6455,0.02452181774527733
6456,0.027895148847129635
6457,0.035401788824832935
6458,0.10661631426803746
6459,0.020878186485578057
6460,0.020038159475553097
6461,0.04318435980210017
6462,0.039244556723620906
6463,0.1152881723077093
6464,0.024315353433954436
6465,0.018680639850728382
6466,0.0642145053165103
6467,0.020831545019195284
6468,0.019014405946732257
6469,0.03323525454738036
6470,0.009661776913431067
6471,0.021717581818475894
6472,0.018061435658519493
6473,0.103582413206969
6474,0.014861816233654155
6475,0.04281491503185839
6476,0.003756260068666406
6477,0.007933600000362405
6478,0.051569316942614955
6479,0.06199000684326003
6480,0.04337610166734664
6481,0.040254943256902376
6482,0.033147332064916595
6483,0.07709691527293042
6484,0.0034885160730361306
6485,0.22595810230235472
6486,0.2988646129620985
6487,0.026381765613412492
6488,0.02137215960275392
6489,0.04576626753063069
6490,0.020168278037551616
6491,0.04078464748629945
6492,0.0225206048382737
6493,0.006040507794475979
6494,0.0369015057444262
6495,0.023106917063737197
6496,0.011158040853032843
6497,0.07100621044495956
6498,0.12476880270219043
6499,0.03100879279640211
6500,0.06087847310847731
6501,0.08190341958303864
6502,0.08196719043029851
6503,0.04668324734727132
6504,0.030849472938607785
6505,0.13427514447160455
6506,0.17112738491418752
6507,0.02166464198090068
6508,0.005412225206893225
6509,0.057763893733349475
6510,0.035743911690866687
6511,0.044878240855913305
6512,0.03658534398934259
6513,0.00824492341802496
6514,0.011537472787701694
6515,0.07947999947458796
6516,0.04015626744980725
6517,0.03865950047241204
6518,0.022011597686215145
6519,0.16046263339925315
6520,0.1405527169471586
6521,0.01810111282619515
6522,0.10735488563193328
6523,0.06397909232923006
6524,0.00960618740584779
6525,0.04384083534643912
6526,0.01942901904606782
6527,0.09537685006498527
6528,0.014624456195559679
6529,0.08836057218259494
6530,0.022649476212485538
6531,0.010369869188509667
6532,0.005643103589742718
6533,0.05574559714797931
6534,0.033637429509097636
6535,0.10226651778373765
6536,0.0967538489956168
6537,0.01855764195967829
6538,0.04674081198940149
6539,0.05901359517711804
6540,0.02760408654078274
6541,0.04398427173355187
6542,0.014841247245980337
6543,0.10639089959121502
6544,0.08449778463473785
6545,0.004960372449359719
6546,0.12500001432493799
6547,0.02832858318264682
6548,0.00231581596443585
6549,0.22030293281487973
6550,0.1801806332406903
6551,0.016182181041594284
6552,0.09299224730945974
6553,0.0029767961056504683
6554,0.032932673078543744
6555,0.030632179865637953
6556,0.033062202214896565
6557,0.025160571845990458
6558,0.026345463827554642
6559,0.028179183102179855
6560,0.23409771454768946
6561,0.017469237362520613
6562,0.060042575820367775
6563,0.1590795768737815
6564,0.017157529078449047
6565,0.030607459494029734
6566,0.08304373054827428
6567,0.06522187185406232
6568,0.04950530421464177
6569,0.15355125771860173
6570,0.019044901237128715
6571,0.14262447377103568
6572,0.021113759198019676
6573,0.005439644108269211
6574,0.013818446129116597
6575,0.08666512343768418
6576,0.030755105239116124
6577,0.021080295223835307
6578,0.03928768762872762
6579,0.03927052748320225
6580,0.013636328267188812
6581,0.07145104632262779
6582,0.08755704543440947
6583,0.08635147303545342
6584,0.006747100086912794
6585,0.11562988044608209
6586,0.022593858368361135
6587,0.12437804690884816
6588,0.05588025530211275
6589,0.02843573330807995
6590,0.015866564979668176
6591,0.15327924151581848
6592,0.009112395832051347
6593,0.061424984891293506
6594,0.028945446494780702
6595,0.008317015021616385
6596,0.05115681734774914
6597,0.018846016985809982
6598,0.03865278293200826
6599,0.012598593862604123
6600,0.03855767135549085
6601,0.08811134537731116
6602,0.07670464062419804
6603,0.04085360391212281
6604,0.019496030732655448
6605,0.005068749871564759
6606,0.12249612123938713
6607,0.07127093697737377
6608,0.018429742537410518
6609,0.05029357865291504
6610,0.043561732885587075
6611,0.0032923157108129247
6612,0.029360313297528244
6613,0.08772936258724859
6614,0.010762444098966975
6615,0.042348864252613305
6616,0.07302854993454996
6617,0.05432480867574485
6618,0.08405542308674367
6619,0.0070731649289944775
6620,0.030209958511544465
6621,0.015121997572512065
6622,0.023781565462143276
6623,0.021915720553229507
6624,0.035284307876734845
6625,0.12609370354620736
6626,0.06498125708546434
6627,0.0805708827734281
6628,0.07245824170479107
6629,0.00893250064942663
6630,0.0603499694033142
6631,0.007040012163489405
6632,0.006741254994124523
6633,0.033386111335977756
6634,0.17395881819584258
6635,0.016889221996011533
6636,0.018773400552565288
6637,0.017109269939084126
6638,0.02906321445551962
6639,0.032819514121522314
6640,0.02779041446346106
6641,0.03397137464333586
6642,0.013732158940166455
6643,0.030869225711246673
6644,0.012525559733098122
6645,0.029843978508628133
6646,0.08199584746300617
6647,0.011150406234121266
6648,0.014024306353209393
6649,0.014109354718045237
6650,0.011243047846510706
6651,0.009865078610522639
6652,0.019667515540465055
6653,0.022715924502999293
6654,0.03356492898365278
6655,0.06857836983086618
6656,0.03844310738715935
6657,0.05173087886786642
6658,0.04028021197974211
6659,0.04638202805957694
6660,0.02853816925876254
6661,0.02298859125675973
6662,0.007695829780512629
6663,0.04481909971469792
6664,0.008505167380535604
6665,0.061266297637733835
6666,0.06154805352904309
6667,0.13810949882453902
6668,0.0948305303647183
6669,0.01687516024857141
6670,0.01424071049871378
6671,0.04888410960016566
6672,0.007482673317737961
6673,0.009286998679902007
6674,0.03341717926861275
6675,0.0996085657546485
6676,0.00930459932137278
6677,0.045655764167300945
6678,0.04350528591745035
6679,0.037839165534096525
6680,0.038309494168805774
6681,0.045702017329554
6682,0.03235902536434789
6683,0.054381990132759385
6684,0.12321622602951392
6685,0.028379330708017583
6686,0.09682845718340961
6687,0.03757420253069064
6688,0.035445704204407145
6689,0.03079400389550583
6690,0.017291845245336352
6691,0.07770396841794677
6692,0.048313248898099084
6693,0.08207627472773797
6694,0.02549689260335599
6695,0.5277815744835327
6696,0.03966242915530154
6697,0.12711741948558036
6698,0.011988166325642308
6699,0.03184963863506507
6700,0.04275312894270932
6701,0.08979592178286541
6702,0.02512894533365409
6703,0.37357854254586575
6704,0.049924335016612385
6705,0.023576257278957288
6706,0.012916213563658942
6707,0.027575777744899596
6708,0.008152846666317054
6709,0.0364496267598935
6710,0.22642033878374487
6711,0.008878033097624749
6712,0.03046674371301649
6713,0.007233930319907666
6714,0.02098462145235182
6715,0.11764066403998745
6716,0.04231590685252615
6717,0.032963409640391524
6718,0.16802628768660693
6719,0.03557565315100458
6720,0.006614203247200999
6721,0.08145393602484326
6722,0.02759701675153573
6723,0.06865940388466364
6724,0.018472085663023868
6725,0.09175742617670667
6726,0.0377139836387623
6727,0.20764509115281105
6728,0.010354911403384926
6729,0.06191578693038359
6730,0.01723791220924715
6731,0.009243149094409936
6732,0.008894738784121834
6733,0.06627534595224097
6734,0.095403392149488
6735,0.0168687356102101
6736,0.06081796692472971
6737,0.1552933268017474
6738,0.047393409278103954
6739,0.03476697841068435
6740,0.04915392560479862
6741,0.24642736779194863
6742,0.041962182111590564
6743,0.11408521197104199
6744,0.008531346555533795
6745,0.011754116086237805
6746,0.036560176112281705
6747,0.0200692407845823
6748,0.026236282091416676
6749,0.049318838996095085
6750,0.04496176424632088
6751,0.1264219504932375
6752,0.04914103386165597
6753,0.027319886333824733
6754,0.00787151863241675
6755,0.03848320144899977
6756,0.10744979416638718
6757,0.011128294361323215
6758,0.08926560894870755
6759,0.24961961088863813
6760,0.010412674402139036
6761,0.051062431248571176
6762,0.010376068378085981
6763,0.06980658916672851
6764,0.013189648768871725
6765,0.03145782794267829
6766,0.10165281838559845
6767,0.1163310999356228
6768,0.00786614815424298
6769,0.174465626773536
6770,0.02724710285834813
6771,0.006656703844335343
6772,0.009641860413873158
6773,0.22316854756073362
6774,0.16634940482906366
6775,0.045861134433747855
6776,0.07562605225940168
6777,0.11198502712875241
6778,0.038562639730565944
6779,0.09252596576843271
6780,0.012332061418478844
6781,0.02081416677512797
6782,0.2153022313727013
6783,0.023917350624585436
6784,0.009602272874389868
6785,0.11314374663059303
6786,0.02445978746456058
6787,0.025446290586767527
6788,0.047393503366817046
6789,0.11213968462554752
6790,0.010715846540815439
6791,0.04270025028403197
6792,0.053870041243648394
6793,0.05736388313995479
6794,0.012139708922365374
6795,0.005983515228311405
6796,0.03385304525799839
6797,0.037927483819493485
6798,0.014898326134715497
6799,0.03855651389563374
6800,0.01560215831744826
6801,0.06440685384945313
6802,0.005807444678763977
6803,0.01746266426590019
6804,0.02904546061707728
6805,0.040570624255747235
6806,0.015767495781715192
6807,0.03649594223451343
6808,0.02764214559431176
6809,0.03889468716488012
6810,0.05662868982382344
6811,0.004609210478439398
6812,0.2579571466850009
6813,0.06778859651073757
6814,0.012200879485771896
6815,0.01645178825246151
6816,0.16966944453755783
6817,0.02745778763780424
6818,0.022007437842847942
6819,0.03683757199994322
6820,0.005911759443940206
6821,0.08199060204025223
6822,0.05092488104925356
6823,0.12205068080171477
6824,0.03582437369233398
6825,0.02390014622516121
6826,0.007966298436003123
6827,0.04489601326501563
6828,0.04213182073165662
6829,0.014044761217128892
6830,0.10599062603818528
6831,0.23978501732907753
6832,0.04203896147489664
6833,0.0026607554806895844
6834,0.027019655732492143
6835,0.06264343150557806
6836,0.09159409331124678
6837,0.029687350978279316
6838,0.05897377359702488
6839,0.052932593532249994
6840,0.04241375425717631
6841,0.040347067999076267
6842,0.106467699847239
6843,0.014108933498363537
6844,0.02511619458034365
6845,0.016586465308210587
6846,0.026695007199708527
6847,0.008581983899952749
6848,0.04865453225162502
6849,0.08805993204722756
6850,0.04244212519441588
6851,0.23868351385624678
6852,0.30633537307344694
6853,0.46986597376488554
6854,0.4681812035928586
6855,0.01524900035064161
6856,0.05831614224582652
6857,0.11141750059957153
6858,0.019257426117764875
6859,0.032893234992255514
6860,0.01337650336588659
6861,0.1764676374829868
6862,0.011759570136156236
6863,0.011279789801945574
6864,0.21188162925722295
6865,0.04060988748777628
6866,0.05822346521354437
6867,0.22728473352795675
6868,0.011314942697440624
6869,0.01648500417671264
6870,0.0824589738131195
6871,0.04367684537348813
6872,0.03694743806336429
6873,0.026633111300723666
6874,0.025456648253293412
6875,0.10165672068889088
6876,0.028260173285802676
6877,0.03259995245163587
6878,0.11590910716931886
6879,0.03137097623327878
6880,0.02272634188275194
6881,0.035045635482470076
6882,0.039444130440748744
6883,0.043279357233068645
6884,0.04177913824531786
6885,0.02613276006977338
6886,0.09777138287488256
6887,0.012380440499665525
6888,0.01935390742029241
6889,0.021368250743325212
6890,0.04942103931666541
6891,0.02988895527386296
6892,0.09406526181785281
6893,0.06475372395530524
6894,0.024981881448266626
6895,0.009078577822521238
6896,0.021554042260249078
6897,0.09567045270479788
6898,0.10614997094331234
6899,0.13385333347954204
6900,0.049671008100777375
6901,0.04850988657180911
6902,0.050820080241264755
6903,0.05791735012926063
6904,0.022430435947066427
6905,0.12716493921859637
6906,0.021726384908085056
6907,0.014721739919317883
6908,0.19628557039120553
6909,0.0943955786814892
6910,0.013747032165599317
6911,0.016814481026712735
6912,0.03697342269199792
6913,0.026272437755218293
6914,0.01358638010453389
6915,0.0903923465501763
6916,0.008776901111486865
6917,0.023331100875888678
6918,0.07126357251623835
6919,0.05126136235255393
6920,0.18043879882048625
6921,0.0068942682679395805
6922,0.05488246074065216
6923,0.16410814032351265
6924,0.013102504510753545
6925,0.045899660382806885
6926,0.004114349284077102
6927,0.162718557210816
6928,0.007464950635150265
6929,0.016561122780365416
6930,0.06515150195520002
6931,0.010519765141857523
6932,0.042505419071159296
6933,0.013176760286402604
6934,0.02146931116448166
6935,0.024085555122297212
6936,0.0082184911988266
6937,0.027232376337935873
6938,0.04189437726480732
6939,0.09479478884391103
6940,0.011444459859920701
6941,0.027507695977838316
6942,0.05058975375443418
6943,0.03232175315331046
6944,0.028386998201550176
6945,0.017795844947508518
6946,0.02748608568852821
6947,0.026984543244867185
6948,0.10767364091540728
6949,0.045338943439356454
6950,0.007938309422203312
6951,0.01605994540290051
6952,0.10570801454818718
6953,0.058626211611734945
6954,0.06322741525993543
6955,0.04149974632786494
6956,0.1762640394245051
6957,0.017270703144285676
6958,0.03465653021152997
6959,0.041884597858285376
6960,0.04142137513964594
6961,0.014665460879666942
6962,0.03191933425059988
6963,0.04571384475221437
6964,0.03745051346500431
6965,0.11256382594693655
6966,0.04441583501431992
6967,0.02618780754895684
6968,0.018987715566923313
6969,0.037276814499825985
6970,0.04667898623759397
6971,0.044802393137227475
6972,0.04702309279911264
6973,0.11671626115398243
6974,0.06786389426992251
6975,0.029975257914427893
6976,0.07356368998963965
6977,0.007146831104896783
6978,0.1801947069108778
6979,0.012237872895005353
6980,0.007931756415872562
6981,0.017702846301923657
6982,0.019701607065695376
6983,0.016551027710838315
6984,0.025418160012579176
6985,0.2444752283148093
6986,0.03209437786294625
6987,0.02807199772161563
6988,0.020032109162304756
6989,0.02929245117329403
6990,0.23277272276284797
6991,0.024414722184950072
6992,0.028334808972277338
6993,0.005319747033846666
6994,0.012950660612282339
6995,0.0819088631914065
6996,0.020824569722500443
6997,0.02213267154160067
6998,0.04919993617587674
6999,0.0911442793941934
7000,0.11300504892145834
7001,0.0847420637546389
7002,0.013380512374109744
7003,0.004720032463283327
7004,0.05659942110895839
7005,0.021382087478488628
7006,0.02123578003175194
7007,0.01868321492349208
7008,0.07774220405079112
7009,0.014396829277655154
7010,0.03367473903173099
7011,0.008221909546296433
7012,0.017815331751486616
7013,0.05471048879411338
7014,0.10166564467805486
7015,0.021086915719182368
7016,0.024137097035502913
7017,0.009965794559663446
7018,0.03938361559410502
7019,0.01575255256148377
7020,0.014388473852515106
7021,0.06475811931988953
7022,0.07691315530479449
7023,0.05324371981970872
7024,0.02942557373365872
7025,0.15918433019384307
7026,0.008393940939931946
7027,0.005657104115419874
7028,0.051631369793602576
7029,0.05609656777491357
7030,0.06289250158873702
7031,0.09952585051724587
7032,0.024693863924116304
7033,0.04795192045408569
7034,0.05900579789470465
7035,0.17161020912084943
7036,0.05407004954444646
7037,0.020414010059261085
7038,0.021109470401210587
7039,0.04077857750961799
7040,0.07711094244724966
7041,0.0012948435686757622
7042,0.008642805288575908
7043,0.015312104033739518
7044,0.0445190242955993
7045,0.02125546505971917
7046,0.029356654402821696
7047,0.025169261025633466
7048,0.08708241709818737
7049,0.0071844578349496875
7050,0.00924062143177205
7051,0.04464339900494678
7052,0.002257672301786454
7053,0.041433240750990225
7054,0.03220820021229505
7055,0.04053323278254762
7056,0.249094685663652
7057,0.013245653298306959
7058,0.011613457059819603
7059,0.01106885213469415
7060,0.043311499978328755
7061,0.06555701152155728
7062,0.1983948962979168
7063,0.03653189156216346
7064,0.0314055468937817
7065,0.1324711889133932
7066,0.03925675674657261
7067,0.023102540252909236
7068,0.03604843941832043
7069,0.04519813107068679
7070,0.031626025521322355
7071,0.2861901748463512
7072,0.29210935910998354
7073,0.026633098718988925
7074,0.11005770132415492
7075,0.015153728563593661
7076,0.017237213368478797
7077,0.010336733830130396
7078,0.05150998381998136
7079,0.015338135361623371
7080,0.008236127322064262
7081,0.01959362523378907
7082,0.006419307503515556
7083,0.015940708810606583
7084,0.027050059945011636
7085,0.030069694042022994
7086,0.043763738925019335
7087,0.034754406887593604
7088,0.06652413632390368
7089,0.011814970176764616
7090,0.16634358153408504
7091,0.0912022452994572
7092,0.047293431991115666
7093,0.00525654068865574
7094,0.017883197043236466
7095,0.031531370418363854
7096,0.1034683777165211
7097,0.017794564760655277
7098,0.019941680066155498
7099,0.026311070861475307
7100,0.02759826844962145
7101,0.2684454070222788
7102,0.0029438708920627088
7103,0.017762790728190973
7104,0.12853722359610997
7105,0.04600983265100236
7106,0.03373605168017007
7107,0.008684975942960148
7108,0.17454109519644193
7109,0.00783010497047232
7110,0.039340780264257594
7111,0.02477985149177656
7112,0.1373765176200541
7113,0.05689760270761264
7114,0.02220247169842479
7115,0.015885763695011233
7116,0.016571755659590324
7117,0.016680816647449484
7118,0.010451226191442764
7119,0.08954080313970024
7120,0.08729985459004107
7121,0.08355533591725438
7122,0.03504316155857606
7123,0.00873152786641444
7124,0.007120916909081101
7125,0.0531435180295457
7126,0.01400849948649494
7127,0.20688671036994316
7128,0.07602611075581757
7129,0.13921029398900797
7130,0.04582701109406981
7131,0.015308951325012525
7132,0.02248114992573282
7133,0.014152458173514872
7134,0.07300280431088425
7135,0.12736284906308137
7136,0.03785233581974061
7137,0.06830053188334402
7138,0.1301801993598443
7139,0.07071593875235432
7140,0.22288913880585562
7141,0.017219961452475847
7142,0.004929968078181684
7143,0.042522779962095685
7144,0.004526082415579846
7145,0.011198874597816745
7146,0.11465550384732559
7147,0.017146765503824823
7148,0.02180285633750644
7149,0.03828869634479657
7150,0.018373782351900226
7151,0.009240599220017614
7152,0.05867553447470859
7153,0.048765315930963934
7154,0.010390537128252851
7155,0.15112010227675865
7156,0.030261457941671514
7157,0.03860139237542303
7158,0.020277319038127985
7159,0.19258158577937373
7160,0.05083602509446162
7161,0.020243264499554294
7162,0.04121442590206869
7163,0.006827342992582273
7164,0.05922261615102124
7165,0.041186585965062174
7166,0.0335504390021667
7167,0.020375648358398557
7168,0.017670537769364045
7169,0.019107395455948084
7170,0.08067423993701636
7171,0.18022192864378975
7172,0.046238482117664854
7173,0.14153794966283062
7174,0.15782059112058622
7175,0.015195587136492456
7176,0.0485161905922692
7177,0.36060834709533085
7178,0.022845831018369386
7179,0.015711547982197815
7180,0.015151198612323223
7181,0.025627498027134307
7182,0.007824483143246859
7183,0.036643499152346715
7184,0.013885862278495469
7185,0.19425367522018552
7186,0.0655658457968858
7187,0.004580480607989232
7188,0.02981635252518884
7189,0.09180624878955293
7190,0.03325392932333359
7191,0.0045265679912341586
7192,0.00961944079879638
7193,0.025303064406856146
7194,0.05950336695238528
7195,0.044585236898690844
7196,0.03821076172800761
7197,0.0672471826169513
7198,0.0250316230152081
7199,0.023549791693201302
7200,0.02623129718754875
7201,0.01620752610441163
7202,0.004591303961755905
7203,0.05160950475721013
7204,0.026685046119752198
7205,0.012462850935493288
7206,0.03331205779605393
7207,0.10311339720403269
7208,0.020328682082845474
7209,0.02088833940357438
7210,0.013868249730746286
7211,0.02117731929355394
7212,0.04741277886314572
7213,0.01409323040336093
7214,0.022254638900805427
7215,0.016892803688887244
7216,0.026168067610464807
7217,0.06526448584804494
7218,0.026222976389365656
7219,0.16886268919122133
7220,0.010748803150192075
7221,0.037631668264283664
7222,0.02631057420444967
7223,0.15402056488596372
7224,0.05345542656423851
7225,0.039385731392648844
7226,0.09917685548159058
7227,0.011492211950639854
7228,0.023170346743408465
7229,0.03291002214851046
7230,0.26806702121598375
7231,0.03849569386862788
7232,0.07977811771006167
7233,0.02498521878727055
7234,0.14452341209979144
7235,0.10897261339220916
7236,0.07192247432721056
7237,0.03005333141664216
7238,0.03642015734356147
7239,0.04148623042208264
7240,0.02068707690124975
7241,0.027300423834035737
7242,0.007928620669437154
7243,0.03216982830733926
7244,0.02786555208958706
7245,0.0987213344240184
7246,0.009948084794672456
7247,0.30295122234576755
7248,0.007440252872920646
7249,0.009818825977646198
7250,0.01394808956547621
7251,0.01689602820822627
7252,0.057733185000315726
7253,0.04914471391790475
7254,0.07646936451243869
7255,0.0072920519588589115
7256,0.0038364280732875733
7257,0.0728668489638919
7258,0.02216788168886642
7259,0.09400341145696899
7260,0.0378631747868686
7261,0.019481821553462734
7262,0.017467403654589053
7263,0.06327002728696375
7264,0.16834007444358245
7265,0.06887742592615465
7266,0.01182788109070066
7267,0.0453287680411667
7268,0.009279339192867195
7269,0.024927836853144116
7270,0.07261738872621737
7271,0.039952217331441664
7272,0.052079021865594766
7273,0.032068117773430695
7274,0.021595245972102318
7275,0.026943100442172973
7276,0.027825253397896467
7277,0.0635994882305431
7278,0.04898827353784647
7279,0.016121001859827507
7280,0.031219523572769897
7281,0.02617335164868229
7282,0.01501976303720618
7283,0.1916183676955923
7284,0.05313318871362795
7285,0.015924293027380233
7286,0.007667589982563257
7287,0.004680984163211427
7288,0.045618511783676687
7289,0.049448308974609854
7290,0.022425885630834506
7291,0.041198564202096555
7292,0.00771837598406765
7293,0.017316422857534392
7294,0.07964337928635386
7295,0.09840136518178165
7296,0.06154964635031285
7297,0.02487398122784883
7298,0.0066560715595630916
7299,0.09744224939949078
7300,0.12811702569580083
7301,0.02838732947872336
7302,0.021683141087493175
7303,0.016887586469775694
7304,0.0085696151656616
7305,0.19571192127386458
7306,0.019565027785713507
7307,0.04719081459310184
7308,0.016242388190678615
7309,0.004950673019152255
7310,0.031522766306069365
7311,0.012743148254327654
7312,0.02155911403133515
7313,0.10975192301856002
7314,0.01685075324991812
7315,0.0675964770816292
7316,0.044339677101018875
7317,0.018807300422436547
7318,0.07789061260929368
7319,0.08439034083408978
7320,0.05351518780212763
7321,0.044390602515071736
7322,0.19886852740069583
7323,0.037022325426114035
7324,0.041294406531042056
7325,0.09653125033217891
7326,0.0353746151262786
7327,0.08881208236883384
7328,0.07152515728140214
7329,0.024182521108207084
7330,0.02515035220985401
7331,0.03446043939278622
7332,0.02363527213832023
7333,0.025624821187346845
7334,0.03567671102792497
7335,0.1503825323825899
7336,0.07708044791384412
7337,0.012189152470300708
7338,0.01790029198954111
7339,0.007827719744929023
7340,0.010732026711153461
7341,0.03718243511364266
7342,0.04250013168810419
7343,0.0151003807112092
7344,0.002679459846409741
7345,0.021623719329239604
7346,0.41176772450837734
7347,0.014467354737715857
7348,0.04670502953462375
7349,0.17744563899433985
7350,0.060480918449310764
7351,0.019877929178203958
7352,0.07391080891550207
7353,0.03820896849217974
7354,0.07201540380142632
7355,0.35968469913193596
7356,0.08844476996898074
7357,0.03330365095873494
7358,0.34314400836708786
7359,0.06261828726290287
7360,0.050574323697961596
7361,0.03595432092807903
7362,0.06609210188589829
7363,0.017180481505352427
7364,0.017627619057061592
7365,0.021923836991747613
7366,0.005310404710123312
7367,0.10852198614156469
7368,0.08090805566326811
7369,0.017101249039317534
7370,0.026808634691866694
7371,0.03177747043090625
7372,0.07234564030387096
7373,0.034812648221382796
7374,0.11317920239040885
7375,0.05469975309376661
7376,0.1135498432961924
7377,0.03318748712970675
7378,0.014783171577464704
7379,0.02646141444168223
7380,0.009648540283555765
7381,0.016446308249291792
7382,0.08356541228887553
7383,0.013152663710066442
7384,0.004844926900096143
7385,0.21855604418260077
7386,0.027462724436334286
7387,0.07667845937192676
7388,0.02541969919145376
7389,0.012447079214236954
7390,0.01614868933553281
7391,0.050924357736623266
7392,0.01350329103351578
7393,0.04758384192321272
7394,0.04566525808495499
7395,0.03631458017863141
7396,0.017511258172789253
7397,0.008680147919972389
7398,0.022317893275778728
7399,0.003919229338286123
7400,0.0992787600580748
7401,0.03660460711711895
7402,0.007958345262447103
7403,0.04535549539619527
7404,0.02192662445791418
7405,0.031162767882856168
7406,0.034496177330020195
7407,0.031212800047172067
7408,0.010219875940204827
7409,0.06374239157680309
7410,0.06462092834000636
7411,0.051901344350883706
7412,0.05602855810828133
7413,0.01818138041511293
7414,0.009383551235751263
7415,0.032323752287512955
7416,0.06015525761190739
7417,0.027344949949936317
7418,0.016804823324407928
7419,0.031062409665512873
7420,0.11929074031040185
7421,0.044687542417103425
7422,0.0165316107191818
7423,0.020303630898483128
7424,0.07383893424383714
7425,0.020890826648131435
7426,0.05008289813048492
7427,0.051990195590086885
7428,0.03209092056637919
7429,0.012623164281440788
7430,0.013784190624635805
7431,0.10293101264239905
7432,0.05970075002697535
7433,0.020819034763850112
7434,0.04400375002173054
7435,0.06166342163200887
7436,0.022094459126583303
7437,0.008877070225463477
7438,0.031122543040487873
7439,0.2523800293501837
7440,0.03355252479488092
7441,0.03191599048325019
7442,0.01865325718800852
7443,0.028513778424102316
7444,0.058345440692349725
7445,0.03379138005042542
7446,0.054095724700646906
7447,0.042768466382903006
7448,0.03392062140339204
7449,0.023625980673811053
7450,0.08965232764766266
7451,0.04279920794633475
7452,0.026193323785260014
7453,0.11192121678072313
7454,0.013693650411281975
7455,0.039864502551607485
7456,0.030427160615020134
7457,0.01990849402046508
7458,0.022086001719552918
7459,0.0856014974333762
7460,0.03021656850225189
7461,0.35951975765382455
7462,0.02962866728280804
7463,0.007912852415048834
7464,0.02122538834742919
7465,0.009757315552893551
7466,0.026771120676366496
7467,0.04415154335714825
7468,0.0058821851464994175
7469,0.14273272110844543
7470,0.0689811678508735
7471,0.07095961580244534
7472,0.232343331463616
7473,0.05871493831249284
7474,0.07104768029810704
7475,0.01671096143489197
7476,0.03831127690867891
7477,0.016789723824813352
7478,0.020353087106539172
7479,0.0587127020772887
7480,0.045574627489010505
7481,0.023046747734173204
7482,0.016756752544188906
7483,0.01997466422715544
7484,0.009281322216582129
7485,0.0248450674751089
7486,0.023755213817996716
7487,0.05775098231599733
7488,0.15124064059071243
7489,0.03790227849906092
7490,0.18592048044708237
7491,0.025996028055287838
7492,0.05284096102762334
7493,0.0354308879124182
7494,0.019919173059158034
7495,0.051050118902350346
7496,0.08485731216398625
7497,0.024607008610434272
7498,0.06786717072887513
7499,0.03164180772339712
7500,0.03957894489567835
7501,0.04483811070795881
7502,0.0031844647988727983
7503,0.01776000297719353
7504,0.04405735088299885
7505,0.17035084045306895
7506,0.016817879381388692
7507,0.0050238969502633245
7508,0.01686678129516218
7509,0.013812688357551624
7510,0.028525980019151347
7511,0.012291393678581097
7512,0.0602861739390071
7513,0.04805093713041956
7514,0.030842562512825883
7515,0.11574338027177654
7516,0.022368742031777904
7517,0.030279438768642808
7518,0.02637724874149036
7519,0.05382633122921431
7520,0.037924335331147356
7521,0.055692742204058336
7522,0.08564767317670334
7523,0.07148022131320468
7524,0.1111303136979481
7525,0.017154400599196446
7526,0.01625468964946461
7527,0.04397415782150327
7528,0.2345191696633974
7529,0.032990136754337505
7530,0.028152080800963493
7531,0.06477455167392425
7532,0.3125682889098552
7533,0.018566568168378147
7534,0.017704165330498473
7535,0.05422033534362821
7536,0.009162149586482458
7537,0.11503750067168111
7538,0.04487760192332908
7539,0.04740991987101278
7540,0.028218465910768674
7541,0.22124281293175466
7542,0.00882062582337855
7543,0.048162353129353026
7544,0.0640934046632463
7545,0.026007393013262495
7546,0.03692557738162246
7547,0.04715052069472774
7548,0.03272039899956612
7549,0.08463231233410627
7550,0.018504126927129768
7551,0.15480041089315277
7552,0.01414038593579972
7553,0.046744280766813466
7554,0.09288843076708485
7555,0.16075372424045611
7556,0.08125862731491815
7557,0.13685144449783035
7558,0.14835338919844263
7559,0.011985948386343667
7560,0.18746631517214488
7561,0.014885913419696126
7562,0.24174128492020072
7563,0.04968273554612436
7564,0.03733133899115146
7565,0.009624412184169434
7566,0.026091060510987356
7567,0.004642663502340838
7568,0.039390952963861296
7569,0.055997561462757556
7570,0.010374456745870416
7571,0.010147590784961198
7572,0.00734730296325874
7573,0.08275735407600207
7574,0.03726107515646255
7575,0.01921713095287146
7576,0.06739375876111907
7577,0.03986098157396539
7578,0.01622026432717043
7579,0.19834314267032693
7580,0.06454873898253027
7581,0.036113201117640076
7582,0.06944013910609485
7583,0.14656257023748384
7584,0.031830470279957224
7585,0.02905984774223878
7586,0.03460778906574567
7587,0.005472036765388016
7588,0.0307495448610121
7589,0.028672151488276735
7590,0.006471782627574085
7591,0.015556577818738983
7592,0.10552922642409643
7593,0.014149430070652549
7594,0.014407949893760812
7595,0.0391963652503337
7596,0.15754977347951316
7597,0.09184217412232702
7598,0.10334027573174616
7599,0.04199412389552832
7600,0.03356474382154817
7601,0.1313069348962364
7602,0.08035672751142989
7603,0.02639099348458086
7604,0.021803620846059652
7605,0.0036371934911824935
7606,0.032102950785201145
7607,0.008464453456998292
7608,0.023586894846217885
7609,0.3278098194884583
7610,0.020064646542982394
7611,0.018506347867862035
7612,0.030885915134262674
7613,0.01719134651346973
7614,0.0444053312968857
7615,0.016858697206629737
7616,0.05328073251347056
7617,0.026402344598788173
7618,0.007167639197412718
7619,0.03531958388910233
7620,0.007241228173851071
7621,0.005043740215409738
7622,0.013311263477383062
7623,0.05893634584459182
7624,0.3056960471934206
7625,0.026324352915513737
7626,0.05350217778274495
7627,0.04714771746877667
7628,0.0266690934570874
7629,0.03487836985267987
7630,0.15743293954936066
7631,0.0075391512823642145
7632,0.033400434308172126
7633,0.12391533249882829
7634,0.12621407620685815
7635,0.050089509853218785
7636,0.06940719969221563
7637,0.11089481661896126
7638,0.048056986585566536
7639,0.1346073669284646
7640,0.021840349641368877
7641,0.051539729054971645
7642,0.12800064464389102
7643,0.037513256415448594
7644,0.032365686231454395
7645,0.2430668027977377
7646,0.17731106649557157
7647,0.008502359725665721
7648,0.09879038014103858
7649,0.025691618852382258
7650,0.022608550511133356
7651,0.12110152150249491
7652,0.14473563634349926
7653,0.04464331391449335
7654,0.1165237192288455
7655,0.06609092520464857
7656,0.04169520052530954
7657,0.025477761524664664
7658,0.02549661540970239
7659,0.05867486427494532
7660,0.007711672421677099
7661,0.051655371295808696
7662,0.23229865877635397
7663,0.01618084843832674
7664,0.058023606568004
7665,0.1467648275237663
7666,0.03798084897262517
7667,0.10013459657885265
7668,0.0054323172132315556
7669,0.01660419130117195
7670,0.04703445428081333
7671,0.03728535784528001
7672,0.034586938101603085
7673,0.028612402535329973
7674,0.157619281082531
7675,0.025395681741432502
7676,0.045090851347736285
7677,0.0035420100794463917
7678,0.047502384924476775
7679,0.03736451996433956
7680,0.05835063451246148
7681,0.01389064110247533
7682,0.028339109112968254
7683,0.06975831090895428
7684,0.12000257063778477
7685,0.016986431012643435
7686,0.19555511037049828
7687,0.018480502613402176
7688,0.04200210360063546
7689,0.004428047414440371
7690,0.006808008554624573
7691,0.026562684883934755
7692,0.07667165048028488
7693,0.16983263932951034
7694,0.03833039595744772
7695,0.022183367755964436
7696,0.06345706701624555
7697,0.05990934415895071
7698,0.03152059012619857
7699,0.033813585593514404
7700,0.01399582607301094
7701,0.08140884518809105
7702,0.1029755637409848
7703,0.049233495707004964
7704,0.051451552803501714
7705,0.05392100592746969
7706,0.018918140562532004
7707,0.049976225318060875
7708,0.012887315781681646
7709,0.16272936430055693
7710,0.14584853823779603
7711,0.015212455187694443
7712,0.019186525496149482
7713,0.03704580435512037
7714,0.0627461951236816
7715,0.013766102537833082
7716,0.0178020600087319
7717,0.0333187057577417
7718,0.33827508355970437
7719,0.023825825042213318
7720,0.011403652639335645
7721,0.023436034040950866
7722,0.08707052269075519
7723,0.026452875623011372
7724,0.04484215607444103
7725,0.14018488258062212
7726,0.017283805458065345
7727,0.03184925860437655
7728,0.036849531936122316
7729,0.13244298101432836
7730,0.10571104276780784
7731,0.05332263012037271
7732,0.030166079667908567
7733,0.045687125579615816
7734,0.014266591810888168
7735,0.007010199330455675
7736,0.026621328596349057
7737,0.026366943109090657
7738,0.023661043556974497
7739,0.058613374679832665
7740,0.09724335809032646
7741,0.06339875366282785
7742,0.012357129626402634
7743,0.07103809120617813
7744,0.02059977897814654
7745,0.09989646521602653
7746,0.03360677115094482
7747,0.029260959938579585
7748,0.23371887578202516
7749,0.0370305660411035
7750,0.029615663579065164
7751,0.021957982732923046
7752,0.01579937163063337
7753,0.1269109341467105
7754,0.024861936146318903
7755,0.03695718919330988
7756,0.26083753144889216
7757,0.28083154417127876
7758,0.008497534831530979
7759,0.07478963123456683
7760,0.051082754073085206
7761,0.011644816742379856
7762,0.12399917141548208
7763,0.038686376995573674
7764,0.052930301933909574
7765,0.1640584580335502
7766,0.07198932737232189
7767,0.006781795615213244
7768,0.0232356417102215
7769,0.043907162708248335
7770,0.11083632393527132
7771,0.027721035413303258
7772,0.3530563957514396
7773,0.01672409592494907
7774,0.04244601168444737
7775,0.03210295514672727
7776,0.021321766824720555
7777,0.0240128226051047
7778,0.062284831106989305
7779,0.1415678178704242
7780,0.14005416707013166
7781,0.012004970609540637
7782,0.04844439580455345
7783,0.06228442203261043
7784,0.15698892866712277
7785,0.030165675327968492
7786,0.006111525475865644
7787,0.002292266573523631
7788,0.17243216012240659
7789,0.029905440786445005
7790,0.029849328670536784
7791,0.0523190073125424
7792,0.03790602903409718
7793,0.023228257988256885
7794,0.03401283911805602
7795,0.0430522167148675
7796,0.0453737847545936
7797,0.0701128799693494
7798,0.0321338674873611
7799,0.05883741004435512
7800,0.030843346644824198
7801,0.028032086262020483
7802,0.013900735312669719
7803,0.09037731078904934
7804,0.04317819188219191
7805,0.04319173963613795
7806,0.016563339029089727
7807,0.29761123932317574
7808,0.0535923482791716
7809,0.02216476200292508
7810,0.010426545723976393
7811,0.04036177374491516
7812,0.07869521554196733
7813,0.017448489710838278
7814,0.025958346075676382
7815,0.09497929238975755
7816,0.02286053032070819
7817,0.11045455947733128
7818,0.022604516275886277
7819,0.014834990772814005
7820,0.023900305587673656
7821,0.015930080226823563
7822,0.010133347840562119
7823,0.07570822024966761
7824,0.04802109064955269
7825,0.13147641715501465
7826,0.029536377178542853
7827,0.1480613993151681
7828,0.023598923854727078
7829,0.019693493961112776
7830,0.01814062007766248
7831,0.008987687227851678
7832,0.044855491095579736
7833,0.02663074719833213
7834,0.03447485787433721
7835,0.09140474942186635
7836,0.019363543950939442
7837,0.03378895578208445
7838,0.005390958231836724
7839,0.007922782927210884
7840,0.03628458538746352
7841,0.02271082648196189
7842,0.007867620075587535
7843,0.03545265692514613
7844,0.21267313458506173
7845,0.07901697374821823
7846,0.015737733985301625
7847,0.04442076169882283
7848,0.09144702122726435
7849,0.15606254255260207
7850,0.028207510308875666
7851,0.016932845357215672
7852,0.05099178133708284
7853,0.056390707817326524
7854,0.02297649626749621
7855,0.08642298790248927
7856,0.014000356405613774
7857,0.06178213099489653
7858,0.023765731502430488
7859,0.038234192289290224
7860,0.016422546658519287
7861,0.02022027611290276
7862,0.01255169955528899
7863,0.020931693450653748
7864,0.04997602112546181
7865,0.07027192638158032
7866,0.08020675399499974
7867,0.25938021000035594
7868,0.012709709375216718
7869,0.0038769686232071492
7870,0.043753952470374044
7871,0.012359619325801676
7872,0.05662916645432905
7873,0.044863549038902294
7874,0.04390992184227699
7875,0.006825120687186095
7876,0.025013662121647146
7877,0.022440800527263622
7878,0.03297596247234161
7879,0.15937505208545985
7880,0.01655505222163854
7881,0.01889080612605032
7882,0.15603316486428528
7883,0.20404123318619527
7884,0.21326045794961904
7885,0.04680508946523028
7886,0.10877999845731594
7887,0.03847249607429434
7888,0.030787791872734158
7889,0.03336087902365507
7890,0.022666130561549307
7891,0.020899591352532894
7892,0.0027406017281827225
7893,0.053264940603840245
7894,0.05961700619189859
7895,0.04150778497289581
7896,0.03304841893653299
7897,0.0665626630970432
7898,0.008329694335373512
7899,0.054472171129939705
7900,0.10519907657665022
7901,0.02227584599293926
7902,0.09601144674818708
7903,0.012364893718426565
7904,0.07244029823455092
7905,0.026390279507922623
7906,0.020781709297059737
7907,0.005014318774193362
7908,0.014945469487919064
7909,0.011196876998725892
7910,0.030905752330343768
7911,0.02599253819832663
7912,0.030128749503178814
7913,0.04539628332815815
7914,0.04864914189728631
7915,0.12721359052387354
7916,0.023713749944187883
7917,0.019698256376013384
7918,0.3610942633829135
7919,0.08006267355249654
7920,0.006977082388751248
7921,0.07504708816326953
7922,0.16483908410217746
7923,0.011611360744496455
7924,0.1485665622197961
7925,0.17144888384509965
7926,0.08682492621397296
7927,0.05563343425496119
7928,0.1143888215698916
7929,0.045583037818401784
7930,0.15164054354738285
7931,0.015678538176216332
7932,0.10643662269846654
7933,0.10464172351964246
7934,0.010837050476320291
7935,0.051418800805602995
7936,0.014535867785846528
7937,0.023897445760127017
7938,0.023504596362827538
7939,0.1750052028507835
7940,0.046501975946147474
7941,0.04829578935738122
7942,0.05558133776868608
7943,0.007050770448166919
7944,0.045132030342629616
7945,0.0076445933540194915
7946,0.012425197772949656
7947,0.01417307593151491
7948,0.05545264022432938
7949,0.023149486267999467
7950,0.31567166805314983
7951,0.04963325128209712
7952,0.04967814374597631
7953,0.019599364268536184
7954,0.012659980107570398
7955,0.022387988701614223
7956,0.008734555802802404
7957,0.0070899503941841855
7958,0.02568454663672858
7959,0.07803612288461484
7960,0.0157727535857525
7961,0.03602120285325462
7962,0.04602693577121983
7963,0.4037653892327482
7964,0.02114362645472621
7965,0.010268379189135268
7966,0.016928390257237063
7967,0.04572181081165023
7968,0.05315484115567166
7969,0.040170296792983035
7970,0.01660084967457466
7971,0.03550494287795217
7972,0.19004944455382852
7973,0.047906129463834164
7974,0.00640893883027177
7975,0.034918934700619325
7976,0.04480008941335741
7977,0.022721736668226685
7978,0.09640093679242415
7979,0.025288251795193954
7980,0.05572370020214232
7981,0.020366780400453713
7982,0.09635077775021167
7983,0.049746248833829686
7984,0.02706435929585248
7985,0.024438510917033616
7986,0.06356490073106896
7987,0.019918769695494016
7988,0.09785977758530834
7989,0.01529776809859233
7990,0.04024561933135764
7991,0.08774821266296753
7992,0.030297419291561527
7993,0.02133705093689049
7994,0.0038610490350064965
7995,0.022361665416774857
7996,0.009668603574478189
7997,0.04075495975204742
7998,0.03739170030884878
7999,0.04850645185655173
8000,0.007453417073687963
8001,0.032547433382585284
8002,0.28839807849793075
8003,0.024855512197817547
8004,0.003652164549443854
8005,0.15651294290557488
8006,0.058500740527731514
8007,0.028529643719383355
8008,0.06577571125120867
8009,0.02508324295090517
8010,0.00691210103091703
8011,0.025341646223034853
8012,0.022544361031214415
8013,0.049305860605966076
8014,0.02507079550194133
8015,0.14137657500050269
8016,0.0223043378396864
8017,0.020249769773836645
8018,0.029528951531415444
8019,0.1273123272309693
8020,0.08738627258770428
8021,0.008917454714074185
8022,0.018913705298291374
8023,0.027419321964141926
8024,0.01059322412452217
8025,0.006024716889364062
8026,0.027746610840665507
8027,0.10494948910769153
8028,0.014133051201431436
8029,0.018484174729800025
8030,0.004011055406989905
8031,0.10701958018055772
8032,0.029145040966480348
8033,0.07606787523245791
8034,0.01747030127115704
8035,0.06479168627190107
8036,0.17865175728069135
8037,0.19292585381837365
8038,0.037279322824471904
8039,0.15588748351138448
8040,0.08702334057438334
8041,0.00920832181458982
8042,0.007617582179458172
8043,0.04610025593874515
8044,0.0648100670588607
8045,0.03089866472414192
8046,0.19214258706486378
8047,0.09798093661967337
8048,0.09049113136513796
8049,0.08675295976921057
8050,0.05635286418403263
8051,0.04424370859625913
8052,0.013089333469334805
8053,0.0556134170113607
8054,0.12702959882907566
8055,0.07304665117367179
8056,0.03239465509445158
8057,0.019672416539398822
8058,0.051949189795418654
8059,0.017238590024215992
8060,0.02810958299694948
8061,0.046028251018694906
8062,0.04406387075593169
8063,0.11477745289710774
8064,0.03164193579292474
8065,0.1253166863367541
8066,0.10637727925655094
8067,0.033219737778070524
8068,0.03333808741955287
8069,0.018799568850705193
8070,0.02612778159551755
8071,0.04112194252361026
8072,0.028330444957981246
8073,0.05366405027031631
8074,0.021930963719175484
8075,0.012512487967646957
8076,0.26660264425623326
8077,0.04855666625357441
8078,0.05778230544774107
8079,0.019408746998004312
8080,0.04685209819790784
8081,0.053292751563231655
8082,0.008822500613233903
8083,0.014166001453819372
8084,0.01057644634176752
8085,0.015111478617031137
8086,0.01655958066564736
8087,0.026674849870816444
8088,0.0793982886588273
8089,0.054763306608582925
8090,0.03436747478023134
8091,0.019546013381296492
8092,0.05659863251972422
8093,0.07904489397446736
8094,0.3046626878382675
8095,0.1381523868311914
8096,0.21290064976935535
8097,0.006990898770518921
8098,0.010260088217162826
8099,0.1396515476426203
8100,0.018061764027347115
8101,0.03704725672900096
8102,0.05283886240475626
8103,0.2091221202314347
8104,0.024546790450116256
8105,0.1779092578035956
8106,0.025039016532710724
8107,0.022537307570282567
8108,0.15002873949314577
8109,0.02493813187321146
8110,0.007662736448427789
8111,0.006706063136687743
8112,0.014727075723824671
8113,0.27110332482689947
8114,0.09200848782410664
8115,0.021038752210019596
8116,0.019977997649426576
8117,0.06267219964817014
8118,0.046994238414968054
8119,0.026635974579405006
8120,0.01664666037477756
8121,0.016055816057094358
8122,0.039665010706593
8123,0.06986909755868574
8124,0.03568853856184203
8125,0.05447455428344734
8126,0.018007098263594985
8127,0.012140138515593688
8128,0.017875075673086445
8129,0.009306089666217937
8130,0.01900409454834237
8131,0.06844638649940886
8132,0.036014493197321605
8133,0.35629762499921636
8134,0.041636715219616316
8135,0.07302876412694098
8136,0.05711608373278291
8137,0.007958471966998695
8138,0.0145797244660218
8139,0.018997850862762986
8140,0.10379099293131896
8141,0.03835497349806005
8142,0.020777253851771406
8143,0.026253015255509115
8144,0.01462544002786986
8145,0.224060552444784
8146,0.003436427232511016
8147,0.013391430968728281
8148,0.044640296314164045
8149,0.013887421591001427
8150,0.059097724500240506
8151,0.021981091629522328
8152,0.025183033063605902
8153,0.013051862407839131
8154,0.033359772829040055
8155,0.01886148379142527
8156,0.029772769271633946
8157,0.01986895470713743
8158,0.06754775508125413
8159,0.084593520396521
8160,0.08399268904917054
8161,0.01360144255348597
8162,0.01957215877100585
8163,0.008615931863709264
8164,0.018651226962111068
8165,0.020691755970785448
8166,0.07274003697703912
8167,0.01763911767834757
8168,0.12261759969763711
8169,0.009301489491452701
8170,0.05838600251315978
8171,0.03831805767643942
8172,0.01111988030541071
8173,0.057237839537968245
8174,0.029866940220813917
8175,0.07352659324575928
8176,0.023354502655541967
8177,0.014247067765563901
8178,0.023372095360232978
8179,0.005133802040741429
8180,0.0902551409770762
8181,0.031954630528577194
8182,0.05300081235164123
8183,0.23052538087986393
8184,0.010434034215064414
8185,0.012030574844490036
8186,0.12238479258697935
8187,0.023943126745476325
8188,0.08921310036850287
8189,0.00476511313185821
8190,0.006332351570659039
8191,0.003230913695633063
8192,0.04050714630866795
8193,0.02972634538567247
8194,0.057486590732016514
8195,0.0037925801034125054
8196,0.0361656468346342
8197,0.22439841600794302
8198,0.010801919604101332
8199,0.2592202283289385
8200,0.031020427813596957
8201,0.019100085220073868
8202,0.030190045175742697
8203,0.1425914009528587
8204,0.06925444422381972
8205,0.06644942049450016
8206,0.04115943982991581
8207,0.04190037827134095
8208,0.05098490696930664
8209,0.1620122708647626
8210,0.010205593897513899
8211,0.011496755649091008
8212,0.14616634755729216
8213,0.004367229536624072
8214,0.010304355712165654
8215,0.04863937744176809
8216,0.052566257393711485
8217,0.1580295732186541
8218,0.03170676717036999
8219,0.14667039672304538
8220,0.051489836637380715
8221,0.04839216485992482
8222,0.04998970727488823
8223,0.1350216962891904
8224,0.03881523624650258
8225,0.0323970494031674
8226,0.033467382346664236
8227,0.01275621743143558
8228,0.39092120189782936
8229,0.023882803176860107
8230,0.046763825770482534
8231,0.1941013969647713
8232,0.03014887513955536
8233,0.019530895844590907
8234,0.02078887584979988
8235,0.06791441582212611
8236,0.1803502027565158
8237,0.024225984442536607
8238,0.1306064566503732
8239,0.0031148616164633314
8240,0.09229613971969088
8241,0.026429254205358802
8242,0.0941791499543174
8243,0.01926573924785198
8244,0.02570677573784029
8245,0.04639631626338555
8246,0.03561952361997344
8247,0.0499530497988071
8248,0.020872190399646055
8249,0.03304416305809454
8250,0.008554848883869112
8251,0.03387579804017407
8252,0.036231422784563025
8253,0.056979536382018345
8254,0.0447117974564337
8255,0.10774635577298955
8256,0.02029412865360044
8257,0.02073732032366278
8258,0.06447654575824828
8259,0.061275604729471876
8260,0.0156599931974134
8261,0.02871577752148987
8262,0.1646466529201824
8263,0.020333933981694682
8264,0.05524502645782354
8265,0.07157641815170508
8266,0.12437193771115494
8267,0.0017110840486962888
8268,0.047517506158090285
8269,0.007054966971414126
8270,0.004081630130190006
8271,0.025355153740839815
8272,0.03328555984137236
8273,0.02059806974066256
8274,0.023041707092759357
8275,0.02274963219993565
8276,0.010089312317941933
8277,0.20286029835613492
8278,0.09049265055945119
8279,0.03223372176461486
8280,0.023142215622683197
8281,0.2240617048770362
8282,0.06233403560600215
8283,0.014142332534752632
8284,0.1718301627459332
8285,0.05094102398321723
8286,0.012172041613570054
8287,0.008575280473419317
8288,0.1306462289762004
8289,0.038745393653405395
8290,0.04233242675592488
8291,0.4290773808559599
8292,0.010788801599762797
8293,0.027513875822861883
8294,0.006192648533191924
8295,0.1165814395833469
8296,0.022310000577384807
8297,0.0402758769534587
8298,0.018663877957272108
8299,0.007772466523281528
8300,0.09558803192574146
8301,0.015039080049826542
8302,0.023773247183069546
8303,0.06679867392610418
8304,0.018536174390909176
8305,0.01542881749132495
8306,0.19382721687988466
8307,0.020140777386322348
8308,0.022281528039057686
8309,0.0276248822055791
8310,0.08366032868057306
8311,0.0568960890312561
8312,0.04927444441782742
8313,0.04341818150223846
8314,0.019908494943772743
8315,0.001996833013230102
8316,0.024729241361410453
8317,0.03316857220722573
8318,0.014891592349372321
8319,0.0194699468862191
8320,0.01048985103298132
8321,0.05467404034718803
8322,0.08744675343620649
8323,0.015956163179451106
8324,0.15885221466327382
8325,0.09155216733065114
8326,0.038024538279707046
8327,0.027947619426716322
8328,0.022499302504273927
8329,0.16220089442597915
8330,0.014817583686631261
8331,0.031030674782406873
8332,0.009174881100205014
8333,0.01686893746098478
8334,0.04207365254825298
8335,0.01057253188483094
8336,0.011045597353220955
8337,0.048496131193985575
8338,0.16578616615073943
8339,0.056315159469315035
8340,0.044119461032370466
8341,0.026867372762193545
8342,0.035235556649868556
8343,0.08194975102941035
8344,0.03440815739908676
8345,0.03602903319988066
8346,0.057450492559873
8347,0.0661643736253321
8348,0.08224520324187028
8349,0.09611548738460712
8350,0.017307775611460807
8351,0.06465316805659117
8352,0.027259458225782865
8353,0.046510489565391805
8354,0.020354971597864972
8355,0.025084953593457495
8356,0.028089902671622133
8357,0.04717493545769822
8358,0.0339178177458564
8359,0.0390488051618484
8360,0.1797126989862529
8361,0.09142435298377788
8362,0.024043422365104896
8363,0.026211782339484638
8364,0.06790773988400334
8365,0.24577368438045605
8366,0.06923757319104042
8367,0.022900825429959287
8368,0.026680187828632962
8369,0.030325190859808795
8370,0.027334949149411966
8371,0.035848121714843986
8372,0.010129906495965407
8373,0.07313021968200385
8374,0.022207378518200163
8375,0.02651145157653683
8376,0.044695859176485046
8377,0.04792946855855181
8378,0.06568927807057026
8379,0.10170400762906304
8380,0.034581283847995935
8381,0.14439712243829633
8382,0.03081708441357651
8383,0.0451017249179602
8384,0.08800666822957459
8385,0.02972145763767872
8386,0.023452553320182944
8387,0.04928011771525529
8388,0.11547177033852593
8389,0.016929771383243624
8390,0.013051864571442745
8391,0.01879548380918752
8392,0.01360865862529405
8393,0.18380104424351526
8394,0.06980629780334742
8395,0.031027532409492135
8396,0.01643903772133453
8397,0.07431844626187697
8398,0.16331926514375644
8399,0.013389562128335553
8400,0.03264805835921022
8401,0.04391879439910045
8402,0.04591771350586358
8403,0.022485162715900026
8404,0.03779764194257696
8405,0.05127025035337389
8406,0.010970993602137248
8407,0.03574594954620569
8408,0.005640131089014069
8409,0.008117497703475746
8410,0.027614348324699098
8411,0.07078768292128867
8412,0.07812510863160563
8413,0.05662951263613742
8414,0.035000247441499883
8415,0.04813459210668477
8416,0.03352978341487263
8417,0.08331512301874498
8418,0.04212282547247651
8419,0.03638179797700782
8420,0.054377180390517074
8421,0.09716843750507669
8422,0.01888832510584052
8423,0.13820055359918826
8424,0.05637631040074845
8425,0.02013854447066785
8426,0.047361311451116384
8427,0.019281520187665425
8428,0.32871953273300686
8429,0.021065920564774434
8430,0.06842330622041627
8431,0.04050622831640476
8432,0.0238575108679193
8433,0.008182383164991324
8434,0.013891628944480004
8435,0.01994877746833145
8436,0.06886779451935073
8437,0.03608575077161755
8438,0.027383018440976903
8439,0.025552153170655328
8440,0.10240542935171454
8441,0.02089590545158027
8442,0.039996228080383646
8443,0.022372254769269635
8444,0.09723512148251223
8445,0.0335874212769355
8446,0.06098568980311717
8447,0.04545703606619499
8448,0.06039463232751515
8449,0.02696608971661474
8450,0.31136141909683446
8451,0.043733220871045114
8452,0.01975890603580608
8453,0.02684618418895985
8454,0.08983748997531829
8455,0.040161426842616456
8456,0.06769046449412239
8457,0.031185501938248494
8458,0.037485657123260324
8459,0.015614847988321925
8460,0.03149829154609113
8461,0.025641019036933364
8462,0.026675361893855002
8463,0.04776927017667095
8464,0.015729391929498605
8465,0.07802848986105251
8466,0.11636767560944586
8467,0.02151210106714068
8468,0.07294862895449282
8469,0.011768244510418453
8470,0.05556843845436313
8471,0.004511011527310397
8472,0.04416196495568013
8473,0.11953771849063285
8474,0.02891592598703548
8475,0.012927088186003513
8476,0.004146985870168112
8477,0.0745819324244647
8478,0.03079264283320733
8479,0.31977707939613764
8480,0.02410330909491697
8481,0.03820873723709247
8482,0.021385093723244056
8483,0.20714879476532436
8484,0.005873086161488548
8485,0.01330056492896348
8486,0.02120788229048058
8487,0.07467187170124534
8488,0.10155643149692796
8489,0.03381545279490931
8490,0.019558026655764022
8491,0.06358897310410916
8492,0.04785236498630634
8493,0.03059871685710035
8494,0.00814487950285935
8495,0.017717434353106676
8496,0.017192930612482737
8497,0.07130871004711596
8498,0.028859140952459925
8499,0.021012461119553228
8500,0.02826222840658526
8501,0.028896475997902057
8502,0.008682819231899376
8503,0.03633251605195032
8504,0.03205350156606203
8505,0.040773082693416514
8506,0.029049413096601483
8507,0.009364653189220239
8508,0.030400298371021626
8509,0.08358011793137636
8510,0.05704553998488426
8511,0.021192316073640173
8512,0.017825341073186517
8513,0.05433641290756299
8514,0.018767552758924524
8515,0.030360925050259994
8516,0.027437051247553385
8517,0.0735888073911938
8518,0.03371956339260829
8519,0.03670620339860379
8520,0.058680317410348855
8521,0.01574658518497798
8522,0.0423815200670306
8523,0.02063376548154745
8524,0.09962370533630727
8525,0.01161367258266358
8526,0.0975985771260466
8527,0.036971477916012595
8528,0.10186112092300431
8529,0.01569054186523262
8530,0.003616905962536727
8531,0.08828151629451957
8532,0.016981843267229742
8533,0.015078922607131189
8534,0.06418787177121787
8535,0.04041738257553749
8536,0.1655042908660578
8537,0.012542054335609943
8538,0.07141678256138631
8539,0.05688063682212662
8540,0.01640229703712671
8541,0.05545288366632614
8542,0.010272002317908719
8543,0.03897701527524787
8544,0.02283696795825566
8545,0.01862378888825908
8546,0.05368802647136507
8547,0.0292890226558061
8548,0.11421279948917606
8549,0.02191018938225176
8550,0.012820417689921352
8551,0.023361947246171345
8552,0.014249920542203625
8553,0.007769865720356716
8554,0.03419883286102583
8555,0.03165533893597756
8556,0.012477267675343781
8557,0.032523755798303466
8558,0.009511926226419675
8559,0.030708419592250773
8560,0.0087695333140284
8561,0.02034596321364281
8562,0.11439581484677666
8563,0.048493968264130854
8564,0.2032384783625321
8565,0.034114833321868564
8566,0.0073798192140752455
8567,0.022152374501194814
8568,0.10026780799903476
8569,0.03374148373512323
8570,0.04876346563510813
8571,0.03235588417771706
8572,0.13778305871697055
8573,0.03383711518342457
8574,0.25468053466473073
8575,0.0390593782957797
8576,0.08494933016501947
8577,0.10186842703708318
8578,0.05557175943056562
8579,0.03275829078627861
8580,0.04495304170637626
8581,0.09583031380439207
8582,0.025955518326835073
8583,0.012788481984219278
8584,0.031878467048630864
8585,0.007714508363201699
8586,0.0006761938500240808
8587,0.025527220075386242
8588,0.018922981233416465
8589,0.0728015596653152
8590,0.04767765370007405
8591,0.06444543109578486
8592,0.011498317052528755
8593,0.014165506570807203
8594,0.08393686941132945
8595,0.02968531504285054
8596,0.042965818988638
8597,0.014111344142092173
8598,0.02489873637761537
8599,0.014278990681820281
8600,0.044219881389560935
8601,0.03692513776762003
8602,0.039832668963383354
8603,0.046765618239296945
8604,0.013036163757346744
8605,0.006323750355418724
8606,0.07698921797390508
8607,0.01354034111377645
8608,0.036621054963485
8609,0.006989003671831169
8610,0.04834689976984987
8611,0.0051890567733202725
8612,0.0555306538619922
8613,0.00925085125365835
8614,0.06637144113851275
8615,0.023672137511776863
8616,0.003849725018936792
8617,0.053777568224145395
8618,0.021329280399818715
8619,0.012262349551711956
8620,0.007652713519108755
8621,0.1832726766701383
8622,0.032629257915529286
8623,0.01781168496150461
8624,0.03177083794032015
8625,0.015528442742611549
8626,0.01570552615825107
8627,0.07205570174455893
8628,0.09613354121276614
8629,0.029253975638303446
8630,0.02042523234754375
8631,0.0338620618366747
8632,0.016483196373314357
8633,0.023179409889944325
8634,0.023418237605539422
8635,0.14043267995732184
8636,0.02809057374909038
8637,0.1715485530368572
8638,0.03250798574677774
8639,0.01831153369870612
8640,0.07670891849510837
8641,0.04452256735657599
8642,0.041215963483409494
8643,0.05791837827601835
8644,0.11199862663243929
8645,0.08030937379971745
8646,0.0017139756533656612
8647,0.016027846316565484
8648,0.010952356477901866
8649,0.05223838717476241
8650,0.002618959036875816
8651,0.044916688649011646
8652,0.2546810984524142
8653,0.1093880649834189
8654,0.3712991638731804
8655,0.019595685769031475
8656,0.1847984798297757
8657,0.033189820656103895
8658,0.06638365702395778
8659,0.03053861156554403
8660,0.05762731792201017
8661,0.03721698245163981
8662,0.04282070605537796
8663,0.021027776648127362
8664,0.07385793570151733
8665,0.030976612782691443
8666,0.025668746771602066
8667,0.06743752822649271
8668,0.3052939770764628
8669,0.03438475797731402
8670,0.023805461525553538
8671,0.037458131252317506
8672,0.03101234385266061
8673,0.02298014952272832
8674,0.05606790885892952
8675,0.02606153371827353
8676,0.020459088420809738
8677,0.024257002450531875
8678,0.0044140205711405735
8679,0.23828095420695242
8680,0.1085208668887105
8681,0.08669592668114862
8682,0.07369096806516683
8683,0.006398622810496367
8684,0.024896233003385452
8685,0.06190837935106262
8686,0.14795635493654188
8687,0.009125597481419275
8688,0.04126952943845665
8689,0.012561395399063747
8690,0.07647001961604415
8691,0.029483977501124088
8692,0.022230376509176662
8693,0.017209131993846875
8694,0.04047565552225803
8695,0.03634730424060221
8696,0.11953431586187603
8697,0.09627675109621654
8698,0.10272185024883426
8699,0.13740228836948573
8700,0.13066169496065583
8701,0.05485219477325217
8702,0.031246913283001658
8703,0.10359279779173552
8704,0.016920097298112904
8705,0.02442460037917534
8706,0.00158636438064257
8707,0.02268366457289136
8708,0.1492358536997806
8709,0.058392027675084224
8710,0.06257382613685666
8711,0.19886905593787255
8712,0.00987014208955208
8713,0.028425142164227542
8714,0.029169558267346855
8715,0.013965637786231543
8716,0.02237995100031537
8717,0.0765945284648769
8718,0.15812721895711448
8719,0.017489101549497926
8720,0.017068696579012305
8721,0.02118015475976848
8722,0.020877412670274445
8723,0.01759221619101388
8724,0.3263304790220806
8725,0.03372312387125018
8726,0.033364378551348745
8727,0.00979400803879463
8728,0.010013105173527898
8729,0.019227250853872283
8730,0.010800203183180456
8731,0.00964807005030883
8732,0.01744412418774757
8733,0.005577873932555732
8734,0.027132724941120605
8735,0.04890513374166564
8736,0.04647652008422536
8737,0.005116469647264168
8738,0.10018256601521834
8739,0.037557244993023195
8740,0.04625815011836087
8741,0.1287261268036223
8742,0.020060617174642956
8743,0.037016645983833744
8744,0.03792024633875349
8745,0.03618693000173182
8746,0.045825804099545765
8747,0.009308709229773249
8748,0.08848363935130332
8749,0.02363550167417336
8750,0.00834525224461733
8751,0.010706980532609964
8752,0.03316370419988699
8753,0.015260954525947962
8754,0.09075176352155953
8755,0.023366276199616547
8756,0.01891289194900195
8757,0.019518119542840946
8758,0.009288826848172211
8759,0.026333668611052064
8760,0.08411150621337539
8761,0.061236856708615055
8762,0.03856034374414956
8763,0.015276257452151365
8764,0.011833991378952554
8765,0.006389706113876455
8766,0.02426143045081859
8767,0.01078303854739919
8768,0.0026473287779789087
8769,0.1694067627190944
8770,0.030872142238543576
8771,0.016854839175777254
8772,0.06861563297362476
8773,0.015363700589611598
8774,0.04109301138089246
8775,0.3640636502261742
8776,0.06386973550516616
8777,0.040070344849218786
8778,0.0450793042053657
8779,0.022567052188992378
8780,0.08131286066737642
8781,0.01727704197143522
8782,0.019016048216160358
8783,0.026173772016808886
8784,0.17322226026741408
8785,0.016189333275825578
8786,0.053152654773026345
8787,0.015537885189088245
8788,0.013000097675275839
8789,0.011824388009468525
8790,0.0037525895880649216
8791,0.03228952802667712
8792,0.03511820727343232
8793,0.028508856380208582
8794,0.03909459555821111
8795,0.018956608691423155
8796,0.045852013538507014
8797,0.013343925581905053
8798,0.03652390871128331
8799,0.04398373573757965
8800,0.01416586767151461
8801,0.025410573384156313
8802,0.020232250938144056
8803,0.04738329381527652
8804,0.01959542231792188
8805,0.003915426863356561
8806,0.03444366640389709
8807,0.017739313060440038
8808,0.04105522203818777
8809,0.008214086608124949
8810,0.0027460310735514227
8811,0.025334974701287444
8812,0.0867835477431708
8813,0.03741332458121132
8814,0.011613426785846705
8815,0.05911446304377026
8816,0.2005091836699498
8817,0.06359570687704248
8818,0.015274841647066044
8819,0.0815300951804119
8820,0.02861801767167388
8821,0.009117812912801839
8822,0.010091292011392467
8823,0.013329587832921742
8824,0.16100273008580832
8825,0.007737431234570231
8826,0.009518392738023617
8827,0.012906557286593479
8828,0.036629302465855766
8829,0.08610625114887922
8830,0.04641381833508358
8831,0.02839981366639203
8832,0.009439475592232516
8833,0.07092189031132942
8834,0.15575655994628532
8835,0.14604579072467844
8836,0.03520659457422946
8837,0.03527736699747148
8838,0.007615732018095145
8839,0.019985691047663054
8840,0.007645025848559046
8841,0.06747287716694331
8842,0.04207628797781949
8843,0.07655444498455319
8844,0.01762736300593069
8845,0.051984279193782935
8846,0.022539766093104034
8847,0.012313128589165894
8848,0.032861917707353264
8849,0.04350937132141359
8850,0.05237125858688409
8851,0.01103504713540192
8852,0.011523983452335832
8853,0.009153013246979879
8854,0.004412660656882057
8855,0.030682127155774237
8856,0.025292644213477808
8857,0.01444329630627449
8858,0.021448164902469143
8859,0.05026582912084149
8860,0.033413190363041495
8861,0.021012070876469717
8862,0.2061900468135133
8863,0.151678759409014
8864,0.02095866720421356
8865,0.11524468014915364
8866,0.07521566039792132
8867,0.028261726364444417
8868,0.3231088196654459
8869,0.011286952482631429
8870,0.1201880032831734
8871,0.030273057674052688
8872,0.08429666462776592
8873,0.00827184883750905
8874,0.009797993213877398
8875,0.03246500546806001
8876,0.031622706493403846
8877,0.04014336369537475
8878,0.18352736221478833
8879,0.043872375930809476
8880,0.009798154406228651
8881,0.008808425251934577
8882,0.019536095313775217
8883,0.027469705652950815
8884,0.05271838591909131
8885,0.044122406440749
8886,0.03508572525486414
8887,0.09968225933386635
8888,0.008931966222792865
8889,0.018457783070322774
8890,0.03567493955190706
8891,0.03580005604752724
8892,0.04604365188321857
8893,0.0116005076513724
8894,0.020403818287870756
8895,0.0342403633312579
8896,0.03326510423639018
8897,0.008544764297976608
8898,0.012423139136366374
8899,0.026246622274901595
8900,0.030811698103056475
8901,0.10263509164265827
8902,0.013132181354484608
8903,0.052324382217199414
8904,0.1117914649329971
8905,0.0067743688352212665
8906,0.13576345392929184
8907,0.1448967327491935
8908,0.19116005838493277
8909,0.09212363822548895
8910,0.013395810790170772
8911,0.05374325903203631
8912,0.02874683724724838
8913,0.018733149748745338
8914,0.03114337716874224
8915,0.05121345063304668
8916,0.011941911191978074
8917,0.004315587937930759
8918,0.0920942629096398
8919,0.03403411464318218
8920,0.036569828299342425
8921,0.019015182820740714
8922,0.25353432556478567
8923,0.014068959255165178
8924,0.014391452328184355
8925,0.10116439174508292
8926,0.03255015005278165
8927,0.013901142043634688
8928,0.05639206284383232
8929,0.03835831848665405
8930,0.00402131142730943
8931,0.014484055031326276
8932,0.03101681148072231
8933,0.024135835183555776
8934,0.1501879053586756
8935,0.05441137540974923
8936,0.01672582582766938
8937,0.016226892147762323
8938,0.010725732286372743
8939,0.08730527189954376
8940,0.04443786406228334
8941,0.015365567278456506
8942,0.019005353292393657
8943,0.007574638325841569
8944,0.026894250920602245
8945,0.02287996673339312
8946,0.027148336816900143
8947,0.024570575296757314
8948,0.07355614514069057
8949,0.11466935338881952
8950,0.037226071566485226
8951,0.0064204752855361565
8952,0.11766057069508332
8953,0.027247357403233842
8954,0.02497312388987723
8955,0.026815421222403255
8956,0.029211371252712674
8957,0.04006942647830059
8958,0.06274840978043009
8959,0.030405439187205514
8960,0.05611991927638706
8961,0.06308300184452259
8962,0.07567699115958477
8963,0.02222109991727468
8964,0.18905600760404126
8965,0.018431120011941967
8966,0.03953270934094123
8967,0.24281136318351235
8968,0.10879819276075614
8969,0.05346703260412603
8970,0.09726345857406286
8971,0.007833384448020593
8972,0.03290213056029165
8973,0.012988094881106874
8974,0.034061065030750654
8975,0.06974228985730199
8976,0.09772130493143348
8977,0.21958372876612808
8978,0.05303391199582095
8979,0.005946303647388004
8980,0.007908947268224546
8981,0.006940800961161623
8982,0.014948871659230716
8983,0.09412859201052862
8984,0.00991402206876165
8985,0.0300889816896044
8986,0.005417046600850308
8987,0.017108436647215987
8988,0.03481367818823996
8989,0.03786380084423683
8990,0.015557514610143909
8991,0.015601896511371031
8992,0.049491000006949365
8993,0.009888031303179192
8994,0.017397133584196495
8995,0.074834078537881
8996,0.03181743167471897
8997,0.03152783290549246
8998,0.013248990581526239
8999,0.01836010672827054
9000,0.028577190128331584
9001,0.00970695029551906
9002,0.43700317268389255
9003,0.013205614567528681
9004,0.01713231296703673
9005,0.011063133936365639
9006,0.06416537637854737
9007,0.07348403189606632
9008,0.02607043821169094
9009,0.06859845968289181
9010,0.026072634797245947
9011,0.08909544014783956
9012,0.013801557116570494
9013,0.030837281097589365
9014,0.1045939650917031
9015,0.04368657266529833
9016,0.05840307779032378
9017,0.06634462647941718
9018,0.022450765291063567
9019,0.040461475965237886
9020,0.062220817933896506
9021,0.06963837849260536
9022,0.007798435016194674
9023,0.010580343847241528
9024,0.1419105371676709
9025,0.07312421770656011
9026,0.02382329803440424
9027,0.08986277162701482
9028,0.03530948732215378
9029,0.03207194640063431
9030,0.0623775126375785
9031,0.05266627708470411
9032,0.0352681232307664
9033,0.20868584476670493
9034,0.0548129976950449
9035,0.012233455549849498
9036,0.022872365205138797
9037,0.02482175180307777
9038,0.023187645253722286
9039,0.026709870961834296
9040,0.03377178058510318
9041,0.09708829961644637
9042,0.028995637524993005
9043,0.10158022621133118
9044,0.036948027757772825
9045,0.05957865874866061
9046,0.03202302198443992
9047,0.06996974553056522
9048,0.024514906195751304
9049,0.027630984474976472
9050,0.08122051578433379
9051,0.052945229540877714
9052,0.03663990552143437
9053,0.020364417536943485
9054,0.0066925079555672454
9055,0.026112371641820044
9056,0.00804403000764548
9057,0.003980898717025502
9058,0.017354215285041014
9059,0.05057341701284287
9060,0.023398023621821546
9061,0.017612706771519673
9062,0.042294859364344094
9063,0.01963590312301776
9064,0.0131221473958359
9065,0.04740349597551234
9066,0.018993041261544746
9067,0.03406148562794151
9068,0.030573351360781938
9069,0.005667753041122382
9070,0.008869948187747782
9071,0.03435059109470943
9072,0.009194330019688354
9073,0.17761322052480205
9074,0.006461986375371885
9075,0.03791186097933597
9076,0.006551237774019907
9077,0.0999867194292952
9078,0.2829414195231801
9079,0.014967690778034655
9080,0.03941969099347506
9081,0.4179012067371037
9082,0.026049846111864054
9083,0.011222220630253398
9084,0.02810471681166373
9085,0.01620405113558679
9086,0.01734982540834568
9087,0.17126127991415444
9088,0.01672507750249827
9089,0.029860387318802674
9090,0.01406034577521164
9091,0.03379424039468455
9092,0.09458220257872002
9093,0.008420268999883355
9094,0.01551763872905297
9095,0.0764167007586264
9096,0.07697712815371442
9097,0.007769300438385115
9098,0.09484286188286264
9099,0.021859755010095606
9100,0.042668613712699394
9101,0.02463942343808833
9102,0.038917330111953176
9103,0.05639216000619254
9104,0.012471744375507026
9105,0.06421690360491164
9106,0.10307793978463183
9107,0.010059613655675152
9108,0.024590680227641378
9109,0.025866209993414463
9110,0.023218791903483502
9111,0.031498326075926356
9112,0.018644055569486135
9113,0.05419724067251555
9114,0.01119228868870803
9115,0.04074213907377283
9116,0.003870371359670862
9117,0.02987400264604251
9118,0.22284887226511607
9119,0.1843175840271652
9120,0.05392319683610867
9121,0.03294429052278829
9122,0.0071084731692939735
9123,0.10611528374925878
9124,0.02722044485565289
9125,0.03754692218839748
9126,0.019017081487693027
9127,0.03357839885915498
9128,0.12484448410800278
9129,0.10643584341623918
9130,0.015292327457287782
9131,0.031913652318733395
9132,0.031202131431280217
9133,0.012375039207668744
9134,0.02693379288486515
9135,0.024620126787144692
9136,0.023203219937967385
9137,0.014685366837504783
9138,0.008855137226566345
9139,0.09301715336812623
9140,0.0398861019737966
9141,0.03524934236728259
9142,0.02888118076211712
9143,0.00926341892914312
9144,0.030487710482855205
9145,0.052371517674484454
9146,0.11610376577700995
9147,0.07752942256637231
9148,0.042227798378884324
9149,0.015271369886348007
9150,0.04239365818013659
9151,0.020988169526036125
9152,0.028745652434499468
9153,0.04503883724573
9154,0.011144455468931787
9155,0.0922952309779906
9156,0.05630035099911653
9157,0.013789587289781214
9158,0.03080905744724914
9159,0.02235348538667905
9160,0.047296707416223514
9161,0.027566259061121295
9162,0.04657488535045412
9163,0.0423919131315389
9164,0.017832795223298968
9165,0.027374965051314773
9166,0.04423212586601851
9167,0.015930536944592823
9168,0.05493471118824533
9169,0.03556622454614149
9170,0.10956923085312724
9171,0.023133762606394118
9172,0.02557189936393218
9173,0.10332998115459391
9174,0.04973923571541765
9175,0.017532322575814274
9176,0.006085333343969723
9177,0.03054264486204925
9178,0.006460587212986689
9179,0.04732754138826036
9180,0.06230415656649993
9181,0.020851791506482573
9182,0.03282962911215945
9183,0.04205264087883244
9184,0.05219005153697867
9185,0.017842184745753772
9186,0.04221487881788075
9187,0.10281850307399618
9188,0.007662166706252993
9189,0.011473595348743558
9190,0.03843097863405274
9191,0.06564703538795921
9192,0.044259046195403384
9193,0.02632478952299177
9194,0.09682411950496382
9195,0.017368485493770482
9196,0.034018485354888425
9197,0.011321556839086765
9198,0.08050256900870428
9199,0.020256023362685543
9200,0.030315633069879555
9201,0.013711819501789463
9202,0.15130658253150428
9203,0.024780449017791195
9204,0.022484910854859444
9205,0.051552078529746644
9206,0.08603262117450337
9207,0.01785628728148558
9208,0.029009769331651128
9209,0.010071766637836889
9210,0.04496142743689229
9211,0.07486461542289813
9212,0.19762101159721962
9213,0.29347300353060546
9214,0.032901889654229854
9215,0.02151839968848945
9216,0.05242042417520746
9217,0.02325968158755504
9218,0.04093088330296118
9219,0.005764662548369227
9220,0.11278924460484177
9221,0.019198080874429705
9222,0.23961033537635962
9223,0.010191027842153037
9224,0.013274205837037386
9225,0.10794946284428045
9226,0.010040229518501993
9227,0.08101297701169011
9228,0.028592190610221696
9229,0.06504873525628407
9230,0.04370352951995859
9231,0.024992870920401308
9232,0.10812223090651796
9233,0.04238340052380816
9234,0.32012373605927535
9235,0.14635937685545558
9236,0.02926183133684866
9237,0.14180887762868202
9238,0.02678692679677738
9239,0.006411315060084568
9240,0.031075816564789464
9241,0.028816082611844897
9242,0.006885857172910919
9243,0.17779525092200957
9244,0.05022954440409075
9245,0.018607834005024984
9246,0.05269621197735734
9247,0.030509834150824266
9248,0.014190437963026159
9249,0.07400527953144266
9250,0.012663004207893706
9251,0.33325451074336343
9252,0.05664748987299725
9253,0.03759030045694781
9254,0.09395808866051267
9255,0.02039337027337832
9256,0.020005598298178533
9257,0.026574837050513007
9258,0.03072374797818992
9259,0.05606933077500717
9260,0.16349262960210129
9261,0.0004490501654938438
9262,0.028440358037322075
9263,0.020515001863521735
9264,0.019764266973616534
9265,0.038390171060416395
9266,0.00868930314816075
9267,0.013385375915059847
9268,0.014776437961029164
9269,0.03362438566594763
9270,0.3434933958751878
9271,0.12161359968187865
9272,0.03173157446738077
9273,0.013645198731106539
9274,0.0369075781848301
9275,0.05995217119297853
9276,0.08054566779713439
9277,0.037326145855818955
9278,0.10618409160790894
9279,0.044416867009184895
9280,0.020200073722704444
9281,0.1538397131850992
9282,0.03163162119097027
9283,0.04816036470526818
9284,0.01387061169338346
9285,0.07327273793067492
9286,0.015992000164421087
9287,0.05639056729489957
9288,0.029855779807236516
9289,0.03068763228304362
9290,0.030539088130534416
9291,0.05616244325170999
9292,0.011762288245658026
9293,0.016823877500286334
9294,0.025287598456988688
9295,0.04494951113848438
9296,0.025586815955084774
9297,0.0100919851565526
9298,0.0638312069960006
9299,0.04833014208657261
9300,0.18966180013656986
9301,0.007548144284951146
9302,0.006269351215916081
9303,0.03840063608543943
9304,0.008152191208388412
9305,0.12272317767343874
9306,0.047778961460574074
9307,0.026267382193167356
9308,0.013689932466120222
9309,0.04089946610578217
9310,0.019379319028159488
9311,0.1694016459837546
9312,0.11539178683696671
9313,0.06520360301459818
9314,0.030635024343185244
9315,0.035979264260902935
9316,0.06920754478427954
9317,0.04772122590939861
9318,0.16437097863315156
9319,0.022134594982844057
9320,0.27982592876285833
9321,0.08972910137963201
9322,0.013459801825429765
9323,0.05081803623781971
9324,0.03447721355671817
9325,0.00645196854903268
9326,0.013703601858942545
9327,0.026491203122245722
9328,0.020016491654122136
9329,0.050277581180136
9330,0.1283122440896176
9331,0.12734271537043687
9332,0.0760775131921023
9333,0.040860902962656945
9334,0.05459894756526186
9335,0.11537381275800436
9336,0.14286673720037607
9337,0.03226175474320898
9338,0.04581761806902289
9339,0.10681582560084531
9340,0.03472284803830358
9341,0.02244279432452547
9342,0.023305054697034783
9343,0.018135339874910884
9344,0.007571921652413751
9345,0.07334849474848684
9346,0.02060518596054483
9347,0.11509363030966827
9348,0.11834212762424962
9349,0.0702009111368692
9350,0.03525740278145173
9351,0.010334796839673994
9352,0.012650565177944807
9353,0.056410554860630374
9354,0.02127557738403632
9355,0.058933507492062207
9356,0.06148375054135259
9357,0.03132005731764188
9358,0.00816644777461239
9359,0.007084713635471395
9360,0.028627199434922142
9361,0.05028508812392426
9362,0.059694569694649674
9363,0.011265355500038886
9364,0.013220606868068169
9365,0.10574282993290679
9366,0.07548320469227904
9367,0.010606158061729517
9368,0.007428431564858896
9369,0.04814424160990659
9370,0.1487403606592856
9371,0.0006825164117113881
9372,0.11206189118728323
9373,0.012525940892743217
9374,0.03921750411953464
9375,0.04143918452985677
9376,0.04338106413002293
9377,0.14852747629480267
9378,0.010294443974145797
9379,0.09585514560432913
9380,0.020033798184056737
9381,0.10037099933750895
9382,0.013592410280853074
9383,0.03911879247377777
9384,0.041663033193919626
9385,0.03268501357361577
9386,0.00615940089366847
9387,0.007501439985457282
9388,0.02045317595042561
9389,0.12668316218845152
9390,0.023585283143937222
9391,0.04606252283518187
9392,0.0020423314391761252
9393,0.017055567568273068
9394,0.017103993510834102
9395,0.04652645923727919
9396,0.0049103165439770375
9397,0.11372154325548324
9398,0.05038760720517873
9399,0.00830200960020573
9400,0.052371389475301705
9401,0.039506064764996435
9402,0.07390159470677524
9403,0.027200286162090144
9404,0.041038096015495594
9405,0.01914274954709107
9406,0.03819829101306004
9407,0.031063072909078837
9408,0.01659436397952118
9409,0.12419063305244385
9410,0.014970999726890926
9411,0.08214831027256585
9412,0.08103785936022699
9413,0.017646855867389184
9414,0.01682120210345585
9415,0.010608320744387681
9416,0.014407769047327917
9417,0.015956498896947287
9418,0.08871135073555432
9419,0.017281706876275834
9420,0.04323268475347368
9421,0.019831596658662114
9422,0.01359196959896285
9423,0.023131478893083278
9424,0.020640946442453963
9425,0.07773916461675563
9426,0.02664209756558792
9427,0.013649375493832272
9428,0.03652687642298476
9429,0.023594028668355145
9430,0.07303989110407418
9431,0.22432018311237545
9432,0.10635081769583175
9433,0.39322939742869023
9434,0.0860072682679415
9435,0.011456449342647973
9436,0.025753549867782704
9437,0.03185869529519943
9438,0.07236889826279877
9439,0.11754606471074701
9440,0.02037759037608617
9441,0.0492087476188673
9442,0.032819691510715905
9443,0.11675987197116061
9444,0.15371440143781623
9445,0.059804988316392055
9446,0.053637811730021495
9447,0.043871161002382135
9448,0.05951481395023385
9449,0.021951454858661377
9450,0.002750225229549437
9451,0.014499095211659032
9452,0.0191304715404098
9453,0.05211796378428062
9454,0.11086905211069412
9455,0.052624727386100245
9456,0.014645883233189428
9457,0.060517019905643045
9458,0.015801035735777198
9459,0.07962279423465053
9460,0.025441489012212017
9461,0.038853073201010065
9462,0.020770660401336714
9463,0.07069061758140115
9464,0.03237724167604226
9465,0.02475499916906701
9466,0.015101318209196855
9467,0.09903322174501013
9468,0.03671945684306433
9469,0.02324858122672996
9470,0.04216335787078815
9471,0.0211888478490258
9472,0.24572361792928726
9473,0.08422969619238405
9474,0.053847182188824054
9475,0.027647597360172065
9476,0.022686292281370875
9477,0.03941622759166315
9478,0.15986125147683503
9479,0.47092632827234593
9480,0.0054849261863228645
9481,0.011764908178907676
9482,0.03444288194543065
9483,0.12972744778296721
9484,0.04128009428957386
9485,0.011599401868002245
9486,0.0728939355695085
9487,0.06748522055440896
9488,0.024387986417489547
9489,0.018196125123529933
9490,0.017017700974703783
9491,0.01900062707947075
9492,0.02232359841291932
9493,0.039956644562300546
9494,0.016722546163262166
9495,0.046286282829393295
9496,0.11353482646364589
9497,0.09110497998999033
9498,0.02507061002090756
9499,0.0663707148578056
9500,0.029816629040481282
9501,0.01881570699666583
9502,0.04307039087482582
9503,0.024154737657821113
9504,0.056409147867180584
9505,0.03364683589899305
9506,0.03825768569415159
9507,0.04074909838071507
9508,0.036034728346671215
9509,0.007050120104971686
9510,0.08717641396632438
9511,0.03190974789773409
9512,0.007508636380978075
9513,0.020303815658253073
9514,0.09121897373374223
9515,0.1317726823079305
9516,0.05659847319443146
9517,0.023787337227406953
9518,0.01614152765014837
9519,0.039631868002328756
9520,0.026316682342086454
9521,0.02395708863174148
9522,0.007323503045363072
9523,0.02376206236185137
9524,0.15935060738079485
9525,0.06962580033527598
9526,0.02676446131557426
9527,0.09254254621523623
9528,0.03413793828720317
9529,0.14557074363616854
9530,0.018042730955467493
9531,0.07327653497425876
9532,0.022580693216469057
9533,0.1255860927967
9534,0.04154128076500408
9535,0.18365655526581448
9536,0.024454099302120755
9537,0.08191350694554829
9538,0.01771187252614978
9539,0.00917423547826608
9540,0.07082712981347644
9541,0.04710719457673317
9542,0.04398363039344223
9543,0.0625952915024857
9544,0.11979467507488023
9545,0.004444133826548894
9546,0.03605383922331926
9547,0.017142645855882665
9548,0.02427256065621694
9549,0.07167356870305135
9550,0.10783046436158206
9551,0.022304467243765506
9552,0.010798912908056351
9553,0.016918095948236782
9554,0.07089498817774982
9555,0.009420101604963193
9556,0.16688894181839234
9557,0.007394353830539678
9558,0.013111621257105632
9559,0.13248805122509968
9560,0.01603224126175759
9561,0.033387184525571156
9562,0.06797573207239616
9563,0.03984981760480007
9564,0.011954965250560976
9565,0.04620261368780242
9566,0.028247316740938947
9567,0.014138557513166157
9568,0.053193056551365796
9569,0.016691636575824394
9570,0.09963443784275124
9571,0.1540654134584017
9572,0.027515340465727976
9573,0.23856572534887008
9574,0.12811791081293836
9575,0.07040778519221241
9576,0.029578287907845356
9577,0.07603608886729903
9578,0.03925685691499772
9579,0.03695277829633469
9580,0.10887838820314234
9581,0.011721034218321165
9582,0.016722846802795715
9583,0.03842639846697119
9584,0.011727858222879868
9585,0.01405726849058235
9586,0.02146336198805419
9587,0.14949184007982189
9588,0.13655379696119754
9589,0.005373997904040435
9590,0.026658716967486996
9591,0.012007875884075491
9592,0.0034357057650369082
9593,0.0637833866037358
9594,0.07913510960149454
9595,0.06982887098126747
9596,0.11353675708375816
9597,0.038906392381674614
9598,0.016430937183215564
9599,0.052508704954361496
9600,0.11802871206665057
9601,0.1126022693966209
9602,0.07261192325370722
9603,0.01415127579090341
9604,0.019328541063176937
9605,0.07805102711823562
9606,0.05362914997184166
9607,0.008965128074055851
9608,0.028791109019334595
9609,0.1949960366162043
9610,0.04918997698745309
9611,0.020881075000276427
9612,0.06315309557063123
9613,0.03447160854691969
9614,0.10753624916944814
9615,0.01757061325322306
9616,0.018831352099123764
9617,0.013570494783892172
9618,0.006390057672561892
9619,0.15513394209322476
9620,0.15560546708117978
9621,0.09152037721231653
9622,0.03437744424483254
9623,0.019553404659557388
9624,0.049125824269715186
9625,0.04532583293514757
9626,0.040240774395195196
9627,0.05243741372195264
9628,0.017672140314554757
9629,0.02622679848939069
9630,0.02905302542215599
9631,0.08150950863790778
9632,0.05134036456152129
9633,0.01662293752829291
9634,0.009296573450448802
9635,0.09725718192546527
9636,0.03154903686065674
9637,0.039776570234712726
9638,0.1107540677041233
9639,0.05348677936076872
9640,0.02027533294234846
9641,0.05025334301030882
9642,0.06565890582318462
9643,0.014718442461788888
9644,0.04701549954665714
9645,0.02503924438503212
9646,0.05220277361450786
9647,0.05008668070183571
9648,0.015960617367090455
9649,0.03944224023205075
9650,0.007164233476789319
9651,0.06509466327876266
9652,0.019144072836038268
9653,0.08727974698468648
9654,0.049608051278939296
9655,0.03911291306671487
9656,0.06361956850778558
9657,0.04524736606574827
9658,0.07675609695990718
9659,0.012021003126071524
9660,0.05728675783863171
9661,0.0027865525584010353
9662,0.03280647926983646
9663,0.050593716687446735
9664,0.014053188464324736
9665,0.035709510242485545
9666,0.028305936967446862
9667,0.13277676652298667
9668,0.09587008732353716
9669,0.08108813038797863
9670,0.08278940539241089
9671,0.12743930060452574
9672,0.08893025527136575
9673,0.01068127258253267
9674,0.03582414193343288
9675,0.03519072451669903
9676,0.03788234929718932
9677,0.01483761720132015
9678,0.008624048318923267
9679,0.034781812392468074
9680,0.02222577206040605
9681,0.039027255881898384
9682,0.0724780017096246
9683,0.06109320585230952
9684,0.06389022657409765
9685,0.012692925681360281
9686,0.023187686088969203
9687,0.034948860738974415
9688,0.02735483148737856
9689,0.17326373871035844
9690,0.2565819848748786
9691,0.01535643687660062
9692,0.018767768212961992
9693,0.06510611075770509
9694,0.029852189659896063
9695,0.06793204974567525
9696,0.004475900164168831
9697,0.029811080284097655
9698,0.02880592648557686
9699,0.11279935767720228
9700,0.02236358610401044
9701,0.01905088883977914
9702,0.14152260932565489
9703,0.12583125688303898
9704,0.13663769703135328
9705,0.01266760173974516
9706,0.053522609548955186
9707,0.00853258707070696
9708,0.06153475204993397
9709,0.009365899800054303
9710,0.03121358938761615
9711,0.2583408060918198
9712,0.014833102122440787
9713,0.15218699653059953
9714,0.0414440670550357
9715,0.053612399976400944
9716,0.023119669135218693
9717,0.01758405261699185
9718,0.028102608590573137
9719,0.05417400383276755
9720,0.020635275070163866
9721,0.0038066021395965887
9722,0.01955964650736558
9723,0.2855520644324057
9724,0.0065359901274832325
9725,0.008930095532955554
9726,0.0506418289443
9727,0.019860370974517094
9728,0.01255027838390629
9729,0.03976206870265602
9730,0.023987443111014962
9731,0.022557111410957304
9732,0.02316305217676646
9733,0.006459600623765397
9734,0.018183720555476398
9735,0.026982118053665193
9736,0.026843770193237092
9737,0.0995311727660251
9738,0.06670299810249569
9739,0.0813823295173897
9740,0.09538883096789344
9741,0.012021546094674042
9742,0.014248569060720678
9743,0.04753007713149569
9744,0.03128414140092112
9745,0.03274728040962164
9746,0.03266992803391399
9747,0.03969148067858796
9748,0.22148496760185055
9749,0.13314613310329704
9750,0.024374835939663792
9751,0.015929286372931888
9752,0.028183913860205592
9753,0.016068501295089854
9754,0.12459655030378959
9755,0.009251390045431955
9756,0.005043152514730355
9757,0.058628041519620644
9758,0.01484046719574438
9759,0.014148164127266799
9760,0.022915365457275454
9761,0.021498971591424214
9762,0.03629363535491745
9763,0.013415018849101235
9764,0.034542939653265
9765,0.006461545111957281
9766,0.017083822727599222
9767,0.043364103946495106
9768,0.05485597295877521
9769,0.018291866964916022
9770,0.12139601800569973
9771,0.04339070235775779
9772,0.003447603563888613
9773,0.1081703855983462
9774,0.02030890227129725
9775,0.023490321073089206
9776,0.1128044069429273
9777,0.023074420159115882
9778,0.008252623448324479
9779,0.03062946361076504
9780,0.031331477311425764
9781,0.006121734782048631
9782,0.02844564584323361
9783,0.03712651175124895
9784,0.017550541622344446
9785,0.011854280957615369
9786,0.0550102686181198
9787,0.02939264784245295
9788,0.18435066908419906
9789,0.0509375592535038
9790,0.03025046211452175
9791,0.04647268456664911
9792,0.02289321074822629
9793,0.02276998242644325
9794,0.053566581391277186
9795,0.05001033948176022
9796,0.04126147764696139
9797,0.07648882723920698
9798,0.025703128013995803
9799,0.008126868857465181
9800,0.019540281510705255
9801,0.13478540629794067
9802,0.058585292316335955
9803,0.010837021075036014
9804,0.0861701862946462
9805,0.00740201512303182
9806,0.03059835008661563
9807,0.011322495100975816
9808,0.007124991422137766
9809,0.022486604901823734
9810,0.09351134776763288
9811,0.011880304206233403
9812,0.009726753012571206
9813,0.10735660117817222
9814,0.011381813093551884
9815,0.008622906336751033
9816,0.05192819807511914
9817,0.04140725577253929
9818,0.021028138354351026
9819,0.02375651429141961
9820,0.09739123701850766
9821,0.0443111306196802
9822,0.008652838935484491
9823,0.01135803267367515
9824,0.0037027314722005754
9825,0.014604500472420187
9826,0.02227488075357084
9827,0.022009635952863513
9828,0.05861338258863708
9829,0.02418186460553894
9830,0.03955731286966369
9831,0.07657525638713739
9832,0.04126406801411877
9833,0.022621924149618205
9834,0.03222461195268981
9835,0.02570601061484344
9836,0.031949770979654346
9837,0.013378195606933846
9838,0.06068136768531649
9839,0.1513315175323857
9840,0.13963446275970562
9841,0.006878042060434195
9842,0.06959178617788
9843,0.03659335763558776
9844,0.15563625213629312
9845,0.03976937447469119
9846,0.016963900807429134
9847,0.27032124815105557
9848,0.036985186083459895
9849,0.05710753577909353
9850,0.03971805465897
9851,0.031150164585632325
9852,0.07296258760719133
9853,0.04228871101070774
9854,0.11920037624287452
9855,0.010960735819991364
9856,0.023854797516043604
9857,0.018482082809499926
9858,0.011559375961859459
9859,0.04450545660687873
9860,0.03707912587535942
9861,0.01977371187406106
9862,0.03433465544868251
9863,0.013342098928046529
9864,0.010365312490993546
9865,0.04829181192024706
9866,0.03740016326666135
9867,0.01579326829916534
9868,0.0031109274081279055
9869,0.044261486586886896
9870,0.018898365984358748
9871,0.023463586916723192
9872,0.009599448262349587
9873,0.006828550957691192
9874,0.022684415926106156
9875,0.04413722214180451
9876,0.024963659251188337
9877,0.046492375270947614
9878,0.033692245015507695
9879,0.08337936982802008
9880,0.056522250846335595
9881,0.05914979750721543
9882,0.03474905100430236
9883,0.0097615122827792
9884,0.14125960413737357
9885,0.10174154682804176
9886,0.09683782793518914
9887,0.027663990364413766
9888,0.011198867525284845
9889,0.09242810091317152
9890,0.17774581945183598
9891,0.008815221745504065
9892,0.054041965505025116
9893,0.03691060756702231
9894,0.0065977973199378166
9895,0.0273381204052197
9896,0.0075514190180590145
9897,0.11727046015290313
9898,0.06023293705307735
9899,0.0262981506128735
9900,0.023401468867922538
9901,0.029646608246981683
9902,0.0217215571288042
9903,0.009584197999874838
9904,0.15214735876696867
9905,0.033359754540287355
9906,0.1453038486802078
9907,0.1657393612441473
9908,0.005602773479515598
9909,0.01431341398348265
9910,0.021525312716815036
9911,0.026704849292913654
9912,0.11882063619672477
9913,0.03554232907782109
9914,0.0418621735613667
9915,0.04731464323030472
9916,0.19820385071619756
9917,0.0326974095917829
9918,0.008767528482976635
9919,0.00865129254301134
9920,0.019221322416958005
9921,0.020777765385295695
9922,0.024362273612331144
9923,0.01993256161581369
9924,0.04092050866045263
9925,0.050934418733816926
9926,0.04181353137282496
9927,0.020681022962493596
9928,0.02343429814771389
9929,0.006525382171338536
9930,0.014088949940832046
9931,0.057446918358196666
9932,0.1918139392547647
9933,0.0291740558126623
9934,0.0049018190186016115
9935,0.007878336659362366
9936,0.02246279112756791
9937,0.021892441865322073
9938,0.030256591420993347
9939,0.2847208368820882
9940,0.06533791153222433
9941,0.04702187953565025
9942,0.015634023618248394
9943,0.06193338302267432
9944,0.046632707278097034
9945,0.21784613762177082
9946,0.013261532099459296
9947,0.08241682636528008
9948,0.13928193091242802
9949,0.028449849615465858
9950,0.06111085092957973
9951,0.16333750589604476
9952,0.012168176922831548
9953,0.06577105031583552
9954,0.00674296269529221
9955,0.009987355471351107
9956,0.03788793635872939
9957,0.03906442991355864
9958,0.10447390811380408
9959,0.01568746838437271
9960,0.046720634849411864
9961,0.0739398598136393
9962,0.1686788555808802
9963,0.0523626029740822
9964,0.0400390192804664
9965,0.031794790385197655
9966,0.37844289309791806
9967,0.06852322854065467
9968,0.03174806711092764
9969,0.02813494120468615
9970,0.041000328767568844
9971,0.022118317587580816
9972,0.022277824948028803
9973,0.04748968618010547
9974,0.0031305066543643096
9975,0.016637945542436836
9976,0.012088641538725771
9977,0.05034798448269629
9978,0.014722625102775439
9979,0.12739350829178758
9980,0.035577030789093606
9981,0.11095216862487793
9982,0.09488146849014012
9983,0.06860585142157255
9984,0.030745885042151866
9985,0.15284605559407433
9986,0.20879621850946453
9987,0.023658001422990196
9988,0.0076696751672707675
9989,0.03255051335876209
9990,0.02900246874663474
9991,0.015808104314510133
9992,0.052658122384186226
9993,0.10704230596974004
9994,0.025972938931859375
9995,0.03645781133575786
9996,0.0015028112169063535
9997,0.03034251819802618
9998,0.022027956787259374
9999,0.02431794560035141
10000,0.015699125184394046
10001,0.02006766242220228
10002,0.024524390358019954
10003,0.00930938653182534
10004,0.08881339167958796
10005,0.015002968989603028
10006,0.04619387991545677
10007,0.04518122973383424
10008,0.04037580802933978
10009,0.052129316905403615
10010,0.003960760119874548
10011,0.061343491133787065
10012,0.031127422328298
10013,0.03673603181217149
10014,0.10317487156654723
10015,0.09161718189868807
10016,0.04625277921051307
10017,0.12611668766909057
10018,0.042658614533180705
10019,0.039061005463544345
10020,0.03491930463345413
10021,0.2844978033442366
10022,0.0587370090296117
10023,0.036049550858541335
10024,0.013377474245905826
10025,0.16836887836912406
10026,0.012339609336904199
10027,0.1566252505363509
10028,0.0063402903615665815
10029,0.05203643888967495
10030,0.05911169642594421
10031,0.05051612303300413
10032,0.03860895549278696
10033,0.010046632881886192
10034,0.013099516463440587
10035,0.009186236974777539
10036,0.008329854231287615
10037,0.11434100842747845
10038,0.052606838886843595
10039,0.09463859703413616
10040,0.0037124662402918994
10041,0.03767118573275306
10042,0.0848342297177912
10043,0.026811932910369828
10044,0.11011666601072381
10045,0.07161796760424582
10046,0.005502489981747928
10047,0.0243509898203015
10048,0.06928951644640338
10049,0.02470846460112369
10050,0.05786960010275007
10051,0.05183022603792208
10052,0.04134364681936592
10053,0.025947643756657375
10054,0.013815538542481128
10055,0.027710471191169945
10056,0.06885373976643482
10057,0.008581262578683146
10058,0.030843992773875385
10059,0.09313031699829336
10060,0.011760979667545201
10061,0.09451980195151582
10062,0.09269610794565591
10063,0.033064282137190565
10064,0.0329569010026247
10065,0.017424646811532666
10066,0.012968881427603794
10067,0.11052748220045848
10068,0.014915186022371183
10069,0.011639171157038797
10070,0.0709393833052706
10071,0.0429106042351501
10072,0.05104284677649558
10073,0.20007599632848888
10074,0.010047747447070748
10075,0.008793732481453941
10076,0.022809119866949456
10077,0.06295296847044643
10078,0.04146086520846345
10079,0.06605727135162884
10080,0.03870757923581951
10081,0.053915257343512324
10082,0.043640629657229396
10083,0.13457731970123546
10084,0.015593508876517127
10085,0.1510645458247652
10086,0.19135794484181948
10087,0.12027110937612294
10088,0.04523591910523601
10089,0.022545502058596928
10090,0.010273188569768972
10091,0.019385833253998994
10092,0.02138949356327412
10093,0.05739393005440636
10094,0.0639271263680895
10095,0.02305166857131381
10096,0.10502871166859093
10097,0.032698155285814025
10098,0.06747519122693767
10099,0.012553585299301416
10100,0.011137089494921386
10101,0.0609818019149622
10102,0.01029074301344553
10103,0.009965017152635322
10104,0.09609287259331314
10105,0.018429299762841075
10106,0.13760376882346378
10107,0.026596330192385588
10108,0.011176250507078375
10109,0.03320109166490017
10110,0.03248119226609375
10111,0.036506059672190616
10112,0.03380038716189938
10113,0.016395742171091354
10114,0.013792720410765787
10115,0.03715006890724631
10116,0.01741482216532846
10117,0.0017956189783238884
10118,0.03352467826118365
10119,0.01833904110381177
10120,0.127555778031155
10121,0.008922190406869077
10122,0.08755073026642432
10123,0.04169804503407376
10124,0.09428566981973552
10125,0.01484191140383172
10126,0.005306880573666064
10127,0.018468232251292835
10128,0.06630546615099156
10129,0.13341956564809393
10130,0.010132542600526486
10131,0.03632874555792371
10132,0.008002525473180885
10133,0.0427022758140233
10134,0.006759114962269919
10135,0.029704743752348363
10136,0.01579484761618765
10137,0.02416583817095105
10138,0.024101962443595543
10139,0.018791834691863917
10140,0.023512825627036004
10141,0.007244362029488892
10142,0.013041803876394885
10143,0.05532453991592763
10144,0.020513784021440017
10145,0.013383581213169378
10146,0.0580701263821159
10147,0.011153036521805904
10148,0.06019404979313823
10149,0.009827280121704416
10150,0.15137806544107857
10151,0.26260031820461993
10152,0.03189427741006516
10153,0.020999112889782887
10154,0.040220044701078976
10155,0.011487672644469244
10156,0.03788083499742855
10157,0.07041753177065162
10158,0.024638578200667983
10159,0.08165519909531863
10160,0.0348977578263012
10161,0.03898181989865759
10162,0.018593384685506083
10163,0.010516983831813436
10164,0.1102920033980582
10165,0.035682451467124995
10166,0.01587966832545467
10167,0.01179201276889363
10168,0.03826614304576754
10169,0.011784471143863415
10170,0.03032685977417793
10171,0.02657961543985495
10172,0.11105780274978413
10173,0.1541080827389631
10174,0.012161127790366731
10175,0.039958107958117856
10176,0.025703636491188654
10177,0.05597437486029733
10178,0.034970987355569486
10179,0.008028302771715038
10180,0.21042394327244265
10181,0.02614837662913367
10182,0.016952754248523202
10183,0.0310037557117113
10184,0.09078956086662988
10185,0.03587198400456049
10186,0.35228343260558537
10187,0.030596398235940958
10188,0.052723475950272436
10189,0.04267501405395137
10190,0.019185485987565098
10191,0.05452305227146938
10192,0.27670177375733634
10193,0.005688339831067979
10194,0.052299076102281405
10195,0.016061248470447195
10196,0.02869326225770932
10197,0.02950799256377686
10198,0.04505190135028745
10199,0.03950283349080417
10200,0.03533874592105552
10201,0.004850844204005813
10202,0.041118915183924465
10203,0.029739358076872068
10204,0.0379155726800069
10205,0.05037589629290109
10206,0.08355617111057394
10207,0.09922241784756043
10208,0.047872313730222174
10209,0.0406684968886922
10210,0.029171324812814915
10211,0.02052889008317041
10212,0.03805300512211229
10213,0.024794800318028345
10214,0.021539944310773416
10215,0.014736078356073375
10216,0.17409322945197328
10217,0.00786309993966852
10218,0.07927843777646933
10219,0.07472964571851202
10220,0.24338852884425888
10221,0.052745076760754565
10222,0.14261744107528096
10223,0.008661586535511917
10224,0.15869214725220412
10225,0.04841591299707432
10226,0.09546244772004003
10227,0.08588728924430616
10228,0.21150921364560543
10229,0.0882740723382001
10230,0.31062170265330286
10231,0.03271425780527645
10232,0.0820396005185421
10233,0.01678798494435662
10234,0.04194313241570942
10235,0.017184044182852305
10236,0.010813359299191212
10237,0.005847508751919085
10238,0.0001148068019652836
10239,0.0677684715946604
10240,0.10452928197770953
10241,0.10874364721031111
10242,0.047521842057929205
10243,0.014982897051161688
10244,0.02860773744789626
10245,0.028970043423178236
10246,0.014826736202047261
10247,0.035038033494610245
10248,0.03208977670515275
10249,0.031395092798075605
10250,0.08898428060334072
10251,0.03585048401429544
10252,0.038612024259657936
10253,0.016796951050645607
10254,0.0048225852938364785
10255,0.0597936873108653
10256,0.04256249206329852
10257,0.011464419479865639
10258,0.032634284741518485
10259,0.04447115741816773
10260,0.19105603955264394
10261,0.15659829951039084
10262,0.020013793248053902
10263,0.010645237218797635
10264,0.05312543784817473
10265,0.03376771713241874
10266,0.011709868254282534
10267,0.05234923617179742
10268,0.034789676160618926
10269,0.03232751821702188
10270,0.028750340238697263
10271,0.0808101031842168
10272,0.009581500667783582
10273,0.07452434330539555
10274,0.015798403936418154
10275,0.02722118474117008
10276,0.13286270438505499
10277,0.1029378296331831
10278,0.009086682243346703
10279,0.12927703673368643
10280,0.02588220210328565
10281,0.006987606512331458
10282,0.033529914849855555
10283,0.02657516827457417
10284,0.032713364522158304
10285,0.025015608568207615
10286,0.01737123421750533
10287,0.05016409019724485
10288,0.08475627556836145
10289,0.06111844339095282
10290,0.0562715912309596
10291,0.05611262516041813
10292,0.016799308872685728
10293,0.1220176683347177
10294,0.05852225750708672
10295,0.012580935978787866
10296,0.030075525085444435
10297,0.12195594258669774
10298,0.0546033059457876
10299,0.03368427848965859
10300,0.02724024198569179
10301,0.029033297387723873
10302,0.08286419559950271
10303,0.07829880598885347
10304,0.030999665138588654
10305,0.0268290125550948
10306,0.10234820470301637
10307,0.05930711064500616
10308,0.07668037043064678
10309,0.0360845674800709
10310,0.08182337035979503
10311,0.002411397745539624
10312,0.02845874142431094
10313,0.009551436214649388
10314,0.03692142427663983
10315,0.0521394522076185
10316,0.09118150069413523
10317,0.018880178184110138
10318,0.03083417877923984
10319,0.0026565366512717155
10320,0.03727641180106898
10321,0.002657546628354198
10322,0.08586346417412553
10323,0.015635986813400383
10324,0.17747660063789938
10325,0.05281631222399845
10326,0.007634031879592513
10327,0.024196158740862776
10328,0.03841056320467653
10329,0.13247576262860158
10330,0.02488088279043178
10331,0.01658157406444847
10332,0.03265101512811404
10333,0.2014657191475299
10334,0.01574768237264969
10335,0.030873689404836698
10336,0.02172174727999752
10337,0.035741866580896765
10338,0.017144046793962465
10339,0.09750790704372114
10340,0.014123601690716317
10341,0.11554139622508416
10342,0.030960373811167473
10343,0.003730750934738422
10344,0.012079927557323324
10345,0.030574569342842455
10346,0.06917393849437273
10347,0.016130262247576164
10348,0.006153781870573335
10349,0.02941535422379446
10350,0.02493554266762246
10351,0.03943500349287005
10352,0.00873682803529261
10353,0.03833529705017069
10354,0.039406033532045144
10355,0.0786055539445786
10356,0.053435379524899504
10357,0.08041638661198033
10358,0.014768423493236198
10359,0.11604246371604988
10360,0.04566027765524428
10361,0.305019217565659
10362,0.0706246162430814
10363,0.045619566743725956
10364,0.013784334192580041
10365,0.015037899596707524
10366,0.018468898301023554
10367,0.013765900079890796
10368,0.1051362092079529
10369,0.005774472764319662
10370,0.024628755543906544
10371,0.013810436920369725
10372,0.0787859411602825
10373,0.06275440796623291
10374,0.023795564836795877
10375,0.0844117907752954
10376,0.04472238088175871
10377,0.07563462637664033
10378,0.02600482674266996
10379,0.08315398920397431
10380,0.11993165679527672
10381,0.01945227370772836
10382,0.04249630896143049
10383,0.057357801991414145
10384,0.002661217729592016
10385,0.32557949850682116
10386,0.03995769345455274
10387,0.0988774146169879
10388,0.055299721500737094
10389,0.07508036357762939
10390,0.07092338602872766
10391,0.02460871022950977
10392,0.0387822090434828
10393,0.041351379222038166
10394,0.02168540143785918
10395,0.18340152665149992
10396,0.015565397096218377
10397,0.04061351833472932
10398,0.030530668132217074
10399,0.007575959164424168
10400,0.008986159818656763
10401,0.05726577215961058
10402,0.07322177542472101
10403,0.0472735133020446
10404,0.010066228089698722
10405,0.22267491069654555
10406,0.00789539225336855
10407,0.1287534356184874
10408,0.035501674592158985
10409,0.04081286371952619
10410,0.04311615602498257
10411,0.05715602682966524
10412,0.019389343907614577
10413,0.1197327700314244
10414,0.009745265968335973
10415,0.024058923810078205
10416,0.006539635065682574
10417,0.04069804699013791
10418,0.13486692584503643
10419,0.1106846113087441
10420,0.023434370508936025
10421,0.010510762254446075
10422,0.017442903044902806
10423,0.026291497813902658
10424,0.020389248715234193
10425,0.27090586503017516
10426,0.01345534854311993
10427,0.036934696089796236
10428,0.06085123765371832
10429,0.23183887824338767
10430,0.03574809357357941
10431,0.012174673877847746
10432,0.009449434982136679
10433,0.043294486268384814
10434,0.01936339100176101
10435,0.020129876880963533
10436,0.021598641954964796
10437,0.019427082491790454
10438,0.03408440753530942
10439,0.03921787703764765
10440,0.032929151887030675
10441,0.05975857901549546
10442,0.010898652759366578
10443,0.005746995792447127
10444,0.2915686086227356
10445,0.01678935091790259
10446,0.01642568461760375
10447,0.2335779714732368
10448,0.052766910334507984
10449,0.016387457835250845
10450,0.029311597597835866
10451,0.07078610842530322
10452,0.04161424795467154
10453,0.04104496656313453
10454,0.06807189169593635
10455,0.07281585606006626
10456,0.015700723366027597
10457,0.09321849697497955
10458,0.010949297081377306
10459,0.0490801557537893
10460,0.009970366046013148
10461,0.026557750673261826
10462,0.008650023235219408
10463,0.17379775345696843
10464,0.0898416268770691
10465,0.022056713993519772
10466,0.03157176610042362
10467,0.031053965096959686
10468,0.017554085164106784
10469,0.01294102785291229
10470,0.11467810856356098
10471,0.007323772630478968
10472,0.03730827996466154
10473,0.025877418534083988
10474,0.014480175751864595
10475,0.06501207384191743
10476,0.029870173358866315
10477,0.05845773825405909
10478,0.21354181279379775
10479,0.016953366597581683
10480,0.031217898213790417
10481,0.010416192251185688
10482,0.007930748151720795
10483,0.09512459223941357
10484,0.019273576944170163
10485,0.03800670728684386
10486,0.019228449872666992
10487,0.04667610184111523
10488,0.1269416696106685
10489,0.09367072247307333
10490,0.02948722705713582
10491,0.00548220557393562
10492,0.021883696493249994
10493,0.07171019772030775
10494,0.011078617994759189
10495,0.05643369572016601
10496,0.014366881873915566
10497,0.029427105307655244
10498,0.008354468062033884
10499,0.1072293393337001
10500,0.06613105212161335
10501,0.04485481469042793
10502,0.04459852270506446
10503,0.07368372001036243
10504,0.042176435771434595
10505,0.03263440452558254
10506,0.01167832123828828
10507,0.027954016908750004
10508,0.024361436451193662
10509,0.12567549990238616
10510,0.03096734657220202
10511,0.009617242886474094
10512,0.1177561338063474
10513,0.07431232407688974
10514,0.060695986862242146
10515,0.025618615662551462
10516,0.031711625854512426
10517,0.04269671998085353
10518,0.20166108750712936
10519,0.14918815059009524
10520,0.004688741129812419
10521,0.18801465680517007
10522,0.07515457145583174
10523,0.028962759350981762
10524,0.008874404398698103
10525,0.026537163539020005
10526,0.028355738638249767
10527,0.06679098845416313
10528,0.0029973606473426544
10529,0.04715426893383402
10530,0.008363676214415798
10531,0.019889324939271
10532,0.0924465288066626
10533,0.017912483987831868
10534,0.2826278661067572
10535,0.032459668371191346
10536,0.07987565292718202
10537,0.014491071737366521
10538,0.026990117841315237
10539,0.1502110009670918
10540,0.06046316105655124
10541,0.08482613494272782
10542,0.16425666927256308
10543,0.06294593035024049
10544,0.010563758481594618
10545,0.035350304333505736
10546,0.0100285380095537
10547,0.013017623961573117
10548,0.02349701920314572
10549,0.06336858028282162
10550,0.01562995601175332
10551,0.044954729302024515
10552,0.021570074879229743
10553,0.04067506970713328
10554,0.019370319616303297
10555,0.008696270145243415
10556,0.021389481881979693
10557,0.03567245971388141
10558,0.021789849498690093
10559,0.0398162319806964
10560,0.07648498983277334
10561,0.1507498029601614
10562,0.06735508104492716
10563,0.13555772810076488
10564,0.0506303771826927
10565,0.017825451766130804
10566,0.03172461758080466
10567,0.048207373612369556
10568,0.010110803221986115
10569,0.15056381209828598
10570,0.02175706584501604
10571,0.058764333323247604
10572,0.02890251914985098
10573,0.019961366518224173
10574,0.011111886836117538
10575,0.030957607574899862
10576,0.155768858180455
10577,0.010084667004774263
10578,0.12467913120937145
10579,0.019551259825800037
10580,0.007397260129637507
10581,0.04906908011811425
10582,0.011155698553799286
10583,0.023845774834350755
10584,0.053380971802368025
10585,0.010649522036334784
10586,0.01112753599523223
10587,0.03488355943926996
10588,0.015004815814437465
10589,0.04912116195669446
10590,0.04678802157214691
10591,0.18828431815877164
10592,0.00867431353704081
10593,0.08656293524304379
10594,0.07858997610826653
10595,0.005557401919948833
10596,0.027802152241952666
10597,0.023437823214967856
10598,0.03313632756119907
10599,0.00798430135821799
10600,0.002400216196196828
10601,0.09908213341013129
10602,0.03667866597360335
10603,0.05288814887448168
10604,0.010760273819617732
10605,0.03096089546280221
10606,0.03459533502163481
10607,0.1351789768479872
10608,0.008580871825700928
10609,0.03004677988357706
10610,0.11684856460743548
10611,0.03355791985049804
10612,0.07027799536512086
10613,0.052741925416864247
10614,0.026001953331384126
10615,0.01017666905231097
10616,0.046683246134975376
10617,0.024426367273039474
10618,0.01349511045472695
10619,0.02815598394881777
10620,0.0433617763348499
10621,0.04443140017349274
10622,0.027795858260135007
10623,0.045667178391788556
10624,0.007859601390197866
10625,0.05619053352611888
10626,0.06946443815906933
10627,0.059128621103754386
10628,0.035689643967399
10629,0.04003716116217762
10630,0.1468148771787364
10631,0.11290040203047884
10632,0.13235506705888483
10633,0.03244220416638279
10634,0.02972497912659639
10635,0.0321580428984101
10636,0.06192872929131661
10637,0.11647622435208049
10638,0.01845806917439759
10639,0.010686124148942306
10640,0.023066700732203644
10641,0.03674267639551018
10642,0.07500265106857328
10643,0.01693761368227601
10644,0.035496621011197854
10645,0.07040680408648403
10646,0.03301740678729592
10647,0.34747761454605863
10648,0.06954452129863127
10649,0.09109358731717224
10650,0.018606242523439443
10651,0.16275744410675128
10652,0.15568554278784646
10653,0.06032752083112459
10654,0.1657565566965762
10655,0.03948568316547706
10656,0.016914273349424348
10657,0.028924072968400806
10658,0.030730774226990526
10659,0.12940721174451747
10660,0.03825798627177346
10661,0.15123051203070723
10662,0.12025981826208948
10663,0.0240611969904489
10664,0.11538404512044531
10665,0.008832039781982534
10666,0.13238250513027086
10667,0.010612680230321475
10668,0.06741155966706676
10669,0.10754747733820542
10670,0.1134355941882278
10671,0.009957773532279285
10672,0.01248532615613273
10673,0.07220272844430052
10674,0.017774948004229806
10675,0.018859327503535042
10676,0.04977344595954526
10677,0.2900345427475959
10678,0.054663066234429396
10679,0.0355129298927462
10680,0.0032129933595624774
10681,0.0463744955359801
10682,0.009805030791367656
10683,0.018554899772287452
10684,0.039802637154245354
10685,0.03431010573075872
10686,0.016273165789290833
10687,0.09013861483456707
10688,0.015616518165279382
10689,0.08720615157328844
10690,0.034829657644005654
10691,0.008362654492752558
10692,0.022256685821798388
10693,0.01359894559228446
10694,0.02994934814984071
10695,0.2324683180392036
10696,0.024488334730396195
10697,0.03388204851739548
10698,0.08290000517798629
10699,0.09117318376106683
10700,0.13401165702458398
10701,0.150311589358123
10702,0.019177567195453382
10703,0.023777174442610693
10704,0.033609701322679715
10705,0.023699706652969246
10706,0.01705178721110443
10707,0.0874269007817601
10708,0.03343274233519475
10709,0.22239019105597502
10710,0.03576544765700944
10711,0.19722124085032713
10712,0.1798354106918882
10713,0.04240804675583693
10714,0.023227506045796174
10715,0.13320592685112095
10716,0.1215804630883229
10717,0.014055830770278034
10718,0.015613329872911008
10719,0.2131768238777465
10720,0.014263173219124944
10721,0.12479497587574921
10722,0.14385733335818848
10723,0.052781298131409325
10724,0.08613333060029763
10725,0.08943633981508921
10726,0.06284238891110536
10727,0.0624136995999346
10728,0.14806340706351528
10729,0.08563466144926404
10730,0.004571410546283685
10731,0.03748053413258582
10732,0.14629908010291104
10733,0.019645392306172977
10734,0.007901950470682654
10735,0.013388090376207328
10736,0.02035744261828195
10737,0.04819669393030532
10738,0.05739176255370332
10739,0.14782799763814844
10740,0.027606803615743556
10741,0.03796379351268528
10742,0.02035385350799198
10743,0.07019896002583136
10744,0.01807129371169747
10745,0.015659475164880452
10746,0.011575040822437394
10747,0.018046565630050672
10748,0.039858376282530465
10749,0.012253298745846493
10750,0.017377768293557833
10751,0.053552932555519246
10752,0.015933981294893828
10753,0.020006151865995487
10754,0.023832183049007388
10755,0.06182790654049161
10756,0.011666495524222302
10757,0.026092803326810684
10758,0.006853865908664943
10759,0.01742854388472119
10760,0.22549317268806143
10761,0.11645150397642139
10762,0.06190127385517668
10763,0.04951076862697758
10764,0.05087876246679747
10765,0.02387109608785708
10766,0.036141244573754235
10767,0.03199208068392418
10768,0.050200940139591664
10769,0.24919077561881892
10770,0.009496297620338025
10771,0.020237114687974945
10772,0.045590654556439195
10773,0.011971349782022083
10774,0.010486953855569709
10775,0.03310533404699741
10776,0.07638087567934013
10777,0.029507935476099912
10778,0.04154691491978102
10779,0.0902350814231357
10780,0.03654502577071302
10781,0.015689279718707348
10782,0.03715437035558873
10783,0.02298511854350417
10784,0.10865945059534911
10785,0.042292825206592846
10786,0.020363027255055576
10787,0.030804155127722273
10788,0.02326957468830708
10789,0.026382576797675594
10790,0.11201803581147926
10791,0.0275312654592808
10792,0.02017053781147692
10793,0.1336468396824503
10794,0.009586432464774468
10795,0.009567984619954764
10796,0.00765275956463707
10797,0.07254996981060827
10798,0.011371172609980485
10799,0.07766705437680535
10800,0.07052730162987648
10801,0.019349351184465857
10802,0.021551942609337984
10803,0.05352785563819559
10804,0.013575444287205272
10805,0.01926894734691167
10806,0.04950354907160606
10807,0.06034796587352011
10808,0.06982306180677197
10809,0.001167593356800929
10810,0.034725743227593975
10811,0.03622044045683613
10812,0.027332895247969627
10813,0.07967455748985228
10814,0.03383247919185439
10815,0.09986186121912094
10816,0.026092702658473965
10817,0.0494627340550799
10818,0.060116567630382596
10819,0.014397275418692308
10820,0.0056994277906030405
10821,0.0242630388340691
10822,0.02990830845396299
10823,0.039644661367201406
10824,0.04582512513644642
10825,0.43699493387150884
10826,0.04318702384245622
10827,0.04305985858486273
10828,0.021843160971027235
10829,0.03935000960410916
10830,0.023891727736480836
10831,0.04934088514277976
10832,0.01686448092534439
10833,0.032479437104891644
10834,0.015320191874800257
10835,0.03856574701152675
10836,0.048244215593297335
10837,0.03924278180733337
10838,0.00993157008995537
10839,0.008568257714861647
10840,0.03506848060426328
10841,0.04782246057116479
10842,0.012950230021223736
10843,0.014800548229608322
10844,0.009398470897911263
10845,0.03031343900506154
10846,0.03829845726293018
10847,0.01630674059378042
10848,0.02406412017985652
10849,0.031415194361624786
10850,0.0646734624110976
10851,0.19762800609058362
10852,0.03084039781533663
10853,0.011813844848826832
10854,0.010069134402523171
10855,0.03538704525943566
10856,0.04280614207227519
10857,0.01043284172530843
10858,0.03222876838085032
10859,0.035558979318300384
10860,0.03530615465310783
10861,0.017639393215090934
10862,0.10855358293021332
10863,0.02820357676471531
10864,0.029955571321337065
10865,0.015890389467405914
10866,0.06054941785849827
10867,0.02291438478333782
10868,0.03962749688376319
10869,0.027460107887043256
10870,0.058640317032222326
10871,0.02366787584006415
10872,0.04210870533917734
10873,0.026378429939285464
10874,0.00810929095005678
10875,0.007157072441386334
10876,0.05142506710181559
10877,0.010616140390123908
10878,0.08869559382558012
10879,0.026929178038703625
10880,0.00916775463122297
10881,0.03734031651420728
10882,0.009081161265167271
10883,0.0052249178271566565
10884,0.007885949344740361
10885,0.18133661237417262
10886,0.0941601231404398
10887,0.06318122987219982
10888,0.0009583513430000181
10889,0.02253105732277113
10890,0.027077465268648734
10891,0.03680987950488019
10892,0.14360931967937055
10893,0.054911525485854935
10894,0.06372696766376464
10895,0.02322928278353207
10896,0.01237870667933733
10897,0.010429753539507002
10898,0.018861951063384917
10899,0.04733602236484261
10900,0.08167620663397476
10901,0.07399341428496166
10902,0.016318271445933934
10903,0.05315867994805381
10904,0.02157076560915336
10905,0.06686577800200338
10906,0.026809396496877372
10907,0.008005441824824388
10908,0.0414267010950269
10909,0.008037260553041102
10910,0.06474309863066047
10911,0.006272028132264643
10912,0.0
10913,0.12556345155994703
10914,0.1697356548293763
10915,0.07939611470450592
10916,0.013404331703614348
10917,0.018404359999253335
10918,0.05489417694432489
10919,0.047866353085242265
10920,0.01818793300059092
10921,0.029440355704665952
10922,0.046146699978095326
10923,0.10826682142917547
10924,0.015582249002575694
10925,0.08402995481265169
10926,0.028447784444834777
10927,0.017889209345977715
10928,0.11872499907784469
10929,0.04799860045889952
10930,0.01800138370714609
10931,0.04987734015996054
10932,0.022979725531502414
10933,0.06954554871624583
10934,0.012201335000180533
10935,0.029819843281024917
10936,0.039003950555117725
10937,0.03915501177794617
10938,0.007221967504785284
10939,0.005180041531480607
10940,0.03191450107500943
10941,0.08297072609064828
10942,0.07284759683307683
10943,0.023501023352011735
10944,0.08186923993587522
10945,0.10131457778213504
10946,0.04259893404727535
10947,0.010208049645456973
10948,0.016679126190885817
10949,0.007663819384207436
10950,0.022961256854806454
10951,0.015033077553798235
10952,0.042096826255078525
10953,0.03415495935702303
10954,0.07150263247650585
10955,0.023389171721925988
10956,0.04080480319936086
10957,0.1417935948373138
10958,0.025581073044630486
10959,0.02238941187317073
10960,0.12823622699019066
10961,0.5660791227923117
10962,0.0116975480347562
10963,0.025111314037007577
10964,0.007003668908405883
10965,0.0215140894115619
10966,0.09235201688254192
10967,0.038379261320174274
10968,0.0160086216711026
10969,0.022754020993250818
10970,0.03757113700341626
10971,0.02615200968717184
10972,0.06544180612806344
10973,0.07876101823819946
10974,0.07454637485328254
10975,0.010654340083672336
10976,0.014249682201278344
10977,0.02187664552494845
10978,0.015693534364836816
10979,0.033275784677396274
10980,0.02288087621862862
10981,0.0636796905586601
10982,0.05640715054849697
10983,0.08776299412657719
10984,0.016854097478526977
10985,0.011567465450522861
10986,0.008623860661766484
10987,0.03797835344246108
10988,0.015341287327106202
10989,0.0426356064170416
10990,0.03176213427188694
10991,0.17134841694615754
10992,0.028965778757867617
10993,0.027806057087982766
10994,0.010142990089916521
10995,0.02357688003136823
10996,0.02621851858446497
10997,0.031107232889244295
10998,0.18312897759864363
10999,0.12779095670104293
11000,0.009754574415042792
11001,0.014304934108434331
11002,0.012458309474571744
11003,0.004310880167068365
11004,0.07888707658890494
11005,0.035728790105261275
11006,0.031082767411056488
11007,0.009375065577275651
11008,0.14484902049350587
11009,0.009240595321278139
11010,0.043304281923595866
11011,0.01129904103521415
11012,0.007239629592630228
11013,0.40129534236449704
11014,0.05531684791817627
11015,0.007462959482372696
11016,0.03819328927754461
11017,0.02051571071374805
11018,0.03031707746847702
11019,0.0989368281947995
11020,0.01743151518135093
11021,0.015669645811341993
11022,0.007508167265269196
11023,0.018931326110518794
11024,0.032384490579299444
11025,0.16133690827909328
11026,0.01716191950811011
11027,0.05293685954632058
11028,0.047606424074789745
11029,0.047700887712321415
11030,0.13962021820591414
11031,0.002993600408113748
11032,0.057009495937642596
11033,0.16482075298868024
11034,0.01706175290072997
11035,0.04012650971056843
11036,0.005880622800478919
11037,0.040108842954183044
11038,0.01785718893368395
11039,0.08896871949205967
11040,0.028084414356939293
11041,0.11862890611017936
11042,0.11164870513603138
11043,0.026710142797230038
11044,0.027420455807027254
11045,0.035052076740416875
11046,0.022215753966222
11047,0.009304993842026979
11048,0.07837179523296443
11049,0.0668316532773576
11050,0.02431258976029689
11051,0.01586049728391431
11052,0.03902063489389554
11053,0.09458610334009625
11054,0.024394445381567945
11055,0.00737368825812596
11056,0.4517635004855931
11057,0.06992608126170115
11058,0.02032136153481138
11059,0.009749193980756143
11060,0.027791342542612903
11061,0.017656176530656598
11062,0.03821974808610375
11063,0.05760484605931421
11064,0.03181032269938005
11065,0.018866380867049132
11066,0.06963436610716912
11067,0.05034647557586287
11068,0.06521194170938563
11069,0.02711222766556159
11070,0.048416527798563806
11071,0.07469153587942948
11072,0.03292194934758856
11073,0.016945817897165434
11074,0.06570731241630054
11075,0.05500534094767283
11076,0.03953179378948653
11077,0.0589196799883905
11078,0.007029397788543712
11079,0.026239858059052504
11080,0.045112766743062443
11081,0.017165870185348205
11082,0.17279714373185184
11083,0.2335055004772783
11084,0.0934699249872537
11085,0.2321875680678938
11086,0.16824315385961908
11087,0.104255500984793
11088,0.036236540304872604
11089,0.034524761525143506
11090,0.047986062250612735
11091,0.14103699323113456
11092,0.37582427524882595
11093,0.04558500077830665
11094,0.007825558764008686
11095,0.003463314210182649
11096,0.0033708123081847416
11097,0.19645267820804815
11098,0.02143201626149084
11099,0.026104047828862532
11100,0.004875532702257176
11101,0.01933788407705661
11102,0.01729114757437828
11103,0.01943359992330153
11104,0.04306549702492613
11105,0.0739223804940324
11106,0.05986053276878047
11107,0.01810312353098099
11108,0.15936785819771573
11109,0.024810325243653987
11110,0.04800943312487722
11111,0.047743201233577864
11112,0.025561625953269926
11113,0.0019058669697548623
11114,0.042747464540481624
11115,0.01812467495820365
11116,0.030264485787974412
11117,0.00973412698337016
11118,0.03990038427609994
11119,0.01582476502436352
11120,0.1762592658603314
11121,0.06602289116178171
11122,0.01491327267908341
11123,0.016074934198048407
11124,0.027965521982857566
11125,0.058009400920078454
11126,0.009442089786558933
11127,0.03583349731230424
11128,0.03475767466092378
11129,0.009809077572934716
11130,0.06237531710513417
11131,0.05058286295487627
11132,0.19359870858660067
11133,0.017189465000574316
11134,0.035043996650429184
11135,0.028141968655996434
11136,0.0050693455077947805
11137,0.06141662973817955
11138,0.058241499581327905
11139,0.03784038118518589
11140,0.024297108749406236
11141,0.047640314199921326
11142,0.006967887017037302
11143,0.01529907931146052
11144,0.6342001782219674
11145,0.07979498595115725
11146,0.11490580251606329
11147,0.009541274723781098
11148,0.02004279886736669
11149,0.009628347167032193
11150,0.012785310170401076
11151,0.03544295217209673
11152,0.007369421545308268
11153,0.12937611452537942
11154,0.03340274548167662
11155,0.3397850231096691
11156,0.02784051621282361
11157,0.11954720501315251
11158,0.05474994323190951
11159,0.099283177985716
11160,0.013934677364732037
11161,0.025002868117322587
11162,0.022438485880565164
11163,0.03708188376080286
11164,0.14733770560851725
11165,0.03065046935381191
11166,0.052950724321714986
11167,0.0059313363481294365
11168,0.06744430919632656
11169,0.0492011753014848
11170,0.014249825331302191
11171,0.027327109865959407
11172,0.06717412811053576
11173,0.04980993301664668
11174,0.1929238384072152
11175,0.1388472646101563
11176,0.03269675225748789
11177,0.014374907791968875
11178,0.023318117447358216
11179,0.004694855971237544
11180,0.021767684625981654
11181,0.04085556865785376
11182,0.05638569398271674
11183,0.0392245032172607
11184,0.01148625839222951
11185,0.054978705496192534
11186,0.026603949341355685
11187,0.27318905167343355
11188,0.04284461483754884
11189,0.11882980313643285
11190,0.0713786249335842
11191,0.05948809277522222
11192,0.16635468695074676
11193,0.04825866364781258
11194,0.03889777174003731
11195,0.06418865028763376
11196,0.007425418253721312
11197,0.027235640670088438
11198,0.026087922645999843
11199,0.024659853824147843
11200,0.007268236185596522
11201,0.006763729796227592
11202,0.011386414369289001
11203,0.0213796271827691
11204,0.01897998315756974
11205,0.05792361371850722
11206,0.023916122679906022
11207,0.2162255574035823
11208,0.06505288163205346
11209,0.09432661243727845
11210,0.004015879171240239
11211,0.049614804591636884
11212,0.16244045158570108
11213,0.15062911922200029
11214,0.10202157309308887
11215,0.01782848962132563
11216,0.09100339472367476
11217,0.05517260216061226
11218,0.018842970951450815
11219,0.009891876868596201
11220,0.03654180883997516
11221,0.0021382319895665055
11222,0.056833193568128174
11223,0.052965130289972094
11224,0.01506092522052688
11225,0.1174219551193538
11226,0.0984494547074609
11227,0.0030904684579226996
11228,0.006477185596675378
11229,0.028719051703626874
11230,0.01239031196685419
11231,0.047057904866777266
11232,0.007476345260721577
11233,0.008281367324989767
11234,0.018162195967397623
11235,0.12388729925121408
11236,0.023128346773623944
11237,0.029404890398379773
11238,0.062119278340540145
11239,0.008314786971412887
11240,0.15991888153775602
11241,0.11132931754516952
11242,0.012341423713204501
11243,0.04956396743072442
11244,0.015245484787431053
11245,0.14687864050327462
11246,0.012257834298778652
11247,0.028515652486348318
11248,0.013223671636469777
11249,0.028459630108630597
11250,0.037592126508272816
11251,0.03843664094927392
11252,0.04754288443727339
11253,0.12264828794439939
11254,0.023093441342576654
11255,0.03814187779483742
11256,0.05625907363753474
11257,0.05523458887707071
11258,0.3029392365637671
11259,0.02472279311970442
11260,0.02099137478033553
11261,0.0017329296562471905
11262,0.034521148564361406
11263,0.00511187866897745
11264,0.10935905676017596
11265,0.04397694821912885
11266,0.39298149303667956
11267,0.09696497263395625
11268,0.04541866739845584
11269,0.025507684253632062
11270,0.08060693802046597
11271,0.07920223289214891
11272,0.02198095164900279
11273,0.0059874419248463675
11274,0.048756139705053575
11275,0.1744661585643849
11276,0.024896386264417578
11277,0.041052881616868486
11278,0.03237494573109246
11279,0.15310579537940372
11280,0.012075058634588466
11281,0.05146186333117482
11282,0.021054425748244576
11283,0.018884340125979275
11284,0.037196245353818616
11285,0.017374938456985782
11286,0.032977434852347
11287,0.030331220409329614
11288,0.030041690102501024
11289,0.0033276753269875633
11290,0.01442875237969497
11291,0.03443050140250688
11292,0.03689494320357155
11293,0.02611390742645092
11294,0.02718694514016276
11295,0.03744839046973165
11296,0.016144115302412877
11297,0.036633164997956796
11298,0.016676588406947784
11299,0.052011373900606006
11300,0.05484119708940527
11301,0.07070816040051185
11302,0.03443900623705405
11303,0.010522750162400547
11304,0.006710055165869753
11305,0.03216179180237213
11306,0.025515910200245916
11307,0.1456876600455905
11308,0.02143596715203931
11309,0.05287904018798616
11310,0.03827483137640746
11311,0.02217761003851534
11312,0.06841901557809424
11313,0.3662806402127898
11314,0.021139510207628064
11315,0.10762885618886217
11316,0.011873277291606189
11317,0.02619559084353037
11318,0.005456662222059834
11319,0.053528671069552114
11320,0.0848547866445502
11321,0.03648268814783168
11322,0.00681000476810901
11323,0.08006015788260093
11324,0.03718771292079397
11325,0.07305433788424524
11326,0.07442584802756877
11327,0.015259819550596826
11328,0.021776556946318696
11329,0.004357438467008912
11330,0.23718895832573633
11331,0.010002214270857457
11332,0.042646956597639424
11333,0.013302442137056735
11334,0.06475614504123502
11335,0.021570693725812995
11336,0.02755609061563132
11337,0.09839298322266875
11338,0.026202955929517605
11339,0.041263386342326264
11340,0.03283234463400482
11341,0.01047465655865113
11342,0.08356059471320057
11343,0.016039011639014385
11344,0.04091252069133457
11345,0.05915030618433016
11346,0.014140034126349163
11347,0.013862452618684792
11348,0.03751211136555997
11349,0.05270542929981038
11350,0.013428820975171979
11351,0.0076803548524110865
11352,0.008861559550814281
11353,0.01717637365083993
11354,0.06785805296287363
11355,0.10619599532838435
11356,0.024747174250101565
11357,0.010089589305158311
11358,0.012824975727881006
11359,0.006421195533240371
11360,0.029915609849719974
11361,0.0472595593148576
11362,0.028368765639612558
11363,0.03259435909336742
11364,0.005166097059143633
11365,0.050166812497840184
11366,0.03124929041451651
11367,0.02349476560763337
11368,0.1076571191427427
11369,0.041585305899247894
11370,0.0036452094394364195
11371,0.04049186864250247
11372,0.058918049939229764
11373,0.19887416241073477
11374,0.16138254320137277
11375,0.02121758476928609
11376,0.02493606310204646
11377,0.049037497822952775
11378,0.10149817408615458
11379,0.023381717220174257
11380,0.02512379084458139
11381,0.011022275537210637
11382,0.05052675874821304
11383,0.040646312240956384
11384,0.026806061223817866
11385,0.04115554310703562
11386,0.04372658285062697
11387,0.10694511768691482
11388,0.025379956444450638
11389,0.02943011248461627
11390,0.06337351751714265
11391,0.019188493621184285
11392,0.007680446239307555
11393,0.025684854169637623
11394,0.015475075631197087
11395,0.040369749823304414
11396,0.04125534146516243
11397,0.25277592025852247
11398,0.05124960142193745
11399,0.3959458215055052
11400,0.015074906812739557
11401,0.018252821576499344
11402,0.09022965441263377
11403,0.02051852060588834
11404,0.016831225248336336
11405,0.03300021173893666
11406,0.008734149344370909
11407,0.012994115746305523
11408,0.030753156519035114
11409,0.008252906950984419
11410,0.0111059809809989
11411,0.030423258453743142
11412,0.010730147910023713
11413,0.18875225053040084
11414,0.03842400489154679
11415,0.0037770524823801254
11416,0.0331500576464223
11417,0.009511444354451136
11418,0.04460829749413782
11419,0.014030455831240313
11420,0.01184733079173865
11421,0.04330008696545023
11422,0.026697463545785866
11423,0.022713508409603008
11424,0.002763240904093842
11425,0.06133865284242025
11426,0.035668047195539426
11427,0.021481302557213523
11428,0.01317934677816117
11429,0.01814924625213905
11430,0.02394199879429698
11431,0.09320492024965082
11432,0.10356135170284847
11433,0.008290801420457388
11434,0.07376784929031871
11435,0.050883893206070875
11436,0.16491438755742327
11437,0.04338708324746598
11438,0.0073037270174061445
11439,0.004245621647623484
11440,0.027734773234840835
11441,0.05823986434231691
11442,0.014772049920090563
11443,0.013652857708711998
11444,0.2094555009576085
11445,0.010447252031317501
11446,0.41705354264811223
11447,0.04215599684493636
11448,0.029786526573671895
11449,0.006204456365248582
11450,0.02005111966118654
11451,0.027826412645210238
11452,0.005754159689271198
11453,0.04680303571728809
11454,0.027038438975004523
11455,0.007605586243096174
11456,0.026836100233176667
11457,0.0233077853751362
11458,0.05684618542497184
11459,0.0039052559000396074
11460,0.011592707614285014
11461,0.02996963014789038
11462,0.22005634060864218
11463,0.026151771985172056
11464,0.02630738347456701
11465,0.026670215042535694
11466,0.027662170284410446
11467,0.10164413166610649
11468,0.066557999023899
11469,0.23014968723809087
11470,0.023085397176869263
11471,0.025017892699853782
11472,0.05556237430874066
11473,0.0377319474598686
11474,0.23129980111442475
11475,0.0659324655896653
11476,0.029855984100761776
11477,6.899053135160222e-05
11478,0.0943042281505409
11479,0.11477492439572898
11480,0.032096640305544134
11481,0.012482842677881176
11482,0.052472289713396965
11483,0.005655884293025094
11484,0.01606831565922595
11485,0.004298545521441778
11486,0.021212423077375177
11487,0.008915827986393923
11488,0.0732940686874961
11489,0.022987623825371277
11490,0.028899528231293273
11491,0.01876850536631646
11492,0.013707901985271734
11493,0.04053675741502042
11494,0.1359852018944608
11495,0.2145728939664811
11496,0.016770568355877077
11497,0.02344657973612304
11498,0.016058070024977427
11499,0.11824398247102971
11500,0.027855578474138793
11501,0.034521370934384225
11502,0.03953890852231869
11503,0.021703833095757862
11504,0.04308408995069673
11505,0.02419931008505869
11506,0.04055022787150938
11507,0.04026602135222235
11508,0.05401515321875601
11509,0.030676008783274686
11510,0.009930851558309476
11511,0.17754002771965213
11512,0.16836434115468352
11513,0.018953838001364236
11514,0.02447220534267222
11515,0.027446184252634134
11516,0.008339196644467469
11517,0.02674124142027649
11518,0.011602435655103003
11519,0.026841346224491105
11520,0.06158131494892304
11521,0.053413237273483544
11522,0.09908373577936008
11523,0.01166393927055863
11524,0.07083309719881276
11525,0.017058993946484934
11526,0.009257618455229166
11527,0.018253527710593246
11528,0.06548159811139993
11529,0.13150529637367134
11530,0.015105129433420185
11531,0.02805149286502822
11532,0.008849932194419274
11533,0.017020372442973438
11534,0.23525382996266317
11535,0.27655168027111854
11536,0.01429368933707129
11537,0.11548206054796374
11538,0.007675573423109346
11539,0.060306065282627004
11540,0.036294798567620294
11541,0.02092711415333311
11542,0.1080289435169955
11543,0.031619236573297
11544,0.026525713515586677
11545,0.01818636244130221
11546,0.05453908255241747
11547,0.1625295923705851
11548,0.01687976585780543
11549,0.028061412137914462
11550,0.012825965587074939
11551,0.05190651174552074
11552,0.008113659076271467
11553,0.04929967412652062
11554,0.06656402523927157
11555,0.008581467389197187
11556,0.012953645198677814
11557,0.04557246682090231
11558,0.013035869355386389
11559,0.16258146031750842
11560,0.02337365235825741
11561,0.06031169476704607
11562,0.04268914986124213
11563,0.025815321760454524
11564,0.0029337385863365682
11565,0.015761224112711043
11566,0.04119504542269964
11567,0.03818063059066412
11568,0.23163948212093863
11569,0.08924715431809657
11570,0.054037402863333896
11571,0.07222414920660576
11572,0.05793065048791314
11573,0.0260122824725683
11574,0.01864778947770188
11575,0.011553605859139764
11576,0.06493452116629152
11577,0.006750865513155187
11578,0.01311361329697807
11579,0.051224375069362886
11580,0.045748798779984494
11581,0.020531951397721387
11582,0.12470172762224299
11583,0.10626979577035746
11584,0.010153445483866843
11585,0.021673510870358258
11586,0.014418255681073393
11587,0.022337838290828593
11588,0.013642489583268245
11589,0.003380998001369899
11590,0.021414556608789742
11591,0.06820463453969527
11592,0.01968215517040801
11593,0.20406651394324227
11594,0.10387616705449525
11595,0.039577019188504245
11596,0.07652153273219733
11597,0.10639395805241662
11598,0.03780007794028408
11599,0.0283042935139449
11600,0.04560791560722427
11601,0.055458737939931724
11602,0.035085664690835426
11603,0.011517826871768265
11604,0.09738715037580846
11605,0.07406340819655992
11606,0.04662144977512052
11607,0.042733435345231253
11608,0.1894989867605984
11609,0.013018124886250539
11610,0.02053049374451474
11611,0.028296599142647053
11612,0.12233931379794079
11613,0.03967878536977549
11614,0.31728300653997255
11615,0.03416197326746275
11616,0.044902112995953244
11617,0.0051069230631693
11618,0.060466311484674816
11619,0.02115583293148709
11620,0.013886761392414484
11621,0.010489545103420733
11622,0.08779289144609001
11623,0.07544587708088542
11624,0.027044594557504117
11625,0.024203490262423688
11626,0.04205839560278046
11627,0.028888725589224777
11628,0.021297796007398145
11629,0.010121457291423558
11630,0.03756575927519781
11631,0.018963443834045298
11632,0.024481948671617904
11633,0.012603240815647253
11634,0.015830194890219664
11635,0.008939379267335264
11636,0.07062694975129448
11637,0.026999151548197084
11638,0.09004722505624818
11639,0.0274047853151061
11640,0.017875490971584893
11641,0.04824620539687362
11642,0.11477687756717948
11643,0.0091431151394208
11644,0.13275007853828968
11645,0.09148662901423067
11646,0.03927979224462061
11647,0.0555948404122589
11648,0.05916659655623374
11649,0.016505713697144608
11650,0.020885122793052786
11651,0.016800665379050773
11652,0.06445257226311214
11653,0.016948618673477432
11654,0.007496811144826045
11655,0.02324224470217366
11656,0.03323820919404452
11657,0.01930162396882923
11658,0.0198910176397887
11659,0.004804625875762137
11660,0.017374330406723995
11661,0.0541749460209876
11662,0.033014039112824294
11663,0.2841011331650292
11664,0.05023350446722637
11665,0.09868404857447688
11666,0.005575529988661281
11667,0.04751330116012243
11668,0.032899275616012365
11669,0.013879761657680968
11670,0.0379498628862726
11671,0.061881049903377006
11672,0.01417842424785924
11673,0.016281033071513865
11674,0.4173377890144342
11675,0.07669605652630503
11676,0.057412549115885
11677,0.015986336583678113
11678,0.02721232736366802
11679,0.0352695947766779
11680,0.027842440988599587
11681,0.0247981266946141
11682,0.053059310774540645
11683,0.015668986926354777
11684,0.031326202484952555
11685,0.01897756419782607
11686,0.08022365388799232
11687,0.04115337122968466
11688,0.011630823469987128
11689,0.042828839917778944
11690,0.13550363955349148
11691,0.007771119148860502
11692,0.08152769580313549
11693,0.019189194426356086
11694,0.010096500442694096
11695,0.03410120833849215
11696,0.009391812359384848
11697,0.166514283640211
11698,0.05150204529981337
11699,0.05100423206708414
11700,0.041694371999746425
11701,0.04542024223180666
11702,0.01899014705035609
11703,0.13930262252773007
11704,0.16389097101226185
11705,0.09321572088480873
11706,0.11501556145384577
11707,0.05781026379549613
11708,0.010027332940819776
11709,0.022823378838309184
11710,0.1274357538340147
11711,0.16724239522287843
11712,0.01995136029886128
11713,0.013100210086916203
11714,0.025924522296089634
11715,0.005386034557158911
11716,0.031159334443827815
11717,0.016965148068302786
11718,0.05471902116245993
11719,0.03795573460090041
11720,0.01193738513318063
11721,0.029697319240169013
11722,0.040487712802994104
11723,0.030020360631516037
11724,0.021711687757426535
11725,0.007644823851755195
11726,0.04840728515898188
11727,0.0670423929412148
11728,0.053676049061402
11729,0.04120810159832273
11730,0.04633439288044835
11731,0.014831611992112026
11732,0.004066692827736802
11733,0.045527522188001913
11734,0.028654963330424013
11735,0.03432710904459148
11736,0.03371307559530293
11737,0.014356992850278746
11738,0.016519290878868387
11739,0.0783950571161923
11740,0.0409061344325222
11741,0.026409461202886928
11742,0.006496199627918032
11743,0.11396829536132949
11744,0.007640627231757429
11745,0.01719375820951913
11746,0.030830001798223778
11747,0.017977300313530693
11748,0.006590462765459901
11749,0.41871201483700604
11750,0.3964816010867254
11751,0.023011968103300195
11752,0.04535002149053162
11753,0.005132813418546635
11754,0.06505972510207586
11755,0.02917298475038407
11756,0.03351319779161878
11757,0.01905887103585622
11758,0.19261891940388423
11759,0.020087635824662727
11760,0.04745789009631421
11761,0.007175259428002455
11762,0.008751177655345692
11763,0.01346177710772205
11764,0.030780485817530966
11765,0.04984052447800471
11766,0.03442320552194181
11767,0.08947194223827042
11768,0.11814900486359144
11769,0.1304599102064437
11770,0.03815420464732657
11771,0.0030366655809304904
11772,0.09170112975799981
11773,0.0177089931839115
11774,0.045558756389648083
11775,0.1693881043585213
11776,0.015243922181313018
11777,0.014533722769115237
11778,0.13223793475615161
11779,0.021037423338759832
11780,0.03917919856498268
11781,0.08005023777735573
11782,0.028788568925791954
11783,0.08500338975657558
11784,0.1107019771677039
11785,0.03334847690201759
11786,0.1500150564729343
11787,0.013244165658760262
11788,0.017812443096750005
11789,0.027306445140837545
11790,0.009199072483490901
11791,0.04222411064523008
11792,0.07337353603933952
11793,0.12841801594833552
11794,0.041120448283070876
11795,0.03404196328711081
11796,0.010729993622127874
11797,0.04630364699062318
11798,0.021885820943523687
11799,0.021537195557279107
11800,0.05254096136509004
11801,0.013205032161952235
11802,0.1495877829264584
11803,0.045131975428910634
11804,0.014144161781968954
11805,0.03387481477237499
11806,0.14278083872060607
11807,0.01085541044623271
11808,0.2271466597313347
11809,0.0710416880204688
11810,0.00713300367605654
11811,0.05063016695275769
11812,0.006152420933646481
11813,0.026873269759843083
11814,0.0584214956093353
11815,0.08995664083318426
11816,0.044078343021216236
11817,0.016145897481535287
11818,0.02619587314515355
11819,0.007478813315558738
11820,0.015011768313113794
11821,0.20832034438228664
11822,0.018785009266339886
11823,0.030634786225876967
11824,0.030145141605303814
11825,0.03974133915070134
11826,0.015467125007596939
11827,0.026068771006442844
11828,0.060072200783675964
11829,0.020977008483412884
11830,0.019294851768796306
11831,0.018380824139894184
11832,0.0581385307020165
11833,0.02410736869698338
11834,0.047683010873414464
11835,0.02603181954944684
11836,0.057561786776470975
11837,0.007366267986491117
11838,0.012462684340066723
11839,0.033901638056595164
11840,0.03788933490254465
11841,0.014909750334197402
11842,0.006080753848760372
11843,0.015067066023842801
11844,0.01226055856214856
11845,0.05242836767236225
11846,0.0314657874149447
11847,0.02616796213199565
11848,0.045500024437376746
11849,0.06142635060147691
11850,0.008770292865855364
11851,0.10671239636535561
11852,0.02536526537030504
11853,0.01937082669488924
11854,0.008011360792723802
11855,0.03338542879269398
11856,0.055563958037647014
11857,0.02737775413076179
11858,0.1771482046952552
11859,0.07544142993019651
11860,0.03300202537048594
11861,0.013402422643398684
11862,0.025422605191471485
11863,0.017041035920601223
11864,0.0015285508141216276
11865,0.01628902215088757
11866,0.007653744461639733
11867,0.10839920170411108
11868,0.011624617802686435
11869,0.009570008669009922
11870,0.3445383617835536
11871,0.011776315194881568
11872,0.01392166665765683
11873,0.090885695023418
11874,0.03282547275865704
11875,0.01941108751377073
11876,0.01597569885873943
11877,0.005621673993122442
11878,0.023215745236341227
11879,0.13333219789242243
11880,0.13850337986125455
11881,0.03536130314286866
11882,0.028338176313660965
11883,0.011021438141398285
11884,0.0030856314250020563
11885,0.025518420828155197
11886,0.03229168166002828
11887,0.021458025707184566
11888,0.1432567413163857
11889,0.08533211229865109
11890,0.06570013667604144
11891,0.04523872049064125
11892,0.0055523530942832265
11893,0.01643992424401106
11894,0.015707650167275575
11895,0.024137254875865616
11896,0.026317589771832055
11897,0.07010830719202737
11898,0.0574733643797599
11899,0.05700781477378063
11900,0.0433603427080914
11901,0.022474581778991153
11902,0.03247833634635903
11903,0.01825110043984848
11904,0.016332944745954172
11905,0.047466780237541015
11906,0.03454886337880169
11907,0.009331215278126555
11908,0.011224397435433891
11909,0.02427155279055899
11910,0.026059574194933252
11911,0.06387871839146227
11912,0.019091682932709894
11913,0.0199352200217404
11914,0.02341468550833694
11915,0.02956313622434639
11916,0.02019703808159688
11917,0.04202158805590543
11918,0.038762822815185415
11919,0.08228411453981167
11920,0.12704259183715266
11921,0.02239800560241813
11922,0.006803869297051104
11923,0.04262557114912142
11924,0.0037582464699382943
11925,0.02441107132007637
11926,0.02417100062982048
11927,0.04556967601428536
11928,0.1614989574287513
11929,0.022130246023727446
11930,0.02984218912674249
11931,0.030180341066492592
11932,0.04850179002184615
11933,0.018259070214820854
11934,0.030894255899446298
11935,0.08376487303354711
11936,0.10933129453214131
11937,0.12735871794919026
11938,0.02213483525149088
11939,0.05044642374871748
11940,0.020795290709243918
11941,0.017599813150939645
11942,0.02938401383912611
11943,0.0182573762715013
11944,0.023488097883907714
11945,0.009060867560114996
11946,0.04784688520980638
11947,0.024097864507161282
11948,0.05265121085617
11949,0.03734399318812205
11950,0.01771101546539437
11951,0.02345201658538085
11952,0.10837312798594734
11953,0.06947023050002345
11954,0.04895390669631679
11955,0.2937743310449886
11956,0.02245509834410262
11957,0.03859912353105584
11958,0.026949908191207548
11959,0.008562767305102382
11960,0.054604997472376626
11961,0.04942057613463902
11962,0.017511264185413555
11963,0.22564859982138313
11964,0.01590758147668387
11965,0.07838212255078493
11966,0.012598922390592748
11967,0.015772911701733058
11968,0.031804139099918825
11969,0.016214567164039198
11970,0.09398557756072684
11971,0.0037353326254672
11972,0.010947790922085315
11973,0.004360973335157848
11974,0.023436025921066007
11975,0.049709351313260174
11976,0.10958518287448218
11977,0.01583752054233973
11978,0.061310159241452576
11979,0.07921582387629611
11980,0.11803750980213244
11981,0.11647819171343543
11982,0.09871589287683233
11983,0.0266494266883339
11984,0.023705682345564433
11985,0.009583381064119698
11986,0.050615644952541596
11987,0.031957069438666
11988,0.020044902680897557
11989,0.028457729424420274
11990,0.11555150956867855
11991,0.031211628510239713
11992,0.05850276234926663
11993,0.016084248900993615
11994,0.03243453787289801
11995,0.01500130540906055
11996,0.015037333304704043
11997,0.008560911338096507
11998,0.1024413791683373
11999,0.03108328450794362
12000,0.01780147500746434
12001,0.004885912706656679
12002,0.02929563108072459
12003,0.24350424510397997
12004,0.04637488252198817
12005,0.018340095681850237
12006,0.027079282912542735
12007,0.08537702021772797
12008,0.04522934972676939
12009,0.023420255918901865
12010,0.11939666531576458
12011,0.003751417907541129
12012,0.07295345203593676
12013,0.023473299599621193
12014,0.02515474502182645
12015,0.005140469737620188
12016,0.014433986405301616
12017,0.04793079492179578
12018,0.028172938715020045
12019,0.0904496207585896
12020,0.06657118813086567
12021,0.02434980768653121
12022,0.03143908641146783
12023,0.011016329451349645
12024,0.09070686172104553
12025,0.023960938110162134
12026,0.025676618721983967
12027,0.04308552269469333
12028,0.007521512628605766
12029,0.04360243406574881
12030,0.04291934414071875
12031,0.07841132416410511
12032,0.05471923414258675
12033,0.04264981162137707
12034,0.025765835877240215
12035,0.03841052029010841
12036,0.02351796324114516
12037,0.20277515998435192
12038,0.06461069122998923
12039,0.061845028895331985
12040,0.14692296304812208
12041,0.02717542889732532
12042,0.02653387311708679
12043,0.10854334993526278
12044,0.07841286487828414
12045,0.15965397235844242
12046,0.07491666625145517
12047,0.03582540985186875
12048,0.0444137342152663
12049,0.027075958476159363
12050,0.04301767804736701
12051,0.021593725701627244
12052,0.03310260876753597
12053,0.048441013735658574
12054,0.028567848562450593
12055,0.10323517028732619
12056,0.14953718643554167
12057,0.04235992772328455
12058,0.11110430556531666
12059,0.017107931677971953
12060,0.015491266870160317
12061,0.10608357166572774
12062,0.1089665074707132
12063,0.07651152946412093
12064,0.08473443809959652
12065,0.0518368428691479
12066,0.30929696797502154
12067,0.02351786208933221
12068,0.029556337532459447
12069,0.04017102212464254
12070,0.05510058706213553
12071,0.10010724870516036
12072,0.04080161419943074
12073,0.07286589293497074
12074,0.07919089818573792
12075,0.032898631194905416
12076,0.1263514711958141
12077,0.05267446267907112
12078,0.013767582581881429
12079,0.09950607824721047
12080,0.011308561490786323
12081,0.023192223395459264
12082,0.030120726155908262
12083,0.013987288621189175
12084,0.057198815480825914
12085,0.03623357920052346
12086,0.02607651115038575
12087,0.03172216788077489
12088,0.08236722455582499
12089,0.03161552809721768
12090,0.08610624258595519
12091,0.013516382870683215
12092,0.011440974754206792
12093,0.006612939344728815
12094,0.03478920440458972
12095,0.025393701864973167
12096,0.03254752864310954
12097,0.10209502143069764
12098,0.15426102230916713
12099,0.06533944138380443
12100,0.018423365106855195
12101,0.109801713346683
12102,0.004064774623528702
12103,0.013082067921056106
12104,0.010057850991059842
12105,0.05426132869326796
12106,0.03213025635024425
12107,0.01798062983483355
12108,0.01747085613643722
12109,0.022050675410675263
12110,0.3339190440121313
12111,0.01765022632200447
12112,0.010409323854519615
12113,0.04563592901097679
12114,0.10885933051995525
12115,0.03407363772173177
12116,0.016667743239881454
12117,0.05303940920311891
12118,0.031175710810454307
12119,0.025535051297861527
12120,0.05063550348111552
12121,0.029008582707316807
12122,0.003988065828705193
12123,0.18810819995831238
12124,0.06199520460552025
12125,0.049701500123502565
12126,0.04552053171827557
12127,0.04270684477027852
12128,0.01166656847251424
12129,0.06200188736932469
12130,0.02775441113297947
12131,0.030956881635042316
12132,0.020002618794444656
12133,0.08736459846218336
12134,0.026323585641371033
12135,0.008979705155744946
12136,0.03133880389949757
12137,0.048434105458113434
12138,0.041954778083592076
12139,0.008031371412245615
12140,0.19584990446367945
12141,0.007513591732272305
12142,0.011600607393443034
12143,0.06749981357174316
12144,0.024854111920637953
12145,0.01814046639571405
12146,0.014133501641144118
12147,0.2546348788377576
12148,0.05067382646875959
12149,0.03159807970521916
12150,0.015418536315680569
12151,0.08732712401304933
12152,0.004522301771574923
12153,0.02222566396829693
12154,0.05536688315266612
12155,0.0622033819473566
12156,0.06635491863162672
12157,0.1805995114129196
12158,0.04804746528148212
12159,0.05856527921370481
12160,0.06443036430598284
12161,0.05012728010302166
12162,0.07164392492916924
12163,0.0047487112068058945
12164,0.05056506997609697
12165,0.030698848745231603
12166,0.048984331883827614
12167,0.18590629370929732
12168,0.029202604149356826
12169,0.062204038616666874
12170,0.009996190537486618
12171,0.009665841374303598
12172,0.09434078647848451
12173,0.0908904848393011
12174,0.01329699940394136
12175,0.02024055275676162
12176,0.013166958766742913
12177,0.014883465823589449
12178,0.018326337295893374
12179,0.1495776236575067
12180,0.02025437850218249
12181,0.008083344767439759
12182,0.0372702023106061
12183,0.024014102194397605
12184,0.006680866539852212
12185,0.01752708056445992
12186,0.17566774524223983
12187,0.017053773411951644
12188,0.032309092572410235
12189,0.023214403545429273
12190,0.15632462440862982
12191,0.033527121609717415
12192,0.3259454972314532
12193,0.02831779579712208
12194,0.026652073651276344
12195,0.011278699274487932
12196,0.032246807107417355
12197,0.009131602114911343
12198,0.01817031886106028
12199,0.016914275196122184
12200,0.010904967341081165
12201,0.06387137023901938
12202,0.027350633138429822
12203,0.021687956823877346
12204,0.0070143423845873
12205,0.1438955225563872
12206,0.03769124117105285
12207,0.12278347242537006
12208,0.07718806898898792
12209,0.032055550667457196
12210,0.055359603763831505
12211,0.02137652059817668
12212,0.050418200082551975
12213,0.09082604777762505
12214,0.06604567870148845
12215,0.027401183579774502
12216,0.0923146543125445
12217,0.026615647276860263
12218,0.004188574170568978
12219,0.02524467062032029
12220,0.03594728935742152
12221,0.027834163247145174
12222,0.02482267813446735
12223,0.021701510308599813
12224,0.03672060511432433
12225,0.08915503729338
12226,0.023023140694752985
12227,0.04248298992240847
12228,0.08633237034102571
12229,0.02826047090696615
12230,0.09480708623589894
12231,0.07910698050464704
12232,0.0562460007698045
12233,0.039363769392734706
12234,0.03620448011750351
12235,0.007075359231985353
12236,0.032015504563690476
12237,0.021749526721351494
12238,0.06029669634544781
12239,0.06000078480574385
12240,0.023245716616362697
12241,0.05798185433185513
12242,0.1816986780667829
12243,0.046572372133506575
12244,0.020215302080247147
12245,0.1111564564542921
12246,0.0033133364546500013
12247,0.10540812696804418
12248,0.050387695021601515
12249,0.02878764550224919
12250,0.04312564443188538
12251,0.036311261330530385
12252,0.025625322761693572
12253,0.014406307873478373
12254,0.046561615771567304
12255,0.018453400122123487
12256,0.01776252023578249
12257,0.010380324596136263
12258,0.030532159408112637
12259,0.001803544420877245
12260,0.048094329351106614
12261,0.0668570498997327
12262,0.025282262599433503
12263,0.013062240564944587
12264,0.0016840528829697075
12265,0.13441342964543868
12266,0.08272771211558631
12267,0.0129900480392746
12268,0.005427228390601265
12269,0.05890281348945542
12270,0.08598408117978336
12271,0.026000762325182995
12272,0.03521111320228303
12273,0.08356651355740594
12274,0.03314550856541415
12275,0.031799029308844436
12276,0.06295589409241012
12277,0.03428908139751997
12278,0.09019162923008847
12279,0.010614502009003563
12280,0.031220404924988187
12281,0.029334243815859667
12282,0.027409197612697916
12283,0.32843644153680923
12284,0.06743000496710222
12285,0.014258410502204208
12286,0.02278855715227101
12287,0.19397452807750384
12288,0.08328422723942502
12289,0.04610716652338812
12290,0.012867358846457407
12291,0.015145302761139458
12292,0.06517232495229158
12293,0.10229066078178511
12294,0.08048952998244929
12295,0.05039622405678628
12296,0.28076497473430395
12297,0.04650649553109942
12298,0.13003242876473253
12299,0.07272341662655996
12300,0.028408467088316635
12301,0.050957771120474504
12302,0.03472905872297388
12303,0.060598114970521436
12304,0.12197528638314156
12305,0.09877888268482081
12306,0.04588577007675613
12307,0.024571711938243094
12308,0.00590990137618393
12309,0.008289984913460424
12310,0.05976946630200998
12311,0.025787003076624505
12312,0.03399224548511254
12313,0.011277417907915406
12314,0.02948651365123379
12315,0.012700438973098456
12316,0.036406790139317156
12317,0.02892852025786068
12318,0.032907441121851476
12319,0.02947028974161461
12320,0.04148618265437738
12321,0.025048076572028687
12322,0.028221341886005
12323,0.010841782744986655
12324,0.054192324211944476
12325,0.017150209650564713
12326,0.2894064679246684
12327,0.04917685410676616
12328,0.15364366469296975
12329,0.00959050739747137
12330,0.1723461531986129
12331,0.01752456084526006
12332,0.008726489038640546
12333,0.08449048855141969
12334,0.04707468654566194
12335,0.025929937405083783
12336,0.0350876499720544
12337,0.012704110986611863
12338,0.026598217047171906
12339,0.011914897484229562
12340,0.10800410744484555
12341,0.02363052761971911
12342,0.12355108596264952
12343,0.00580880411905993
12344,0.05398364089403979
12345,0.009093986012255655
12346,0.04466168285440778
12347,0.022397201101763475
12348,0.03887514647794086
12349,0.02619207653765808
12350,0.014485694935762435
12351,0.15603304380111702
12352,0.07474140668132155
12353,0.017216620204341695
12354,0.015722709367942192
12355,0.028203464478108314
12356,0.07788276493275784
12357,0.055857000091716694
12358,0.397171832506826
12359,0.008976083575590776
12360,0.02225408692270554
12361,0.12168000756596521
12362,0.014736031934827283
12363,0.028429772704351756
12364,0.027673247121457387
12365,0.006955953822430787
12366,0.006034014506570691
12367,0.13523035772285405
12368,0.02444183718727127
12369,0.044961775232754186
12370,0.059164786067620594
12371,0.03224197931536181
12372,0.10196069870238605
12373,0.10361303196091164
12374,0.13980226038663718
12375,0.06755595445984952
12376,0.01691456265480136
12377,0.024902900481893843
12378,0.006181300491694173
12379,0.023761395336512062
12380,0.05821984549598403
12381,0.07932544259965994
12382,0.023859881637345606
12383,0.04190319689967034
12384,0.028309532864378862
12385,0.012090381556611561
12386,0.034380852054373294
12387,0.00486391720264448
12388,0.05177804583067686
12389,0.02392355596886497
12390,0.1399672733317964
12391,0.014648434090242277
12392,0.02044913542421393
12393,0.022107923972229174
12394,0.02379370036759979
12395,0.027641566681504758
12396,0.010226756123133769
12397,0.04201516424556884
12398,0.02054193957151548
12399,0.03227427361970135
12400,0.12372387316528607
12401,0.022735580382720576
12402,0.029943016483083954
12403,0.047474993712273775
12404,0.04612239764994412
12405,0.014707391766914895
12406,0.02010076083551615
12407,0.01961445020385528
12408,0.14049910389503298
12409,0.03156277741537599
12410,0.003667737058426517
12411,0.019305469525653624
12412,0.09870102396527189
12413,0.02625758429106766
12414,0.09823418881042126
12415,0.024410722542155313
12416,0.07158606545147912
12417,0.22311679099888176
12418,0.05386372659262216
12419,0.031556722217509624
12420,0.10947466425808478
12421,0.023297265976736356
12422,0.0201972904519227
12423,0.4917184190268177
12424,0.08578932985833382
12425,0.04155958651029675
12426,0.039360063539124066
12427,0.021437098474127163
12428,0.03681098674759275
12429,0.10381850103891437
12430,0.05423506855246973
12431,0.013474483197978598
12432,0.036297741177463864
12433,0.007954829094727283
12434,0.09918883348725666
12435,0.09552313246604613
12436,0.030428418371889452
12437,0.015268913641983394
12438,0.04192452633418848
12439,0.05997224391181677
12440,0.007917979555434784
12441,0.02540074907714831
12442,0.025203581767604177
12443,0.011619136274958095
12444,0.02538448267069788
12445,0.03762954701208417
12446,0.02591687850426591
12447,0.05869816949563943
12448,0.04948130493158488
12449,0.0784410071955985
12450,0.050185976508279516
12451,0.03195921546525895
12452,0.013595332670548329
12453,0.05416287500239533
12454,0.0236432065750488
12455,0.03505237815285885
12456,0.11051637795811878
12457,0.03530053919885969
12458,0.025824166887300683
12459,0.03230898422318519
12460,0.03384548788793406
12461,0.08983042053879825
12462,0.026560268086685143
12463,0.054773988684640645
12464,0.025461006463134497
12465,0.038087219645224574
12466,0.230183718641871
12467,0.06255207074529792
12468,0.01580132484801599
12469,0.14275298406195353
12470,0.13662954875079852
12471,0.02030904227250396
12472,0.13097957778057118
12473,0.05967689271613041
12474,0.008491609859407688
12475,0.04778407651119009
12476,0.01650742754349584
12477,0.007261728749020817
12478,0.05615362693608863
12479,0.014708730946239423
12480,0.05449932872399401
12481,0.16221858621386342
12482,0.012287526866007079
12483,0.0011108473540194874
12484,0.02549748966529601
12485,0.302343870360703
12486,0.027443818252859947
12487,0.026864958112066472
12488,0.16587574899999433
12489,0.04228337025822563
12490,0.1023306777012328
12491,0.1909202653991595
12492,0.19581579418995587
12493,0.022116521039041097
12494,0.09640870143361402
12495,0.0676644321817602
12496,0.016351753278874573
12497,0.08314226759890109
12498,0.05640413417000553
12499,0.04135490102022229
12500,0.062841641260747
12501,0.025804952934442307
12502,0.025519716223948045
12503,0.015410587403804773
12504,0.004449308114034948
12505,0.03465603929540151
12506,0.029742315412644396
12507,0.02135426392176326
12508,0.024275012904576995
12509,0.012748514411294248
12510,0.20185031322374605
12511,0.027553908487503644
12512,0.03726980788551268
12513,0.025220535585254604
12514,0.03639416532137808
12515,0.08167788698371345
12516,0.022120822056262607
12517,0.08456804283562795
12518,0.23360864229430478
12519,0.08535456082080914
12520,0.1400449200773122
12521,0.009347802878485714
12522,0.026559643999985196
12523,0.04270698468134998
12524,0.016731084705938606
12525,0.010125081518198447
12526,0.116027454504104
12527,0.04821578513200706
12528,0.03938350021086924
12529,0.018547478282403197
12530,0.1418409651399074
12531,0.03129577466354855
12532,0.09737092203024808
12533,0.011266985861208395
12534,0.02544040470010057
12535,0.04292552923128894
12536,0.045769067289490935
12537,0.031108998682872677
12538,0.0470678265346202
12539,0.05339737499907308
12540,0.02300633741236002
12541,0.04867698309173318
12542,0.010943347910911448
12543,0.012783554930155558
12544,0.10079128536145122
12545,0.047503209619250836
12546,0.025591365809994392
12547,0.054002530218724656
12548,0.1167839934914949
12549,0.0364823711188613
12550,0.0170110863016073
12551,0.1035431546542024
12552,0.15018899131615188
12553,0.005889456959974419
12554,0.03319963860572918
12555,0.008112474942863665
12556,0.06532019920746598
12557,0.02887922651480737
12558,0.02618671964776937
12559,0.1342311100295905
12560,0.031108134783093967
12561,0.008436789978525207
12562,0.04826410081971324
12563,0.02147953923089802
12564,0.00976622640342819
12565,0.0531337838155343
12566,0.06936922875100456
12567,0.01030274317268533
12568,0.01529744464882901
12569,0.012541865529921278
12570,0.044049422137130145
12571,0.13928753666210572
12572,0.013006993916918683
12573,0.008862372704080017
12574,0.02238963329432482
12575,0.015303966830417948
12576,0.014540129376349412
12577,0.0517064622946061
12578,0.047397885375257506
12579,0.06801814615747033
12580,0.02317658803934603
12581,0.022199481658159836
12582,0.03269919990128403
12583,0.01692109886322095
12584,0.04210990974890759
12585,0.17089708333507067
12586,0.05811004124359045
12587,0.05468619136971654
12588,0.05972744090430973
12589,0.06468563617150254
12590,0.02709911745553796
12591,0.04584786022718929
12592,0.017715507338752722
12593,0.011998723835965239
12594,0.13197578463193868
12595,0.014909350321898177
12596,0.02880612523199852
12597,0.029168507191657464
12598,0.022979628176678157
12599,0.010485867679924822
12600,0.08890684323026866
12601,0.03164564116132392
12602,0.05280582811759033
12603,0.028155241733610725
12604,0.17020767230049652
12605,0.07660753928924072
12606,0.052680392611940664
12607,0.043041989967821624
12608,0.21330160016183322
12609,0.015929990823896702
12610,0.010300336846911224
12611,0.06793792283038744
12612,0.1509887783081401
12613,0.23485978506195174
12614,0.11057323448752053
12615,0.26885155031450414
12616,0.010435193369840723
12617,0.008694635451566363
12618,0.03967208433669498
12619,0.06792319693402292
12620,0.06585404692546633
12621,0.1891375155253334
12622,0.5913436897911446
12623,0.03084748883707775
12624,0.043974931283388176
12625,0.05326554850607148
12626,0.010946787848385143
12627,0.017203918123363214
12628,0.22167541105052185
12629,0.019175218673078653
12630,0.022779168722182098
12631,0.036056273345419894
12632,0.012156125135129937
12633,0.1605413988197701
12634,0.08132896411526622
12635,0.09030716824286247
12636,0.026439711066174047
12637,0.08571719180865622
12638,0.016178104371530142
12639,0.0297547654367933
12640,0.03238783982796087
12641,0.014170395843266554
12642,0.09790954540145565
12643,0.1063497990260395
12644,0.03192500269545658
12645,0.016561972176641102
12646,0.10717983748972197
12647,0.037350171526607606
12648,0.016609691034672035
12649,0.0011149305834215859
12650,0.02018024324678976
12651,0.013760745219116216
12652,0.0436201891693767
12653,0.05045278454956787
12654,0.05035239860682666
12655,0.02179192510727244
12656,0.12167239249611013
12657,0.059530782942159625
12658,0.43987136950255185
12659,0.016070791834382172
12660,0.013248653964311444
12661,0.06637644188057208
12662,0.035096963578267665
12663,0.07704430780340894
12664,0.04885184297541236
12665,0.010872543397228342
12666,0.009782070710373828
12667,0.1311272115674883
12668,0.3213420937863648
12669,0.035071531592695805
12670,0.041619571231399914
12671,0.04032040023719264
12672,0.01805491214803896
12673,0.12925792411159337
12674,0.024296358713694153
12675,0.04212212554280524
12676,0.010320324615341507
12677,0.012904441559552553
12678,0.04088364373894437
12679,0.11147239994196748
12680,0.059570787245861116
12681,0.052830728392391106
12682,0.010527732706633389
12683,0.2069331094442678
12684,0.03915155442754154
12685,0.0229194924613436
12686,0.009245401674169694
12687,0.006170152242266869
12688,0.009761058467420043
12689,0.05029960332058086
12690,0.018172632470870413
12691,0.051757858881740955
12692,0.08230609447693528
12693,0.01786938496434827
12694,0.13517634515522772
12695,0.2143678464519456
12696,0.019372653698883902
12697,0.02987675328393094
12698,0.009697966309134779
12699,0.02071307893770652
12700,0.008305271428500146
12701,0.024358344356862467
12702,0.015933144168376965
12703,0.018561436711178395
12704,0.028194302417334328
12705,0.055960594196538614
12706,0.043934859795543964
12707,0.025212422369745927
12708,0.02695753456417996
12709,0.19294020321152613
12710,0.020233759943930767
12711,0.03664027011206472
12712,0.1572453259669167
12713,0.008672405128831372
12714,0.01894166570774964
12715,0.05929020172610204
12716,0.0045348002417378245
12717,0.022588630121348867
12718,0.031779268928491484
12719,0.0644183046803373
12720,0.03600705993152813
12721,0.10711138646519784
12722,0.49965508246705054
12723,0.0342277133073882
12724,0.008788667060844564
12725,0.12231380617219133
12726,0.1204259589963491
12727,0.027748228527366484
12728,0.03593377609637653
12729,0.038353186040570406
12730,0.020174018811428003
12731,0.010185984374917788
12732,0.014704710701095431
12733,0.07861135305090264
12734,0.007627375904210341
12735,0.11528082710101283
12736,0.0062992754795255235
12737,0.009242936101959507
12738,0.027881388003463736
12739,0.0076262061763027284
12740,0.013043747453417751
12741,0.038030494255071046
12742,0.030282676223173773
12743,0.01026464086663544
12744,0.00812094645566853
12745,0.020556920397044667
12746,0.025039729919561615
12747,0.010867949197400533
12748,0.016524223921366227
12749,0.029436837382004737
12750,0.038336858049594184
12751,0.04974175864205893
12752,0.008098155179827938
12753,0.07321305312081063
12754,0.017244695725394475
12755,0.0110163242980834
12756,0.02630130422051108
12757,0.03375289646042029
12758,0.08283347072613502
12759,0.030475471417012092
12760,0.15825200963934125
12761,0.028801243135763682
12762,0.013106565190827268
12763,0.0089722587798133
12764,0.021938219801953516
12765,0.02815010134654251
12766,0.16951346494374003
12767,0.0076985132478046385
12768,0.02120398161090682
12769,0.035957350066199906
12770,0.018138778045549444
12771,0.0063476764211054535
12772,0.03247234054625561
12773,0.2672039380378729
12774,0.08023645492795
12775,0.07799001609647352
12776,0.04657372582426843
12777,0.014354301141486798
12778,0.04406287083509079
12779,0.016921615914154177
12780,0.022498022817295016
12781,0.03258054743207995
12782,0.29361188085917905
12783,0.006667494404728167
12784,0.02153832354710853
12785,0.010970245398212354
12786,0.03833498639922991
12787,0.044064700917908456
12788,0.037205401742339515
12789,0.04975581549927967
12790,0.03759180163871332
12791,0.0325679922700828
12792,0.00282108425626615
12793,0.015844973906734183
12794,0.019917523076369664
12795,0.005935084611500763
12796,0.05034427647774531
12797,0.014273120877888946
12798,0.19908647279255753
12799,0.01977719115902137
12800,0.00823403589585233
12801,0.009935262365298096
12802,0.021872916230933417
12803,0.14053907565950474
12804,0.01101414605079138
12805,0.018849785607461738
12806,0.22880013005203145
12807,0.08599423236138697
12808,0.04165605782874707
12809,0.01899317999565847
12810,0.0765381329863763
12811,0.028950955588766123
12812,0.0972610517872619
12813,0.011426112135667814
12814,0.05163870807793124
12815,0.010254333583848373
12816,0.005514226756400775
12817,0.01921760433232276
12818,0.012431059895195476
12819,0.019637817490826867
12820,0.021216488320921136
12821,0.017532147059541314
12822,0.17259558046139345
12823,0.07873485874563473
12824,0.11964181425775197
12825,0.030688297365246187
12826,0.014007533271299395
12827,0.024103765017646394
12828,0.007349837420080308
12829,0.018893289838893993
12830,0.011042627638719785
12831,0.061140369213733274
12832,0.028745169891387826
12833,0.05610905635590224
12834,0.006470089066581566
12835,0.04935313552974884
12836,0.04970682500748558
12837,0.006182783178668458
12838,0.010318959294867546
12839,0.032891526200552246
12840,0.05753992883247927
12841,0.026646198590767337
12842,0.006888317667385509
12843,0.19068391490893638
12844,0.01609615930202461
12845,0.047439420645908406
12846,0.009529124316092343
12847,0.040005435938930405
12848,0.07635294753425761
12849,0.05886310576854344
12850,0.031748612479377755
12851,0.03446829428973328
12852,0.04015979606948861
12853,0.00958591401362341
12854,0.33406336616586957
12855,0.18588848064835137
12856,0.019309323952417017
12857,0.11059730887164121
12858,0.02770683469254018
12859,0.053834387984532356
12860,0.036616378291156805
12861,0.02960233928716878
12862,0.21843288247046616
12863,0.01566796260953253
12864,0.04095781360076237
12865,0.016556460417836295
12866,0.2480819043109569
12867,0.050713497118949166
12868,0.041605504388900885
12869,0.09965011215017687
12870,0.024842688194198416
12871,0.14004396416947273
12872,0.028114792789745945
12873,0.16310060295137632
12874,0.014703136299161215
12875,0.020323985433227408
12876,0.015957343454323286
12877,0.0626372736840288
12878,0.13537366259852307
12879,0.012844069455035922
12880,0.007009401149700493
12881,0.028232838064468888
12882,0.00981085219534832
12883,0.008782962252181642
12884,0.009227492191900928
12885,0.10389284082329382
12886,0.017164740304870047
12887,0.018739395938592918
12888,0.03837525101461388
12889,0.024050188535517124
12890,0.017502120155610746
12891,0.04599172833354531
12892,0.005728768295107222
12893,0.036863992815424095
12894,0.07239965678771446
12895,0.006841823499556966
12896,0.03467745814723875
12897,0.04369962642876625
12898,0.02484435776621807
12899,0.04520797824570655
12900,0.030563046745516236
12901,0.17533220643782602
12902,0.19854671347774872
12903,0.021957282809646525
12904,0.028412440551560197
12905,0.04819008691862867
12906,0.0027319386370623037
12907,0.03920468435662819
12908,0.036899356964903055
12909,0.0060201736359789095
12910,0.015420483290482912
12911,0.09065297917972075
12912,0.054309815646195324
12913,0.011357377108259452
12914,0.006316137020743726
12915,0.2252261464063634
12916,0.05574610479611725
12917,0.15289240442894247
12918,0.046130660686678475
12919,0.018596308743689526
12920,0.019935461380238828
12921,0.027377801933953543
12922,0.01912062786404359
12923,0.03547120695947751
12924,0.043096997030604225
12925,0.031243719799084493
12926,0.045089897152462116
12927,0.05091715742717811
12928,0.05589754033495368
12929,0.0035910314514444684
12930,0.026536574142124663
12931,0.18914551055046588
12932,0.015084149887837718
12933,0.012518396069713974
12934,0.013864844223540588
12935,0.01673954402008503
12936,0.18542818345476084
12937,0.10249639683670264
12938,0.049811063760743214
12939,0.019897932939436463
12940,0.0748677943769649
12941,0.0055775462130734435
12942,0.09845894801681376
12943,0.007436052539870181
12944,0.039814056974072594
12945,0.021454458959681247
12946,0.17489497060898948
12947,0.037387713260840755
12948,0.013999040198798092
12949,0.011415714873814438
12950,0.09854883079041396
12951,0.019946975375518282
12952,0.04084775869080072
12953,0.17019072012115663
12954,0.05433060997388216
12955,0.03308332178842674
12956,0.0430377583202093
12957,0.01254455623100513
12958,0.018950998518731835
12959,0.09293094021666184
12960,0.011143994489081144
12961,0.04582070835508946
12962,0.0193303619020115
12963,0.07295334536111689
12964,0.14461731648063508
12965,0.04358146130295701
12966,0.008765021312182895
12967,0.02717503124310131
12968,0.06698160581669725
12969,0.056307487881178266
12970,0.024678160694355883
12971,0.03751882502602823
12972,0.1198673767894827
12973,0.040232433189665635
12974,0.020179687829336764
12975,0.021405956769949077
12976,0.019134084054316727
12977,0.18098467855730357
12978,0.03374827858816493
12979,0.028888722560244332
12980,0.004820698121264517
12981,0.003401288985060362
12982,0.0823541353093558
12983,0.06136972192718768
12984,0.014589543574336002
12985,0.009194705387271632
12986,0.017605713675933537
12987,0.024859654848367132
12988,0.06470918432742971
12989,0.13251590859484813
12990,0.07513041973123316
12991,0.02526507026616777
12992,0.010433144885600671
12993,0.014896438658404025
12994,0.0831032716260852
12995,0.09598472407520704
12996,0.01592781391484928
12997,0.03775372373469884
12998,0.035455329093239084
12999,0.06518681066707589
13000,0.00645806017694387
13001,0.0030972056475734645
13002,0.14759065193731657
13003,0.030311935010409633
13004,0.0441832143419077
13005,0.03520960561211361
13006,0.03687864736534129
13007,0.1485409693031235
13008,0.027798773361847152
13009,0.2489116115409157
13010,0.01993343071703349
13011,0.035423545392799016
13012,0.02984594526600475
13013,0.044172944183546795
13014,0.010607098231714083
13015,0.02655557120362174
13016,0.07315052521142427
13017,0.009145944620257765
13018,0.018129353077538584
13019,0.15437084256939043
13020,0.040768046837380265
13021,0.013786825515860192
13022,0.04688633397176211
13023,0.05340698577106483
13024,0.04448775438758604
13025,0.046046899220048676
13026,0.01606278131251023
13027,0.035780825130779424
13028,0.09078465232370846
13029,0.1581914970845167
13030,0.01941998353372716
13031,0.021937418748135356
13032,0.03611979867830348
13033,0.16000295037124593
13034,0.06028020690135712
13035,0.02030450167366122
13036,0.011800361714540781
13037,0.01641634077481446
13038,0.016223932945619447
13039,0.08185382186485136
13040,0.2422912388956168
13041,0.03522323294891009
13042,0.01661669204353785
13043,0.051893889018253814
13044,0.008088155969612237
13045,0.03469279403349243
13046,0.025489980174460473
13047,0.2925297368014342
13048,0.024316379011852525
13049,0.12062800750040721
13050,0.04878403297283884
13051,0.029553847174206012
13052,0.2785484627740317
13053,0.028842080583177266
13054,0.048241512499375964
13055,0.03261002612296535
13056,0.1263663135919777
13057,0.02772662895737541
13058,0.06538280466589429
13059,0.2748208211974349
13060,0.08682562282196825
13061,0.015890055160980965
13062,0.011893164090680555
13063,0.03461115334730552
13064,0.11590610034247703
13065,0.01633021968927958
13066,0.04295579070303058
13067,0.10251630282296993
13068,0.007951132531826069
13069,0.007689412357559046
13070,0.006002785620208268
13071,0.24466205893052972
13072,0.032962771544074544
13073,0.07092131788749076
13074,0.0699672970245054
13075,0.08088794600442435
13076,0.019620749338940365
13077,0.05006395509868344
13078,0.009704916121731464
13079,0.15945425589822682
13080,0.0396058085226517
13081,0.015548052961129407
13082,0.012820839640540184
13083,0.006845742124309464
13084,0.026480953958785868
13085,0.04493251001750839
13086,0.01408677737631471
13087,0.27229957662012017
13088,0.2676774100042313
13089,0.01666723490543436
13090,0.06917953641248095
13091,0.03648522972793515
13092,0.012317490400711005
13093,0.07146809391829081
13094,0.05773018783374434
13095,0.015367265434242869
13096,0.10293319281369995
13097,0.005658787263711011
13098,0.012806837151934968
13099,0.06376084873148355
13100,0.04790988802466076
13101,0.015456914843516958
13102,0.022256002586335994
13103,0.028283563672036743
13104,0.03280552469064108
13105,0.04062232244712668
13106,0.01968171407574884
13107,0.06150155624099406
13108,0.03631073664154208
13109,0.013338331473197487
13110,0.009439038463140027
13111,0.011498951082936639
13112,0.0255036994297528
13113,0.012917859876973274
13114,0.02090180012128171
13115,0.1152115886541926
13116,0.08551951020782227
13117,0.11525310365552087
13118,0.016177248122306434
13119,0.027687157116400612
13120,0.02150491167835978
13121,0.06862215895474146
13122,0.03354082919021146
13123,0.01791612931253723
13124,0.07001547942527549
13125,0.02205521572594047
13126,0.07564109207968271
13127,0.027310874148622797
13128,0.006697727941266272
13129,0.021599670616143894
13130,0.13009559550331246
13131,0.06869949571868328
13132,0.0510285363701736
13133,0.052709723740797784
13134,0.02708966740002948
13135,0.01321495996372369
13136,0.0343645143173193
13137,0.018433639055800668
13138,0.054380777757189046
13139,0.18210762176822518
13140,0.21337019872337323
13141,0.12814347083723363
13142,0.020863825711622437
13143,0.015739621909889225
13144,0.06875485604671286
13145,0.024168958239850356
13146,0.011898127182114892
13147,0.010008184356838734
13148,0.008838256492630201
13149,0.0456660932893038
13150,0.024070445502499788
13151,0.020834172306423402
13152,0.07144922955524366
13153,0.036236207170858015
13154,0.03439316397642678
13155,0.028108177232020012
13156,0.03525408617034173
13157,0.01813674851062762
13158,0.023456317203980837
13159,0.05054187908322709
13160,0.029727417816876437
13161,0.029012354338757353
13162,0.013428999875546669
13163,0.0668462307865921
13164,0.03686935022016873
13165,0.07947328451806551
13166,0.004689410773087686
13167,0.0035745350142800192
13168,0.014473875579650486
13169,0.016678561535330358
13170,0.0703769015401793
13171,0.04592877585416369
13172,0.015320104759746012
13173,0.17642585786714152
13174,0.055533760022558415
13175,0.0757133422043379
13176,0.05265492543675931
13177,0.027377164593706257
13178,0.008815450221136337
13179,0.10845068405763869
13180,0.11049630538837203
13181,0.023227254319402833
13182,0.04256772292352005
13183,0.07963296020896535
13184,0.015997747737921293
13185,0.027797758268791578
13186,0.13247173776083898
13187,0.02336094192730011
13188,0.03018838131655538
13189,0.015609826862342609
13190,0.06440209487722465
13191,0.025293696370502092
13192,0.028234801460327356
13193,0.02701757149856486
13194,0.013829469507973405
13195,0.026013240352846665
13196,0.06186570275653532
13197,0.012178530322894714
13198,0.021470807480907888
13199,0.09829873751940693
13200,0.02714620826888581
13201,0.047839345026234936
13202,0.11608297116948589
13203,0.010546411477274708
13204,0.010107848540302068
13205,0.06829800743252976
13206,0.02920719133939398
13207,0.05263391287556436
13208,0.009874553699626799
13209,0.024020109122713736
13210,0.13275152825870826
13211,0.02551913037467586
13212,0.03547511283790621
13213,0.04201162901867726
13214,0.026128257084112316
13215,0.015891866496602833
13216,0.0156252512079485
13217,0.005416907209370877
13218,0.009503925843953437
13219,0.1353349426710117
13220,0.04427710918024296
13221,0.06897381525186716
13222,0.01200174516179144
13223,0.030023764994271708
13224,0.17631222279755068
13225,0.027169148302495005
13226,0.02775008573276469
13227,0.019595866683504513
13228,0.015969232478509673
13229,0.009013458240535578
13230,0.10169122707280481
13231,0.04994230394963136
13232,0.01916952310462692
13233,0.24947488845611634
13234,0.011956318671604635
13235,0.0161861486350948
13236,0.03485923802861306
13237,0.05661469950585753
13238,0.3165573015629997
13239,0.041310251088104426
13240,0.1875953788725859
13241,0.02173058378660926
13242,0.06129166661739747
13243,0.022476172466422473
13244,0.02535342991384263
13245,0.024530685307486803
13246,0.08786029502873777
13247,0.04036819892650033
13248,0.021565390841508835
13249,0.2272680864060599
13250,0.02781395697255223
13251,0.037569783517715484
13252,0.012505948536348543
13253,0.0320818838174359
13254,0.07459659118772898
13255,0.01657910685139123
13256,0.025476521286218464
13257,0.031133159203457234
13258,0.009494356119490477
13259,0.043150994245142404
13260,0.1315839789089196
13261,0.01005089984301883
13262,0.016691301415030294
13263,0.06746239384170269
13264,0.04548461231719727
13265,0.027219244000881805
13266,0.1250542115866979
13267,0.0058231114032241205
13268,0.04577575192806328
13269,0.03853322853081987
13270,0.06516789040348386
13271,0.012755690962464565
13272,0.014282782642326757
13273,0.014072643696902996
13274,0.02957032328417993
13275,0.01342992209413549
13276,0.031294389405504136
13277,0.03820720453257995
13278,0.03318802669528616
13279,0.01564511067230636
13280,0.00912711398364691
13281,0.007711988764322619
13282,0.04977187548854591
13283,0.019940764920676184
13284,0.05628249909976297
13285,0.018498497194447794
13286,0.011975418534389074
13287,0.022146344270964517
13288,0.01286788645228976
13289,0.00763602305671057
13290,0.032856985419847044
13291,0.025807724897901594
13292,0.03629967855042381
13293,0.00950015665082128
13294,0.025614783643639193
13295,0.054278282534738716
13296,0.17445086979387114
13297,0.030833099637200167
13298,0.04569050123989251
13299,0.01870279859507654
13300,0.05418511050324419
13301,0.015069829919385143
13302,0.04582985786122909
13303,0.25317896040883175
13304,0.022270933745328264
13305,0.05260589110997504
13306,0.012718626145348563
13307,0.036897944799496145
13308,0.08963146438527002
13309,0.029661214494301945
13310,0.02170446182490362
13311,0.006687134112227781
13312,0.028502279292346656
13313,0.01699421558494922
13314,0.003521874400558247
13315,0.12367945870762818
13316,0.6384558210909191
13317,0.02801318733644088
13318,0.031579975139636916
13319,0.029430214288382897
13320,0.027753729296918536
13321,0.07523067238994173
13322,0.13580887562442484
13323,0.018687792333682902
13324,0.08138552884636498
13325,0.012980561343402952
13326,0.02315886073498814
13327,0.06909710334659827
13328,0.02670422305452376
13329,0.1953765837301249
13330,0.014253865362647167
13331,0.015834654623886668
13332,0.00655060454250888
13333,0.013275096265167256
13334,0.04114980957840508
13335,0.011587359174132799
13336,0.010159316064691015
13337,0.037969057624961465
13338,0.01755141071001767
13339,0.011045108165755723
13340,0.04673816134024043
13341,0.01508068346838437
13342,0.04176242095643961
13343,0.016036024736948023
13344,0.0753312201881359
13345,0.036592771467384065
13346,0.11325124822183741
13347,0.08744010069508529
13348,0.005321968106579112
13349,0.07319324271730132
13350,0.025860337163044325
13351,0.012854842490361153
13352,0.03419696219783796
13353,0.0316386824691392
13354,0.010040087640477284
13355,0.010466164135813631
13356,0.041489668431227374
13357,0.056272334645073946
13358,0.017748903987042677
13359,0.0684237317901898
13360,0.02611419098724156
13361,0.01713130520662011
13362,0.010990016373077477
13363,0.014957263829265394
13364,0.04370876904404303
13365,0.024957919243981202
13366,0.12493197731176643
13367,0.014988974873610847
13368,0.06352755187018853
13369,0.04919562293156824
13370,0.04965040297294584
13371,0.07889647610982213
13372,0.027236752096164274
13373,0.01772300210086465
13374,0.027185535953812786
13375,0.007054727050779553
13376,0.06813582427611571
13377,0.0219653281874138
13378,0.11658491761085764
13379,0.033580930729727725
13380,0.0611976183989481
13381,0.106144853792133
13382,0.08211504567664689
13383,0.010447536463936532
13384,0.005241690850439538
13385,0.0750379850251701
13386,0.01469577694059087
13387,0.04672711372833204
13388,0.025104608987949292
13389,0.09640275327837208
13390,0.08470715823291541
13391,0.1403252441219809
13392,0.10392734525861788
13393,0.2506043561153972
13394,0.03834208479889751
13395,0.00911490385433273
13396,0.09632006871866826
13397,0.00962760951602501
13398,0.040023307525826994
13399,0.08208605501873105
13400,0.10909232904272462
13401,0.05498371018817663
13402,0.04274193612680303
13403,0.004866932505544457
13404,0.03566080969163095
13405,0.03865748991931476
13406,0.0164953485102346
13407,0.014712201117986937
13408,0.11182497707033412
13409,0.029439410822257633
13410,0.018927737781366753
13411,0.027940449575366334
13412,0.018678783337180392
13413,0.017308832969374348
13414,0.023671242212989597
13415,0.22777131898072162
13416,0.0292312599946803
13417,0.03271364449880213
13418,0.12471843983329586
13419,0.1326293139471728
13420,0.05670069365021268
13421,0.016696053941871344
13422,0.03016297973811403
13423,0.013045026954880398
13424,0.20628511623588275
13425,0.046517414313710904
